[2026-03-06T06:51:26.415Z] Server running at http://localhost:8080/
[2026-03-06T06:51:26.423Z] Music directory: C:\Users\User\Music
[2026-03-06T06:51:26.545Z] Range: bytes=0-1023 -> Serving 1024 bytes for Get It Together_spotdown.org.mp3
[2026-03-06T06:51:26.549Z] Range: bytes=7580282-7580410 -> Serving 129 bytes for Get It Together_spotdown.org.mp3
[2026-03-06T06:51:27.059Z] Detected change in Get It Together_spotdown.org.mp3, notifying frontend...
[2026-03-06T06:51:27.787Z] Range: bytes=0-1023 -> Serving 1024 bytes for 8 Out Of 10_spotdown.org.mp3
[2026-03-06T06:51:27.789Z] Range: bytes=2939260-2939388 -> Serving 129 bytes for 8 Out Of 10_spotdown.org.mp3
[2026-03-06T06:51:32.590Z] Range: bytes=0-1023 -> Serving 1024 bytes for Get You (feat. Kali Uchis)_spotdown.org.mp3
[2026-03-06T06:51:32.601Z] Range: bytes=7640243-7640371 -> Serving 129 bytes for Get You (feat. Kali Uchis)_spotdown.org.mp3
[2026-03-06T06:51:33.123Z] Detected change in Get You (feat. Kali Uchis)_spotdown.org.mp3, notifying frontend...
[2026-03-06T06:51:33.808Z] Range: bytes=0-1023 -> Serving 1024 bytes for A Keeper_spotdown.org.mp3
[2026-03-06T06:51:33.811Z] Range: bytes=4759998-4760126 -> Serving 129 bytes for A Keeper_spotdown.org.mp3
[2026-03-06T06:51:38.626Z] Range: bytes=0-1023 -> Serving 1024 bytes for Girl With The Tattoo Enter.lewd_spotdown.org.mp3
[2026-03-06T06:51:38.628Z] Range: bytes=2829828-2829956 -> Serving 129 bytes for Girl With The Tattoo Enter.lewd_spotdown.org.mp3
[2026-03-06T06:51:39.131Z] Detected change in Girl With The Tattoo Enter.lewd_spotdown.org.mp3, notifying frontend...
[2026-03-06T06:51:39.825Z] Range: bytes=0-1023 -> Serving 1024 bytes for act ii_ date @ 8 (feat. Drake) - remix_spotdown.org.mp3
[2026-03-06T06:51:39.827Z] Range: bytes=6731275-6731403 -> Serving 129 bytes for act ii_ date @ 8 (feat. Drake) - remix_spotdown.org.mp3
[2026-03-06T06:51:44.649Z] Range: bytes=0-1023 -> Serving 1024 bytes for Girls Need Love (with Drake) - Remix_spotdown.org.mp3
[2026-03-06T06:51:44.651Z] Range: bytes=6393161-6393289 -> Serving 129 bytes for Girls Need Love (with Drake) - Remix_spotdown.org.mp3
[2026-03-06T06:51:45.158Z] Detected change in Girls Need Love (with Drake) - Remix_spotdown.org.mp3, notifying frontend...
[2026-03-06T06:51:45.851Z] Range: bytes=0-1023 -> Serving 1024 bytes for All I Want Is You (feat. J. Cole)_spotdown.org.mp3
[2026-03-06T06:51:45.853Z] Range: bytes=8639723-8639851 -> Serving 129 bytes for All I Want Is You (feat. J. Cole)_spotdown.org.mp3
[2026-03-06T06:51:50.675Z] Range: bytes=0-1023 -> Serving 1024 bytes for Girls Want Girls (with Lil Baby)_spotdown.org.mp3
[2026-03-06T06:51:50.676Z] Range: bytes=6524485-6524613 -> Serving 129 bytes for Girls Want Girls (with Lil Baby)_spotdown.org.mp3
[2026-03-06T06:51:51.868Z] Range: bytes=0-1023 -> Serving 1024 bytes for Another Late Night (feat. Lil Yachty)_spotdown.org.mp3
[2026-03-06T06:51:51.870Z] Range: bytes=4839235-4839363 -> Serving 129 bytes for Another Late Night (feat. Lil Yachty)_spotdown.org.mp3
[2026-03-06T06:51:52.495Z] Detected change in You Broke My Heart_spotdown.org.mp3, notifying frontend...
[2026-03-06T06:51:56.704Z] Range: bytes=0-1023 -> Serving 1024 bytes for Give You the World_spotdown.org.mp3
[2026-03-06T06:51:56.707Z] Range: bytes=6969154-6969282 -> Serving 129 bytes for Give You the World_spotdown.org.mp3
[2026-03-06T06:51:57.888Z] Range: bytes=0-1023 -> Serving 1024 bytes for Bahamas Promises_spotdown.org.mp3
[2026-03-06T06:51:57.891Z] Range: bytes=5410627-5410755 -> Serving 129 bytes for Bahamas Promises_spotdown.org.mp3
[2026-03-06T06:52:02.728Z] Range: bytes=0-1023 -> Serving 1024 bytes for God's Plan_spotdown.org.mp3
[2026-03-06T06:52:02.733Z] Range: bytes=6357433-6357561 -> Serving 129 bytes for God's Plan_spotdown.org.mp3
[2026-03-06T06:52:03.900Z] Range: bytes=0-1023 -> Serving 1024 bytes for Belong to the City_spotdown.org.mp3
[2026-03-06T06:52:03.902Z] Range: bytes=2818785-2818913 -> Serving 129 bytes for Belong to the City_spotdown.org.mp3
[2026-03-06T06:52:08.751Z] Range: bytes=0-1023 -> Serving 1024 bytes for Godspeed_spotdown.org.mp3
[2026-03-06T06:52:08.755Z] Range: bytes=5043904-5044032 -> Serving 129 bytes for Godspeed_spotdown.org.mp3
[2026-03-06T06:52:09.916Z] Range: bytes=0-1023 -> Serving 1024 bytes for Blessings_spotdown.org.mp3
[2026-03-06T06:52:09.919Z] Range: bytes=7408901-7409029 -> Serving 129 bytes for Blessings_spotdown.org.mp3
[2026-03-06T06:52:14.769Z] Range: bytes=0-1023 -> Serving 1024 bytes for Going Bad (feat. Drake)_spotdown.org.mp3
[2026-03-06T06:52:14.773Z] Range: bytes=5781220-5781348 -> Serving 129 bytes for Going Bad (feat. Drake)_spotdown.org.mp3
[2026-03-06T06:52:15.937Z] Range: bytes=0-1023 -> Serving 1024 bytes for Both (feat. Drake)_spotdown.org.mp3
[2026-03-06T06:52:15.939Z] Range: bytes=5810471-5810599 -> Serving 129 bytes for Both (feat. Drake)_spotdown.org.mp3
[2026-03-06T06:52:20.792Z] Range: bytes=0-1023 -> Serving 1024 bytes for GREECE (feat. Drake)_spotdown.org.mp3
[2026-03-06T06:52:20.797Z] Range: bytes=6040909-6041037 -> Serving 129 bytes for GREECE (feat. Drake)_spotdown.org.mp3
[2026-03-06T06:52:21.964Z] Range: bytes=0-1023 -> Serving 1024 bytes for Break from Toronto_spotdown.org.mp3
[2026-03-06T06:52:21.968Z] Range: bytes=2999595-2999723 -> Serving 129 bytes for Break from Toronto_spotdown.org.mp3
[2026-03-06T06:52:26.822Z] Range: bytes=0-1023 -> Serving 1024 bytes for Headlines_spotdown.org.mp3
[2026-03-06T06:52:26.825Z] Range: bytes=7072323-7072451 -> Serving 129 bytes for Headlines_spotdown.org.mp3
[2026-03-06T06:52:27.994Z] Range: bytes=0-1023 -> Serving 1024 bytes for C U Girl_spotdown.org.mp3
[2026-03-06T06:52:27.996Z] Range: bytes=3684122-3684250 -> Serving 129 bytes for C U Girl_spotdown.org.mp3
[2026-03-06T06:52:32.840Z] Range: bytes=0-1023 -> Serving 1024 bytes for Her Way_spotdown.org.mp3
[2026-03-06T06:52:32.842Z] Range: bytes=6429457-6429585 -> Serving 129 bytes for Her Way_spotdown.org.mp3
[2026-03-06T06:52:34.018Z] Range: bytes=0-1023 -> Serving 1024 bytes for Calling My Name_spotdown.org.mp3
[2026-03-06T06:52:34.020Z] Range: bytes=3648444-3648572 -> Serving 129 bytes for Calling My Name_spotdown.org.mp3
[2026-03-06T06:52:38.858Z] Range: bytes=0-1023 -> Serving 1024 bytes for Hold Me Down_spotdown.org.mp3
[2026-03-06T06:52:38.860Z] Range: bytes=6254602-6254730 -> Serving 129 bytes for Hold Me Down_spotdown.org.mp3
[2026-03-06T06:52:40.042Z] Range: bytes=0-1023 -> Serving 1024 bytes for Can’t Take A Joke_spotdown.org.mp3
[2026-03-06T06:52:40.045Z] Range: bytes=5324221-5324349 -> Serving 129 bytes for Can’t Take A Joke_spotdown.org.mp3
[2026-03-06T06:52:44.904Z] Range: bytes=0-1023 -> Serving 1024 bytes for Hold On, We're Going Home_spotdown.org.mp3
[2026-03-06T06:52:44.906Z] Range: bytes=6790347-6790475 -> Serving 129 bytes for Hold On, We're Going Home_spotdown.org.mp3
[2026-03-06T06:52:46.073Z] Range: bytes=0-1023 -> Serving 1024 bytes for Chanel_spotdown.org.mp3
[2026-03-06T06:52:46.076Z] Range: bytes=6040688-6040816 -> Serving 129 bytes for Chanel_spotdown.org.mp3
[2026-03-06T06:52:50.926Z] Range: bytes=0-1023 -> Serving 1024 bytes for Hotline Bling_spotdown.org.mp3
[2026-03-06T06:52:50.930Z] Range: bytes=3866148-3866276 -> Serving 129 bytes for Hotline Bling_spotdown.org.mp3
[2026-03-06T06:52:52.106Z] Range: bytes=0-1023 -> Serving 1024 bytes for coffee_spotdown.org.mp3
[2026-03-06T06:52:52.109Z] Range: bytes=9894520-9894648 -> Serving 129 bytes for coffee_spotdown.org.mp3
[2026-03-06T06:52:56.957Z] Range: bytes=0-1023 -> Serving 1024 bytes for I'M ON ONE (feat. Drake)_spotdown.org.mp3
[2026-03-06T06:52:56.959Z] Range: bytes=6950200-6950328 -> Serving 129 bytes for I'M ON ONE (feat. Drake)_spotdown.org.mp3
[2026-03-06T06:52:58.120Z] Range: bytes=0-1023 -> Serving 1024 bytes for Come and See Me (feat. Drake)_spotdown.org.mp3
[2026-03-06T06:52:58.122Z] Range: bytes=7276477-7276605 -> Serving 129 bytes for Come and See Me (feat. Drake)_spotdown.org.mp3
[2026-03-06T06:53:02.974Z] Range: bytes=0-1023 -> Serving 1024 bytes for I'm Upset_spotdown.org.mp3
[2026-03-06T06:53:02.977Z] Range: bytes=6293819-6293947 -> Serving 129 bytes for I'm Upset_spotdown.org.mp3
[2026-03-06T06:53:04.140Z] Range: bytes=0-1023 -> Serving 1024 bytes for Come Back to Earth_spotdown.org.mp3
[2026-03-06T06:53:04.144Z] Range: bytes=4707052-4707180 -> Serving 129 bytes for Come Back to Earth_spotdown.org.mp3
[2026-03-06T06:53:09.006Z] Range: bytes=0-1023 -> Serving 1024 bytes for IDGAF (feat. Yeat)_spotdown.org.mp3
[2026-03-06T06:53:09.008Z] Range: bytes=7378016-7378144 -> Serving 129 bytes for IDGAF (feat. Yeat)_spotdown.org.mp3
[2026-03-06T06:53:10.169Z] Range: bytes=0-1023 -> Serving 1024 bytes for Congratulations (feat. Bilal)_spotdown.org.mp3
[2026-03-06T06:53:10.171Z] Range: bytes=7275114-7275242 -> Serving 129 bytes for Congratulations (feat. Bilal)_spotdown.org.mp3
[2026-03-06T06:53:15.034Z] Range: bytes=0-1023 -> Serving 1024 bytes for In My Feelings_spotdown.org.mp3
[2026-03-06T06:53:15.037Z] Range: bytes=6004215-6004343 -> Serving 129 bytes for In My Feelings_spotdown.org.mp3
[2026-03-06T06:53:16.193Z] Range: bytes=0-1023 -> Serving 1024 bytes for Controlla_spotdown.org.mp3
[2026-03-06T06:53:16.196Z] Range: bytes=466086-466214 -> Serving 129 bytes for Controlla_spotdown.org.mp3
[2026-03-06T06:53:21.065Z] Range: bytes=0-1023 -> Serving 1024 bytes for In The Bible (with Lil Durk & Giveon)_spotdown.org.mp3
[2026-03-06T06:53:21.067Z] Range: bytes=8811152-8811280 -> Serving 129 bytes for In The Bible (with Lil Durk & Giveon)_spotdown.org.mp3
[2026-03-06T06:53:22.220Z] Range: bytes=0-1023 -> Serving 1024 bytes for Crew Love_spotdown.org.mp3
[2026-03-06T06:53:22.225Z] Range: bytes=5817656-5817784 -> Serving 129 bytes for Crew Love_spotdown.org.mp3
[2026-03-06T06:53:27.087Z] Range: bytes=0-1023 -> Serving 1024 bytes for Infrunami_spotdown.org.mp3
[2026-03-06T06:53:27.090Z] Range: bytes=4449858-4449986 -> Serving 129 bytes for Infrunami_spotdown.org.mp3
[2026-03-06T06:53:28.250Z] Range: bytes=0-1023 -> Serving 1024 bytes for CYANIDE_spotdown.org.mp3
[2026-03-06T06:53:28.254Z] Range: bytes=5592186-5592314 -> Serving 129 bytes for CYANIDE_spotdown.org.mp3
[2026-03-06T06:53:33.109Z] Range: bytes=0-1023 -> Serving 1024 bytes for Ivy_spotdown.org.mp3
[2026-03-06T06:53:33.112Z] Range: bytes=7533685-7533813 -> Serving 129 bytes for Ivy_spotdown.org.mp3
[2026-03-06T06:53:34.270Z] Range: bytes=0-1023 -> Serving 1024 bytes for Dark Red_spotdown.org.mp3
[2026-03-06T06:53:34.274Z] Range: bytes=4963719-4963847 -> Serving 129 bytes for Dark Red_spotdown.org.mp3
[2026-03-06T06:53:39.139Z] Range: bytes=0-1023 -> Serving 1024 bytes for Jaded_spotdown.org.mp3
[2026-03-06T06:53:39.142Z] Range: bytes=8448464-8448592 -> Serving 129 bytes for Jaded_spotdown.org.mp3
[2026-03-06T06:53:40.299Z] Range: bytes=0-1023 -> Serving 1024 bytes for Drama (feat. Drake)_spotdown.org.mp3
[2026-03-06T06:53:40.302Z] Range: bytes=7265013-7265141 -> Serving 129 bytes for Drama (feat. Drake)_spotdown.org.mp3
[2026-03-06T06:53:45.165Z] Range: bytes=0-1023 -> Serving 1024 bytes for Japanese Denim_spotdown.org.mp3
[2026-03-06T06:53:45.168Z] Range: bytes=7619790-7619918 -> Serving 129 bytes for Japanese Denim_spotdown.org.mp3
[2026-03-06T06:53:46.315Z] Range: bytes=0-1023 -> Serving 1024 bytes for Ela É do Tipo (feat. Drake) - Remix_spotdown.org.mp3
[2026-03-06T06:53:46.318Z] Range: bytes=5822010-5822138 -> Serving 129 bytes for Ela É do Tipo (feat. Drake) - Remix_spotdown.org.mp3
[2026-03-06T06:53:51.184Z] Range: bytes=0-1023 -> Serving 1024 bytes for Jimmy Cooks (feat. 21 Savage)_spotdown.org.mp3
[2026-03-06T06:53:51.186Z] Range: bytes=6590588-6590716 -> Serving 129 bytes for Jimmy Cooks (feat. 21 Savage)_spotdown.org.mp3
[2026-03-06T06:53:52.340Z] Range: bytes=0-1023 -> Serving 1024 bytes for Elevate_spotdown.org.mp3
[2026-03-06T06:53:52.345Z] Range: bytes=5531735-5531863 -> Serving 129 bytes for Elevate_spotdown.org.mp3
[2026-03-06T06:53:57.203Z] Range: bytes=0-1023 -> Serving 1024 bytes for Jumpman_spotdown.org.mp3
[2026-03-06T06:53:57.205Z] Range: bytes=6159467-6159595 -> Serving 129 bytes for Jumpman_spotdown.org.mp3
[2026-03-06T06:53:58.370Z] Range: bytes=0-1023 -> Serving 1024 bytes for Emotionless_spotdown.org.mp3
[2026-03-06T06:53:58.373Z] Range: bytes=7019717-7019845 -> Serving 129 bytes for Emotionless_spotdown.org.mp3
[2026-03-06T06:54:03.225Z] Range: bytes=0-1023 -> Serving 1024 bytes for Knife Talk (with 21 Savage ft. Project Pat)_spotdown.org.mp3
[2026-03-06T06:54:03.228Z] Range: bytes=7371250-7371378 -> Serving 129 bytes for Knife Talk (with 21 Savage ft. Project Pat)_spotdown.org.mp3
[2026-03-06T06:54:04.390Z] Range: bytes=0-1023 -> Serving 1024 bytes for Energy_spotdown.org.mp3
[2026-03-06T06:54:04.393Z] Range: bytes=4842910-4843038 -> Serving 129 bytes for Energy_spotdown.org.mp3
[2026-03-06T06:54:09.246Z] Range: bytes=0-1023 -> Serving 1024 bytes for Know Yourself_spotdown.org.mp3
[2026-03-06T06:54:09.249Z] Range: bytes=6816421-6816549 -> Serving 129 bytes for Know Yourself_spotdown.org.mp3
[2026-03-06T06:54:10.427Z] Range: bytes=0-1023 -> Serving 1024 bytes for Evergreen (You Didn’t Deserve Me At All)_spotdown.org.mp3
[2026-03-06T06:54:10.432Z] Range: bytes=6086025-6086153 -> Serving 129 bytes for Evergreen (You Didn’t Deserve Me At All)_spotdown.org.mp3
[2026-03-06T06:54:15.271Z] Range: bytes=0-1023 -> Serving 1024 bytes for Laugh Now Cry Later (feat. Lil Durk)_spotdown.org.mp3
[2026-03-06T06:54:15.274Z] Range: bytes=7313975-7314103 -> Serving 129 bytes for Laugh Now Cry Later (feat. Lil Durk)_spotdown.org.mp3
[2026-03-06T06:54:16.461Z] Range: bytes=0-1023 -> Serving 1024 bytes for Fair Trade (with Travis Scott)_spotdown.org.mp3
[2026-03-06T06:54:16.464Z] Range: bytes=8534605-8534733 -> Serving 129 bytes for Fair Trade (with Travis Scott)_spotdown.org.mp3
[2026-03-06T06:54:21.290Z] Range: bytes=0-1023 -> Serving 1024 bytes for Legend_spotdown.org.mp3
[2026-03-06T06:54:21.293Z] Range: bytes=7423289-7423417 -> Serving 129 bytes for Legend_spotdown.org.mp3
[2026-03-06T06:54:22.484Z] Range: bytes=0-1023 -> Serving 1024 bytes for Fake Love_spotdown.org.mp3
[2026-03-06T06:54:22.486Z] Range: bytes=6069277-6069405 -> Serving 129 bytes for Fake Love_spotdown.org.mp3
[2026-03-06T06:54:27.313Z] Range: bytes=0-1023 -> Serving 1024 bytes for Life Is Good (feat. Drake)_spotdown.org.mp3
[2026-03-06T06:54:27.316Z] Range: bytes=6962900-6963028 -> Serving 129 bytes for Life Is Good (feat. Drake)_spotdown.org.mp3
[2026-03-06T06:54:28.505Z] Range: bytes=0-1023 -> Serving 1024 bytes for Falling Back_spotdown.org.mp3
[2026-03-06T06:54:28.507Z] Range: bytes=8678156-8678284 -> Serving 129 bytes for Falling Back_spotdown.org.mp3
[2026-03-06T06:54:33.336Z] Range: bytes=0-1023 -> Serving 1024 bytes for Look Alive (feat. Drake)_spotdown.org.mp3
[2026-03-06T06:54:33.338Z] Range: bytes=5384505-5384633 -> Serving 129 bytes for Look Alive (feat. Drake)_spotdown.org.mp3
[2026-03-06T06:54:34.583Z] Range: bytes=0-1023 -> Serving 1024 bytes for Fancy_spotdown.org.mp3
[2026-03-06T06:54:34.590Z] Range: bytes=8759798-8759926 -> Serving 129 bytes for Fancy_spotdown.org.mp3
[2026-03-06T06:54:39.368Z] Range: bytes=0-1023 -> Serving 1024 bytes for Loose_spotdown.org.mp3
[2026-03-06T06:54:39.389Z] Range: bytes=4579606-4579734 -> Serving 129 bytes for Loose_spotdown.org.mp3
[2026-03-06T06:54:40.609Z] Range: bytes=0-1023 -> Serving 1024 bytes for Feel No Ways_spotdown.org.mp3
[2026-03-06T06:54:40.612Z] Range: bytes=488852-488980 -> Serving 129 bytes for Feel No Ways_spotdown.org.mp3
[2026-03-06T06:54:45.421Z] Range: bytes=0-1023 -> Serving 1024 bytes for Lost_spotdown.org.mp3
[2026-03-06T06:54:45.424Z] Range: bytes=6958074-6958202 -> Serving 129 bytes for Lost_spotdown.org.mp3
[2026-03-06T06:54:46.637Z] Range: bytes=0-1023 -> Serving 1024 bytes for First Person Shooter (feat. J. Cole)_spotdown.org.mp3
[2026-03-06T06:54:46.640Z] Range: bytes=7053518-7053646 -> Serving 129 bytes for First Person Shooter (feat. J. Cole)_spotdown.org.mp3
[2026-03-06T06:54:51.442Z] Range: bytes=0-1023 -> Serving 1024 bytes for Love Is Only a Feeling_spotdown.org.mp3
[2026-03-06T06:54:51.444Z] Range: bytes=3860145-3860273 -> Serving 129 bytes for Love Is Only a Feeling_spotdown.org.mp3
[2026-03-06T06:54:52.669Z] Range: bytes=0-1023 -> Serving 1024 bytes for For Free_spotdown.org.mp3
[2026-03-06T06:54:52.672Z] Range: bytes=5481472-5481600 -> Serving 129 bytes for For Free_spotdown.org.mp3
[2026-03-06T06:54:57.476Z] Range: bytes=0-1023 -> Serving 1024 bytes for LOVE. FEAT. ZACARI._spotdown.org.mp3
[2026-03-06T06:54:57.478Z] Range: bytes=5989775-5989903 -> Serving 129 bytes for LOVE. FEAT. ZACARI._spotdown.org.mp3
[2026-03-06T06:54:58.695Z] Range: bytes=0-1023 -> Serving 1024 bytes for Gently (feat. Bad Bunny)_spotdown.org.mp3
[2026-03-06T06:54:58.699Z] Range: bytes=3759832-3759960 -> Serving 129 bytes for Gently (feat. Bad Bunny)_spotdown.org.mp3
[2026-03-06T06:55:03.487Z] Range: bytes=0-1023 -> Serving 1024 bytes for Major Distribution_spotdown.org.mp3
[2026-03-06T06:55:03.488Z] Range: bytes=4365605-4365733 -> Serving 129 bytes for Major Distribution_spotdown.org.mp3
[2026-03-06T06:55:04.729Z] Range: bytes=0-1023 -> Serving 1024 bytes for Get It Together_spotdown.org.mp3
[2026-03-06T06:55:04.733Z] Range: bytes=7580282-7580410 -> Serving 129 bytes for Get It Together_spotdown.org.mp3
[2026-03-06T06:55:09.506Z] Range: bytes=0-1023 -> Serving 1024 bytes for Marvins Room_spotdown.org.mp3
[2026-03-06T06:55:09.509Z] Range: bytes=9286084-9286212 -> Serving 129 bytes for Marvins Room_spotdown.org.mp3
[2026-03-06T06:55:10.764Z] Range: bytes=0-1023 -> Serving 1024 bytes for Get You (feat. Kali Uchis)_spotdown.org.mp3
[2026-03-06T06:55:10.768Z] Range: bytes=7640243-7640371 -> Serving 129 bytes for Get You (feat. Kali Uchis)_spotdown.org.mp3
[2026-03-06T06:55:15.532Z] Range: bytes=0-1023 -> Serving 1024 bytes for Massive_spotdown.org.mp3
[2026-03-06T06:55:15.535Z] Range: bytes=9938064-9938192 -> Serving 129 bytes for Massive_spotdown.org.mp3
[2026-03-06T06:55:16.788Z] Range: bytes=0-1023 -> Serving 1024 bytes for Girl With The Tattoo Enter.lewd_spotdown.org.mp3
[2026-03-06T06:55:16.791Z] Range: bytes=2829828-2829956 -> Serving 129 bytes for Girl With The Tattoo Enter.lewd_spotdown.org.mp3
[2026-03-06T06:55:21.562Z] Range: bytes=0-1023 -> Serving 1024 bytes for MELTDOWN (feat. Drake)_spotdown.org.mp3
[2026-03-06T06:55:21.565Z] Range: bytes=7095525-7095653 -> Serving 129 bytes for MELTDOWN (feat. Drake)_spotdown.org.mp3
[2026-03-06T06:55:22.812Z] Range: bytes=0-1023 -> Serving 1024 bytes for Girls Need Love (with Drake) - Remix_spotdown.org.mp3
[2026-03-06T06:55:22.814Z] Range: bytes=6393161-6393289 -> Serving 129 bytes for Girls Need Love (with Drake) - Remix_spotdown.org.mp3
[2026-03-06T06:55:27.583Z] Range: bytes=0-1023 -> Serving 1024 bytes for MIA (feat. Drake)_spotdown.org.mp3
[2026-03-06T06:55:27.586Z] Range: bytes=6194048-6194176 -> Serving 129 bytes for MIA (feat. Drake)_spotdown.org.mp3
[2026-03-06T06:55:28.837Z] Range: bytes=0-1023 -> Serving 1024 bytes for Girls Want Girls (with Lil Baby)_spotdown.org.mp3
[2026-03-06T06:55:28.840Z] Range: bytes=6524485-6524613 -> Serving 129 bytes for Girls Want Girls (with Lil Baby)_spotdown.org.mp3
[2026-03-06T06:55:33.601Z] Range: bytes=0-1023 -> Serving 1024 bytes for Middle of the Ocean_spotdown.org.mp3
[2026-03-06T06:55:33.605Z] Range: bytes=5536043-5536171 -> Serving 129 bytes for Middle of the Ocean_spotdown.org.mp3
[2026-03-06T06:55:34.863Z] Range: bytes=0-1023 -> Serving 1024 bytes for Give You the World_spotdown.org.mp3
[2026-03-06T06:55:34.867Z] Range: bytes=6969154-6969282 -> Serving 129 bytes for Give You the World_spotdown.org.mp3
[2026-03-06T06:55:39.622Z] Range: bytes=0-1023 -> Serving 1024 bytes for Mob Ties_spotdown.org.mp3
[2026-03-06T06:55:39.624Z] Range: bytes=5722529-5722657 -> Serving 129 bytes for Mob Ties_spotdown.org.mp3
[2026-03-06T06:55:40.883Z] Range: bytes=0-1023 -> Serving 1024 bytes for God's Plan_spotdown.org.mp3
[2026-03-06T06:55:40.885Z] Range: bytes=6357433-6357561 -> Serving 129 bytes for God's Plan_spotdown.org.mp3
[2026-03-06T06:55:45.652Z] Range: bytes=0-1023 -> Serving 1024 bytes for Money In The Grave (Drake ft. Rick Ross)_spotdown.org.mp3
[2026-03-06T06:55:45.655Z] Range: bytes=6132187-6132315 -> Serving 129 bytes for Money In The Grave (Drake ft. Rick Ross)_spotdown.org.mp3
[2026-03-06T06:55:46.897Z] Range: bytes=0-1023 -> Serving 1024 bytes for Godspeed_spotdown.org.mp3
[2026-03-06T06:55:46.900Z] Range: bytes=5043904-5044032 -> Serving 129 bytes for Godspeed_spotdown.org.mp3
[2026-03-06T06:55:51.667Z] Range: bytes=0-1023 -> Serving 1024 bytes for Mr. Right Now (feat. Drake)_spotdown.org.mp3
[2026-03-06T06:55:51.670Z] Range: bytes=6585681-6585809 -> Serving 129 bytes for Mr. Right Now (feat. Drake)_spotdown.org.mp3
[2026-03-06T06:55:52.925Z] Range: bytes=0-1023 -> Serving 1024 bytes for Going Bad (feat. Drake)_spotdown.org.mp3
[2026-03-06T06:55:52.927Z] Range: bytes=5781220-5781348 -> Serving 129 bytes for Going Bad (feat. Drake)_spotdown.org.mp3
[2026-03-06T06:55:57.687Z] Range: bytes=0-1023 -> Serving 1024 bytes for My Way (feat. Monty)_spotdown.org.mp3
[2026-03-06T06:55:57.689Z] Range: bytes=6429737-6429865 -> Serving 129 bytes for My Way (feat. Monty)_spotdown.org.mp3
[2026-03-06T06:55:58.944Z] Range: bytes=0-1023 -> Serving 1024 bytes for GREECE (feat. Drake)_spotdown.org.mp3
[2026-03-06T06:55:58.947Z] Range: bytes=6040909-6041037 -> Serving 129 bytes for GREECE (feat. Drake)_spotdown.org.mp3
[2026-03-06T06:56:03.713Z] Range: bytes=0-1023 -> Serving 1024 bytes for N Side_spotdown.org.mp3
[2026-03-06T06:56:03.715Z] Range: bytes=7446338-7446466 -> Serving 129 bytes for N Side_spotdown.org.mp3
[2026-03-06T06:56:04.966Z] Range: bytes=0-1023 -> Serving 1024 bytes for Headlines_spotdown.org.mp3
[2026-03-06T06:56:04.970Z] Range: bytes=7072323-7072451 -> Serving 129 bytes for Headlines_spotdown.org.mp3
[2026-03-06T06:56:09.738Z] Range: bytes=0-1023 -> Serving 1024 bytes for Needle (feat. Drake)_spotdown.org.mp3
[2026-03-06T06:56:09.740Z] Range: bytes=7204589-7204717 -> Serving 129 bytes for Needle (feat. Drake)_spotdown.org.mp3
[2026-03-06T06:56:10.990Z] Range: bytes=0-1023 -> Serving 1024 bytes for Her Way_spotdown.org.mp3
[2026-03-06T06:56:10.992Z] Range: bytes=6429457-6429585 -> Serving 129 bytes for Her Way_spotdown.org.mp3
[2026-03-06T06:56:15.759Z] Range: bytes=0-1023 -> Serving 1024 bytes for Nice For What_spotdown.org.mp3
[2026-03-06T06:56:15.762Z] Range: bytes=5995567-5995695 -> Serving 129 bytes for Nice For What_spotdown.org.mp3
[2026-03-06T06:56:17.041Z] Range: bytes=0-1023 -> Serving 1024 bytes for Hold Me Down_spotdown.org.mp3
[2026-03-06T06:56:17.044Z] Range: bytes=6254602-6254730 -> Serving 129 bytes for Hold Me Down_spotdown.org.mp3
[2026-03-06T06:56:21.790Z] Range: bytes=0-1023 -> Serving 1024 bytes for Nights_spotdown.org.mp3
[2026-03-06T06:56:21.792Z] Range: bytes=8998451-8998579 -> Serving 129 bytes for Nights_spotdown.org.mp3
[2026-03-06T06:56:23.071Z] Range: bytes=0-1023 -> Serving 1024 bytes for Hold On, We're Going Home_spotdown.org.mp3
[2026-03-06T06:56:23.074Z] Range: bytes=6790347-6790475 -> Serving 129 bytes for Hold On, We're Going Home_spotdown.org.mp3
[2026-03-06T06:56:27.806Z] Range: bytes=0-1023 -> Serving 1024 bytes for No Guidance (feat. Drake)_spotdown.org.mp3
[2026-03-06T06:56:27.808Z] Range: bytes=7199968-7200096 -> Serving 129 bytes for No Guidance (feat. Drake)_spotdown.org.mp3
[2026-03-06T06:56:29.095Z] Range: bytes=0-1023 -> Serving 1024 bytes for Hotline Bling_spotdown.org.mp3
[2026-03-06T06:56:29.098Z] Range: bytes=3866148-3866276 -> Serving 129 bytes for Hotline Bling_spotdown.org.mp3
[2026-03-06T06:56:33.832Z] Range: bytes=0-1023 -> Serving 1024 bytes for Nonstop_spotdown.org.mp3
[2026-03-06T06:56:33.838Z] Range: bytes=6712667-6712795 -> Serving 129 bytes for Nonstop_spotdown.org.mp3
[2026-03-06T06:56:35.117Z] Range: bytes=0-1023 -> Serving 1024 bytes for I'M ON ONE (feat. Drake)_spotdown.org.mp3
[2026-03-06T06:56:35.121Z] Range: bytes=6950200-6950328 -> Serving 129 bytes for I'M ON ONE (feat. Drake)_spotdown.org.mp3
[2026-03-06T06:56:39.871Z] Range: bytes=0-1023 -> Serving 1024 bytes for Not You Too (feat. Chris Brown)_spotdown.org.mp3
[2026-03-06T06:56:39.876Z] Range: bytes=7665210-7665338 -> Serving 129 bytes for Not You Too (feat. Chris Brown)_spotdown.org.mp3
[2026-03-06T06:56:41.142Z] Range: bytes=0-1023 -> Serving 1024 bytes for I'm Upset_spotdown.org.mp3
[2026-03-06T06:56:41.146Z] Range: bytes=6293819-6293947 -> Serving 129 bytes for I'm Upset_spotdown.org.mp3
[2026-03-06T06:56:45.896Z] Range: bytes=0-1023 -> Serving 1024 bytes for Omertà_spotdown.org.mp3
[2026-03-06T06:56:45.908Z] Range: bytes=6524785-6524913 -> Serving 129 bytes for Omertà_spotdown.org.mp3
[2026-03-06T06:56:47.159Z] Range: bytes=0-1023 -> Serving 1024 bytes for IDGAF (feat. Yeat)_spotdown.org.mp3
[2026-03-06T06:56:47.163Z] Range: bytes=7378016-7378144 -> Serving 129 bytes for IDGAF (feat. Yeat)_spotdown.org.mp3
[2026-03-06T06:56:51.917Z] Range: bytes=0-1023 -> Serving 1024 bytes for On BS_spotdown.org.mp3
[2026-03-06T06:56:51.919Z] Range: bytes=7266820-7266948 -> Serving 129 bytes for On BS_spotdown.org.mp3
[2026-03-06T06:56:53.186Z] Range: bytes=0-1023 -> Serving 1024 bytes for In My Feelings_spotdown.org.mp3
[2026-03-06T06:56:53.188Z] Range: bytes=6004215-6004343 -> Serving 129 bytes for In My Feelings_spotdown.org.mp3
[2026-03-06T06:56:57.940Z] Range: bytes=0-1023 -> Serving 1024 bytes for One Dance_spotdown.org.mp3
[2026-03-06T06:56:57.943Z] Range: bytes=121250-121378 -> Serving 129 bytes for One Dance_spotdown.org.mp3
[2026-03-06T06:56:59.201Z] Range: bytes=0-1023 -> Serving 1024 bytes for In The Bible (with Lil Durk & Giveon)_spotdown.org.mp3
[2026-03-06T06:56:59.203Z] Range: bytes=8811152-8811280 -> Serving 129 bytes for In The Bible (with Lil Durk & Giveon)_spotdown.org.mp3
[2026-03-06T06:57:03.964Z] Range: bytes=0-1023 -> Serving 1024 bytes for One Night Only_spotdown.org.mp3
[2026-03-06T06:57:03.966Z] Range: bytes=5993211-5993339 -> Serving 129 bytes for One Night Only_spotdown.org.mp3
[2026-03-06T06:57:05.221Z] Range: bytes=0-1023 -> Serving 1024 bytes for Infrunami_spotdown.org.mp3
[2026-03-06T06:57:05.224Z] Range: bytes=4449858-4449986 -> Serving 129 bytes for Infrunami_spotdown.org.mp3
[2026-03-06T06:57:09.977Z] Range: bytes=0-1023 -> Serving 1024 bytes for Passionfruit_spotdown.org.mp3
[2026-03-06T06:57:09.979Z] Range: bytes=8894277-8894405 -> Serving 129 bytes for Passionfruit_spotdown.org.mp3
[2026-03-06T06:57:11.244Z] Range: bytes=0-1023 -> Serving 1024 bytes for Ivy_spotdown.org.mp3
[2026-03-06T06:57:11.247Z] Range: bytes=7533685-7533813 -> Serving 129 bytes for Ivy_spotdown.org.mp3
[2026-03-06T06:57:16.002Z] Range: bytes=0-1023 -> Serving 1024 bytes for Peak_spotdown.org.mp3
[2026-03-06T06:57:16.004Z] Range: bytes=6251988-6252116 -> Serving 129 bytes for Peak_spotdown.org.mp3
[2026-03-06T06:57:17.264Z] Range: bytes=0-1023 -> Serving 1024 bytes for Jaded_spotdown.org.mp3
[2026-03-06T06:57:17.266Z] Range: bytes=8448464-8448592 -> Serving 129 bytes for Jaded_spotdown.org.mp3
[2026-03-06T06:57:22.030Z] Range: bytes=0-1023 -> Serving 1024 bytes for Pink + White_spotdown.org.mp3
[2026-03-06T06:57:22.033Z] Range: bytes=5568324-5568452 -> Serving 129 bytes for Pink + White_spotdown.org.mp3
[2026-03-06T06:57:23.278Z] Range: bytes=0-1023 -> Serving 1024 bytes for Japanese Denim_spotdown.org.mp3
[2026-03-06T06:57:23.280Z] Range: bytes=7619790-7619918 -> Serving 129 bytes for Japanese Denim_spotdown.org.mp3
[2026-03-06T06:57:28.049Z] Range: bytes=0-1023 -> Serving 1024 bytes for Pink Matter_spotdown.org.mp3
[2026-03-06T06:57:28.051Z] Range: bytes=7174002-7174130 -> Serving 129 bytes for Pink Matter_spotdown.org.mp3
[2026-03-06T06:57:29.295Z] Range: bytes=0-1023 -> Serving 1024 bytes for Jimmy Cooks (feat. 21 Savage)_spotdown.org.mp3
[2026-03-06T06:57:29.298Z] Range: bytes=6590588-6590716 -> Serving 129 bytes for Jimmy Cooks (feat. 21 Savage)_spotdown.org.mp3
[2026-03-06T06:57:34.067Z] Range: bytes=0-1023 -> Serving 1024 bytes for POPSTAR (feat. Drake)_spotdown.org.mp3
[2026-03-06T06:57:34.069Z] Range: bytes=5036815-5036943 -> Serving 129 bytes for POPSTAR (feat. Drake)_spotdown.org.mp3
[2026-03-06T06:57:35.311Z] Range: bytes=0-1023 -> Serving 1024 bytes for Jumpman_spotdown.org.mp3
[2026-03-06T06:57:35.314Z] Range: bytes=6159467-6159595 -> Serving 129 bytes for Jumpman_spotdown.org.mp3
[2026-03-06T06:57:40.084Z] Range: bytes=0-1023 -> Serving 1024 bytes for Push Ups_spotdown.org.mp3
[2026-03-06T06:57:40.089Z] Range: bytes=6396747-6396875 -> Serving 129 bytes for Push Ups_spotdown.org.mp3
[2026-03-06T06:57:41.335Z] Range: bytes=0-1023 -> Serving 1024 bytes for Knife Talk (with 21 Savage ft. Project Pat)_spotdown.org.mp3
[2026-03-06T06:57:41.338Z] Range: bytes=7371250-7371378 -> Serving 129 bytes for Knife Talk (with 21 Savage ft. Project Pat)_spotdown.org.mp3
[2026-03-06T06:57:46.109Z] Range: bytes=0-1023 -> Serving 1024 bytes for Pussy & Millions (feat. Travis Scott)_spotdown.org.mp3
[2026-03-06T06:57:46.112Z] Range: bytes=2160278-2160406 -> Serving 129 bytes for Pussy & Millions (feat. Travis Scott)_spotdown.org.mp3
[2026-03-06T06:57:47.362Z] Range: bytes=0-1023 -> Serving 1024 bytes for Know Yourself_spotdown.org.mp3
[2026-03-06T06:57:47.364Z] Range: bytes=6816421-6816549 -> Serving 129 bytes for Know Yourself_spotdown.org.mp3
[2026-03-06T06:57:52.135Z] Range: bytes=0-1023 -> Serving 1024 bytes for Recognize (feat. Drake)_spotdown.org (1).mp3
[2026-03-06T06:57:52.137Z] Range: bytes=9251871-9251999 -> Serving 129 bytes for Recognize (feat. Drake)_spotdown.org (1).mp3
[2026-03-06T06:57:53.384Z] Range: bytes=0-1023 -> Serving 1024 bytes for Laugh Now Cry Later (feat. Lil Durk)_spotdown.org.mp3
[2026-03-06T06:57:53.388Z] Range: bytes=7313975-7314103 -> Serving 129 bytes for Laugh Now Cry Later (feat. Lil Durk)_spotdown.org.mp3
[2026-03-06T06:57:58.164Z] Range: bytes=0-1023 -> Serving 1024 bytes for Recognize (feat. Drake)_spotdown.org.mp3
[2026-03-06T06:57:58.168Z] Range: bytes=9223868-9223996 -> Serving 129 bytes for Recognize (feat. Drake)_spotdown.org.mp3
[2026-03-06T06:57:59.412Z] Range: bytes=0-1023 -> Serving 1024 bytes for Legend_spotdown.org.mp3
[2026-03-06T06:57:59.420Z] Range: bytes=7423289-7423417 -> Serving 129 bytes for Legend_spotdown.org.mp3
[2026-03-06T06:58:04.181Z] Range: bytes=0-1023 -> Serving 1024 bytes for Rich Baby Daddy (feat. Sexyy Red & SZA)_spotdown.org.mp3
[2026-03-06T06:58:04.185Z] Range: bytes=9544906-9545034 -> Serving 129 bytes for Rich Baby Daddy (feat. Sexyy Red & SZA)_spotdown.org.mp3
[2026-03-06T06:58:05.443Z] Range: bytes=0-1023 -> Serving 1024 bytes for Life Is Good (feat. Drake)_spotdown.org.mp3
[2026-03-06T06:58:05.446Z] Range: bytes=6962900-6963028 -> Serving 129 bytes for Life Is Good (feat. Drake)_spotdown.org.mp3
[2026-03-06T06:58:10.203Z] Range: bytes=0-1023 -> Serving 1024 bytes for Rich Flex_spotdown.org.mp3
[2026-03-06T06:58:10.206Z] Range: bytes=6970132-6970260 -> Serving 129 bytes for Rich Flex_spotdown.org.mp3
[2026-03-06T06:58:11.468Z] Range: bytes=0-1023 -> Serving 1024 bytes for Look Alive (feat. Drake)_spotdown.org.mp3
[2026-03-06T06:58:11.472Z] Range: bytes=5384505-5384633 -> Serving 129 bytes for Look Alive (feat. Drake)_spotdown.org.mp3
[2026-03-06T06:58:16.223Z] Range: bytes=0-1023 -> Serving 1024 bytes for Sativa_spotdown.org.mp3
[2026-03-06T06:58:16.226Z] Range: bytes=8435046-8435174 -> Serving 129 bytes for Sativa_spotdown.org.mp3
[2026-03-06T06:58:17.492Z] Range: bytes=0-1023 -> Serving 1024 bytes for Loose_spotdown.org.mp3
[2026-03-06T06:58:17.494Z] Range: bytes=4579606-4579734 -> Serving 129 bytes for Loose_spotdown.org.mp3
[2026-03-06T06:58:22.248Z] Range: bytes=0-1023 -> Serving 1024 bytes for Search & Rescue_spotdown.org.mp3
[2026-03-06T06:58:22.251Z] Range: bytes=7666337-7666465 -> Serving 129 bytes for Search & Rescue_spotdown.org.mp3
[2026-03-06T06:58:23.508Z] Range: bytes=0-1023 -> Serving 1024 bytes for Lost_spotdown.org.mp3
[2026-03-06T06:58:23.512Z] Range: bytes=6958074-6958202 -> Serving 129 bytes for Lost_spotdown.org.mp3
[2026-03-06T06:58:28.269Z] Range: bytes=0-1023 -> Serving 1024 bytes for Self Control_spotdown.org.mp3
[2026-03-06T06:58:28.272Z] Range: bytes=6616223-6616351 -> Serving 129 bytes for Self Control_spotdown.org.mp3
[2026-03-06T06:58:29.529Z] Range: bytes=0-1023 -> Serving 1024 bytes for Love Is Only a Feeling_spotdown.org.mp3
[2026-03-06T06:58:29.535Z] Range: bytes=3860145-3860273 -> Serving 129 bytes for Love Is Only a Feeling_spotdown.org.mp3
[2026-03-06T06:58:34.305Z] Range: bytes=0-1023 -> Serving 1024 bytes for She_spotdown.org.mp3
[2026-03-06T06:58:34.309Z] Range: bytes=7372052-7372180 -> Serving 129 bytes for She_spotdown.org.mp3
[2026-03-06T06:58:35.547Z] Range: bytes=0-1023 -> Serving 1024 bytes for LOVE. FEAT. ZACARI._spotdown.org.mp3
[2026-03-06T06:58:35.549Z] Range: bytes=5989775-5989903 -> Serving 129 bytes for LOVE. FEAT. ZACARI._spotdown.org.mp3
[2026-03-06T06:58:35.859Z] Detected change in 8 Out Of 10_spotdown.org.mp3, notifying frontend...
[2026-03-06T06:58:40.329Z] Range: bytes=0-1023 -> Serving 1024 bytes for Shot For Me_spotdown.org.mp3
[2026-03-06T06:58:40.331Z] Range: bytes=6146179-6146307 -> Serving 129 bytes for Shot For Me_spotdown.org.mp3
[2026-03-06T06:58:41.574Z] Range: bytes=0-1023 -> Serving 1024 bytes for Major Distribution_spotdown.org.mp3
[2026-03-06T06:58:41.580Z] Range: bytes=4365605-4365733 -> Serving 129 bytes for Major Distribution_spotdown.org.mp3
[2026-03-06T06:58:46.357Z] Range: bytes=0-1023 -> Serving 1024 bytes for SICKO MODE_spotdown.org.mp3
[2026-03-06T06:58:46.364Z] Range: bytes=9408955-9409083 -> Serving 129 bytes for SICKO MODE_spotdown.org.mp3
[2026-03-06T06:58:47.604Z] Range: bytes=0-1023 -> Serving 1024 bytes for Marvins Room_spotdown.org.mp3
[2026-03-06T06:58:47.607Z] Range: bytes=9286084-9286212 -> Serving 129 bytes for Marvins Room_spotdown.org.mp3
[2026-03-06T06:58:52.386Z] Range: bytes=0-1023 -> Serving 1024 bytes for Sideways_spotdown.org.mp3
[2026-03-06T06:58:52.389Z] Range: bytes=8261138-8261266 -> Serving 129 bytes for Sideways_spotdown.org.mp3
[2026-03-06T06:58:53.625Z] Range: bytes=0-1023 -> Serving 1024 bytes for Massive_spotdown.org.mp3
[2026-03-06T06:58:53.628Z] Range: bytes=9938064-9938192 -> Serving 129 bytes for Massive_spotdown.org.mp3
[2026-03-06T06:58:58.405Z] Range: bytes=0-1023 -> Serving 1024 bytes for Slide (feat. Frank Ocean & Migos)_spotdown.org.mp3
[2026-03-06T06:58:58.410Z] Range: bytes=6869276-6869404 -> Serving 129 bytes for Slide (feat. Frank Ocean & Migos)_spotdown.org.mp3
[2026-03-06T06:58:59.652Z] Range: bytes=0-1023 -> Serving 1024 bytes for MELTDOWN (feat. Drake)_spotdown.org.mp3
[2026-03-06T06:58:59.654Z] Range: bytes=7095525-7095653 -> Serving 129 bytes for MELTDOWN (feat. Drake)_spotdown.org.mp3
[2026-03-06T06:59:04.431Z] Range: bytes=0-1023 -> Serving 1024 bytes for Slime You Out (feat. SZA)_spotdown.org.mp3
[2026-03-06T06:59:04.434Z] Range: bytes=8438087-8438215 -> Serving 129 bytes for Slime You Out (feat. SZA)_spotdown.org.mp3
[2026-03-06T06:59:05.665Z] Range: bytes=0-1023 -> Serving 1024 bytes for MIA (feat. Drake)_spotdown.org.mp3
[2026-03-06T06:59:05.667Z] Range: bytes=6194048-6194176 -> Serving 129 bytes for MIA (feat. Drake)_spotdown.org.mp3
[2026-03-06T06:59:10.449Z] Range: bytes=0-1023 -> Serving 1024 bytes for SLOW DANCING IN THE DARK_spotdown.org.mp3
[2026-03-06T06:59:10.451Z] Range: bytes=5685187-5685315 -> Serving 129 bytes for SLOW DANCING IN THE DARK_spotdown.org.mp3
[2026-03-06T06:59:11.692Z] Range: bytes=0-1023 -> Serving 1024 bytes for Middle of the Ocean_spotdown.org.mp3
[2026-03-06T06:59:11.693Z] Range: bytes=5536043-5536171 -> Serving 129 bytes for Middle of the Ocean_spotdown.org.mp3
[2026-03-06T06:59:16.466Z] Range: bytes=0-1023 -> Serving 1024 bytes for Small Worlds_spotdown.org.mp3
[2026-03-06T06:59:16.468Z] Range: bytes=8102302-8102430 -> Serving 129 bytes for Small Worlds_spotdown.org.mp3
[2026-03-06T06:59:17.712Z] Range: bytes=0-1023 -> Serving 1024 bytes for Mob Ties_spotdown.org.mp3
[2026-03-06T06:59:17.715Z] Range: bytes=5722529-5722657 -> Serving 129 bytes for Mob Ties_spotdown.org.mp3
[2026-03-06T06:59:22.489Z] Range: bytes=0-1023 -> Serving 1024 bytes for Sooner Than Later_spotdown.org.mp3
[2026-03-06T06:59:22.491Z] Range: bytes=7020264-7020392 -> Serving 129 bytes for Sooner Than Later_spotdown.org.mp3
[2026-03-06T06:59:23.733Z] Range: bytes=0-1023 -> Serving 1024 bytes for Money In The Grave (Drake ft. Rick Ross)_spotdown.org.mp3
[2026-03-06T06:59:23.737Z] Range: bytes=6132187-6132315 -> Serving 129 bytes for Money In The Grave (Drake ft. Rick Ross)_spotdown.org.mp3
[2026-03-06T06:59:28.521Z] Range: bytes=0-1023 -> Serving 1024 bytes for Spin Bout U_spotdown.org.mp3
[2026-03-06T06:59:28.525Z] Range: bytes=6578004-6578132 -> Serving 129 bytes for Spin Bout U_spotdown.org.mp3
[2026-03-06T06:59:29.757Z] Range: bytes=0-1023 -> Serving 1024 bytes for Mr. Right Now (feat. Drake)_spotdown.org.mp3
[2026-03-06T06:59:29.759Z] Range: bytes=6585681-6585809 -> Serving 129 bytes for Mr. Right Now (feat. Drake)_spotdown.org.mp3
[2026-03-06T06:59:34.545Z] Range: bytes=0-1023 -> Serving 1024 bytes for Started From the Bottom_spotdown.org.mp3
[2026-03-06T06:59:34.548Z] Range: bytes=4743159-4743287 -> Serving 129 bytes for Started From the Bottom_spotdown.org.mp3
[2026-03-06T06:59:35.773Z] Range: bytes=0-1023 -> Serving 1024 bytes for My Way (feat. Monty)_spotdown.org.mp3
[2026-03-06T06:59:35.775Z] Range: bytes=6429737-6429865 -> Serving 129 bytes for My Way (feat. Monty)_spotdown.org.mp3
[2026-03-06T06:59:40.562Z] Range: bytes=0-1023 -> Serving 1024 bytes for Sticky_spotdown.org.mp3
[2026-03-06T06:59:40.564Z] Range: bytes=7108308-7108436 -> Serving 129 bytes for Sticky_spotdown.org.mp3
[2026-03-06T06:59:41.792Z] Range: bytes=0-1023 -> Serving 1024 bytes for N Side_spotdown.org.mp3
[2026-03-06T06:59:41.795Z] Range: bytes=7446338-7446466 -> Serving 129 bytes for N Side_spotdown.org.mp3
[2026-03-06T06:59:46.583Z] Range: bytes=0-1023 -> Serving 1024 bytes for Sunday (feat. Frank Ocean)_spotdown.org.mp3
[2026-03-06T06:59:46.586Z] Range: bytes=6307517-6307645 -> Serving 129 bytes for Sunday (feat. Frank Ocean)_spotdown.org.mp3
[2026-03-06T06:59:47.818Z] Range: bytes=0-1023 -> Serving 1024 bytes for Needle (feat. Drake)_spotdown.org.mp3
[2026-03-06T06:59:47.826Z] Range: bytes=7204589-7204717 -> Serving 129 bytes for Needle (feat. Drake)_spotdown.org.mp3
[2026-03-06T06:59:52.608Z] Range: bytes=0-1023 -> Serving 1024 bytes for Sunshine (feat. Fousheé)_spotdown.org.mp3
[2026-03-06T06:59:52.609Z] Range: bytes=9559776-9559904 -> Serving 129 bytes for Sunshine (feat. Fousheé)_spotdown.org.mp3
[2026-03-06T06:59:53.844Z] Range: bytes=0-1023 -> Serving 1024 bytes for Nice For What_spotdown.org.mp3
[2026-03-06T06:59:53.846Z] Range: bytes=5995567-5995695 -> Serving 129 bytes for Nice For What_spotdown.org.mp3
[2026-03-06T06:59:58.636Z] Range: bytes=0-1023 -> Serving 1024 bytes for Super Rich Kids_spotdown.org.mp3
[2026-03-06T06:59:58.639Z] Range: bytes=8814909-8815037 -> Serving 129 bytes for Super Rich Kids_spotdown.org.mp3
[2026-03-06T06:59:59.873Z] Range: bytes=0-1023 -> Serving 1024 bytes for Nights_spotdown.org.mp3
[2026-03-06T06:59:59.876Z] Range: bytes=8998451-8998579 -> Serving 129 bytes for Nights_spotdown.org.mp3
[2026-03-06T07:00:04.665Z] Range: bytes=0-1023 -> Serving 1024 bytes for Superpower (feat. Frank Ocean)_spotdown.org.mp3
[2026-03-06T07:00:04.669Z] Range: bytes=7987819-7987947 -> Serving 129 bytes for Superpower (feat. Frank Ocean)_spotdown.org.mp3
[2026-03-06T07:00:05.902Z] Range: bytes=0-1023 -> Serving 1024 bytes for No Guidance (feat. Drake)_spotdown.org.mp3
[2026-03-06T07:00:05.912Z] Range: bytes=7199968-7200096 -> Serving 129 bytes for No Guidance (feat. Drake)_spotdown.org.mp3
[2026-03-06T07:00:10.690Z] Range: bytes=0-1023 -> Serving 1024 bytes for Superpowers_spotdown.org.mp3
[2026-03-06T07:00:10.692Z] Range: bytes=5118888-5119016 -> Serving 129 bytes for Superpowers_spotdown.org.mp3
[2026-03-06T07:00:11.935Z] Range: bytes=0-1023 -> Serving 1024 bytes for Nonstop_spotdown.org.mp3
[2026-03-06T07:00:11.939Z] Range: bytes=6712667-6712795 -> Serving 129 bytes for Nonstop_spotdown.org.mp3
[2026-03-06T07:00:16.709Z] Range: bytes=0-1023 -> Serving 1024 bytes for Sure Thing_spotdown.org.mp3
[2026-03-06T07:00:16.711Z] Range: bytes=5995909-5996037 -> Serving 129 bytes for Sure Thing_spotdown.org.mp3
[2026-03-06T07:00:17.966Z] Range: bytes=0-1023 -> Serving 1024 bytes for Not You Too (feat. Chris Brown)_spotdown.org.mp3
[2026-03-06T07:00:17.970Z] Range: bytes=7665210-7665338 -> Serving 129 bytes for Not You Too (feat. Chris Brown)_spotdown.org.mp3
[2026-03-06T07:00:22.731Z] Range: bytes=0-1023 -> Serving 1024 bytes for Talk Up (feat. Jay-Z)_spotdown.org.mp3
[2026-03-06T07:00:22.734Z] Range: bytes=3655528-3655656 -> Serving 129 bytes for Talk Up (feat. Jay-Z)_spotdown.org.mp3
[2026-03-06T07:00:23.990Z] Range: bytes=0-1023 -> Serving 1024 bytes for Omertà_spotdown.org.mp3
[2026-03-06T07:00:23.994Z] Range: bytes=6524785-6524913 -> Serving 129 bytes for Omertà_spotdown.org.mp3
[2026-03-06T07:00:28.752Z] Range: bytes=0-1023 -> Serving 1024 bytes for That’s How You Feel_spotdown.org.mp3
[2026-03-06T07:00:28.754Z] Range: bytes=4297087-4297215 -> Serving 129 bytes for That’s How You Feel_spotdown.org.mp3
[2026-03-06T07:00:30.009Z] Range: bytes=0-1023 -> Serving 1024 bytes for On BS_spotdown.org.mp3
[2026-03-06T07:00:30.012Z] Range: bytes=7266820-7266948 -> Serving 129 bytes for On BS_spotdown.org.mp3
[2026-03-06T07:00:34.774Z] Range: bytes=0-1023 -> Serving 1024 bytes for The Motto_spotdown.org.mp3
[2026-03-06T07:00:34.777Z] Range: bytes=4927975-4928103 -> Serving 129 bytes for The Motto_spotdown.org.mp3
[2026-03-06T07:00:36.038Z] Range: bytes=0-1023 -> Serving 1024 bytes for One Dance_spotdown.org.mp3
[2026-03-06T07:00:36.042Z] Range: bytes=121250-121378 -> Serving 129 bytes for One Dance_spotdown.org.mp3
[2026-03-06T07:00:40.796Z] Range: bytes=0-1023 -> Serving 1024 bytes for Thinkin Bout You_spotdown.org.mp3
[2026-03-06T07:00:40.798Z] Range: bytes=5861879-5862007 -> Serving 129 bytes for Thinkin Bout You_spotdown.org.mp3
[2026-03-06T07:00:42.067Z] Range: bytes=0-1023 -> Serving 1024 bytes for One Night Only_spotdown.org.mp3
[2026-03-06T07:00:42.069Z] Range: bytes=5993211-5993339 -> Serving 129 bytes for One Night Only_spotdown.org.mp3
[2026-03-06T07:00:46.816Z] Range: bytes=0-1023 -> Serving 1024 bytes for Too Fast_spotdown.org.mp3
[2026-03-06T07:00:46.819Z] Range: bytes=8615192-8615320 -> Serving 129 bytes for Too Fast_spotdown.org.mp3
[2026-03-06T07:00:48.089Z] Range: bytes=0-1023 -> Serving 1024 bytes for Passionfruit_spotdown.org.mp3
[2026-03-06T07:00:48.092Z] Range: bytes=8894277-8894405 -> Serving 129 bytes for Passionfruit_spotdown.org.mp3
[2026-03-06T07:00:52.846Z] Range: bytes=0-1023 -> Serving 1024 bytes for Toosie Slide_spotdown.org.mp3
[2026-03-06T07:00:52.849Z] Range: bytes=6497720-6497848 -> Serving 129 bytes for Toosie Slide_spotdown.org.mp3
[2026-03-06T07:00:54.115Z] Range: bytes=0-1023 -> Serving 1024 bytes for Peak_spotdown.org.mp3
[2026-03-06T07:00:54.118Z] Range: bytes=6251988-6252116 -> Serving 129 bytes for Peak_spotdown.org.mp3
[2026-03-06T07:00:58.866Z] Range: bytes=0-1023 -> Serving 1024 bytes for Trust Issues_spotdown.org.mp3
[2026-03-06T07:00:58.869Z] Range: bytes=8069210-8069338 -> Serving 129 bytes for Trust Issues_spotdown.org.mp3
[2026-03-06T07:01:00.140Z] Range: bytes=0-1023 -> Serving 1024 bytes for Pink + White_spotdown.org.mp3
[2026-03-06T07:01:00.143Z] Range: bytes=5568324-5568452 -> Serving 129 bytes for Pink + White_spotdown.org.mp3
[2026-03-06T07:01:04.891Z] Range: bytes=0-1023 -> Serving 1024 bytes for TSU_spotdown.org.mp3
[2026-03-06T07:01:04.894Z] Range: bytes=8987656-8987784 -> Serving 129 bytes for TSU_spotdown.org.mp3
[2026-03-06T07:01:06.166Z] Range: bytes=0-1023 -> Serving 1024 bytes for Pink Matter_spotdown.org.mp3
[2026-03-06T07:01:06.169Z] Range: bytes=7174002-7174130 -> Serving 129 bytes for Pink Matter_spotdown.org.mp3
[2026-03-06T07:01:10.917Z] Range: bytes=0-1023 -> Serving 1024 bytes for Virginia Beach_spotdown.org.mp3
[2026-03-06T07:01:10.919Z] Range: bytes=7022280-7022408 -> Serving 129 bytes for Virginia Beach_spotdown.org.mp3
[2026-03-06T07:01:12.192Z] Range: bytes=0-1023 -> Serving 1024 bytes for POPSTAR (feat. Drake)_spotdown.org.mp3
[2026-03-06T07:01:12.195Z] Range: bytes=5036815-5036943 -> Serving 129 bytes for POPSTAR (feat. Drake)_spotdown.org.mp3
[2026-03-06T07:01:16.939Z] Range: bytes=0-1023 -> Serving 1024 bytes for WAIT FOR U (feat. Drake & Tems)_spotdown.org.mp3
[2026-03-06T07:01:16.941Z] Range: bytes=5632773-5632901 -> Serving 129 bytes for WAIT FOR U (feat. Drake & Tems)_spotdown.org.mp3
[2026-03-06T07:01:18.204Z] Range: bytes=0-1023 -> Serving 1024 bytes for Push Ups_spotdown.org.mp3
[2026-03-06T07:01:18.206Z] Range: bytes=6396747-6396875 -> Serving 129 bytes for Push Ups_spotdown.org.mp3
[2026-03-06T07:01:22.952Z] Range: bytes=0-1023 -> Serving 1024 bytes for Walk It Talk It_spotdown.org.mp3
[2026-03-06T07:01:22.953Z] Range: bytes=8235748-8235876 -> Serving 129 bytes for Walk It Talk It_spotdown.org.mp3
[2026-03-06T07:01:24.218Z] Range: bytes=0-1023 -> Serving 1024 bytes for Pussy & Millions (feat. Travis Scott)_spotdown.org.mp3
[2026-03-06T07:01:24.222Z] Range: bytes=2160278-2160406 -> Serving 129 bytes for Pussy & Millions (feat. Travis Scott)_spotdown.org.mp3
[2026-03-06T07:01:28.973Z] Range: bytes=0-1023 -> Serving 1024 bytes for Wants and Needs (feat. Lil Baby)_spotdown.org.mp3
[2026-03-06T07:01:28.976Z] Range: bytes=5574923-5575051 -> Serving 129 bytes for Wants and Needs (feat. Lil Baby)_spotdown.org.mp3
[2026-03-06T07:01:30.247Z] Range: bytes=0-1023 -> Serving 1024 bytes for Recognize (feat. Drake)_spotdown.org (1).mp3
[2026-03-06T07:01:30.250Z] Range: bytes=9251871-9251999 -> Serving 129 bytes for Recognize (feat. Drake)_spotdown.org (1).mp3
[2026-03-06T07:01:35.003Z] Range: bytes=0-1023 -> Serving 1024 bytes for Way 2 Sexy (with Future & Young Thug)_spotdown.org.mp3
[2026-03-06T07:01:35.006Z] Range: bytes=7357534-7357662 -> Serving 129 bytes for Way 2 Sexy (with Future & Young Thug)_spotdown.org.mp3
[2026-03-06T07:01:36.263Z] Range: bytes=0-1023 -> Serving 1024 bytes for Recognize (feat. Drake)_spotdown.org.mp3
[2026-03-06T07:01:36.266Z] Range: bytes=9223868-9223996 -> Serving 129 bytes for Recognize (feat. Drake)_spotdown.org.mp3
[2026-03-06T07:01:41.031Z] Range: bytes=0-1023 -> Serving 1024 bytes for We Find Love_spotdown.org.mp3
[2026-03-06T07:01:41.036Z] Range: bytes=7215792-7215920 -> Serving 129 bytes for We Find Love_spotdown.org.mp3
[2026-03-06T07:01:42.293Z] Range: bytes=0-1023 -> Serving 1024 bytes for Rich Baby Daddy (feat. Sexyy Red & SZA)_spotdown.org.mp3
[2026-03-06T07:01:42.300Z] Range: bytes=9544906-9545034 -> Serving 129 bytes for Rich Baby Daddy (feat. Sexyy Red & SZA)_spotdown.org.mp3
[2026-03-06T07:01:47.066Z] Range: bytes=0-1023 -> Serving 1024 bytes for What You Heard_spotdown.org.mp3
[2026-03-06T07:01:47.070Z] Range: bytes=7035255-7035383 -> Serving 129 bytes for What You Heard_spotdown.org.mp3
[2026-03-06T07:01:48.329Z] Range: bytes=0-1023 -> Serving 1024 bytes for Rich Flex_spotdown.org.mp3
[2026-03-06T07:01:48.333Z] Range: bytes=6970132-6970260 -> Serving 129 bytes for Rich Flex_spotdown.org.mp3
[2026-03-06T07:01:53.087Z] Range: bytes=0-1023 -> Serving 1024 bytes for What's Next_spotdown.org.mp3
[2026-03-06T07:01:53.089Z] Range: bytes=5193809-5193937 -> Serving 129 bytes for What's Next_spotdown.org.mp3
[2026-03-06T07:01:54.349Z] Range: bytes=0-1023 -> Serving 1024 bytes for Sativa_spotdown.org.mp3
[2026-03-06T07:01:54.354Z] Range: bytes=8435046-8435174 -> Serving 129 bytes for Sativa_spotdown.org.mp3
[2026-03-06T07:01:59.110Z] Range: bytes=0-1023 -> Serving 1024 bytes for White (feat. Frank Ocean)_spotdown.org.mp3
[2026-03-06T07:01:59.113Z] Range: bytes=3620157-3620285 -> Serving 129 bytes for White (feat. Frank Ocean)_spotdown.org.mp3
[2026-03-06T07:02:00.375Z] Range: bytes=0-1023 -> Serving 1024 bytes for Search & Rescue_spotdown.org.mp3
[2026-03-06T07:02:00.381Z] Range: bytes=7666337-7666465 -> Serving 129 bytes for Search & Rescue_spotdown.org.mp3
[2026-03-06T07:02:05.136Z] Range: bytes=0-1023 -> Serving 1024 bytes for Who Told You (feat. Drake)_spotdown.org.mp3
[2026-03-06T07:02:05.138Z] Range: bytes=5651484-5651612 -> Serving 129 bytes for Who Told You (feat. Drake)_spotdown.org.mp3
[2026-03-06T07:02:06.401Z] Range: bytes=0-1023 -> Serving 1024 bytes for Self Control_spotdown.org.mp3
[2026-03-06T07:02:06.403Z] Range: bytes=6616223-6616351 -> Serving 129 bytes for Self Control_spotdown.org.mp3
[2026-03-06T07:02:11.165Z] Range: bytes=0-1023 -> Serving 1024 bytes for Wildfire (feat. Frank Ocean)_spotdown.org.mp3
[2026-03-06T07:02:11.168Z] Range: bytes=2743259-2743387 -> Serving 129 bytes for Wildfire (feat. Frank Ocean)_spotdown.org.mp3
[2026-03-06T07:02:12.424Z] Range: bytes=0-1023 -> Serving 1024 bytes for She_spotdown.org.mp3
[2026-03-06T07:02:12.425Z] Range: bytes=7372052-7372180 -> Serving 129 bytes for She_spotdown.org.mp3
[2026-03-06T07:02:17.191Z] Range: bytes=0-1023 -> Serving 1024 bytes for Work_spotdown.org.mp3
[2026-03-06T07:02:17.195Z] Range: bytes=6253650-6253778 -> Serving 129 bytes for Work_spotdown.org.mp3
[2026-03-06T07:02:18.449Z] Range: bytes=0-1023 -> Serving 1024 bytes for Shot For Me_spotdown.org.mp3
[2026-03-06T07:02:18.453Z] Range: bytes=6146179-6146307 -> Serving 129 bytes for Shot For Me_spotdown.org.mp3
[2026-03-06T07:02:23.218Z] Range: bytes=0-1023 -> Serving 1024 bytes for Yebba’s Heartbreak_spotdown.org.mp3
[2026-03-06T07:02:23.221Z] Range: bytes=3515846-3515974 -> Serving 129 bytes for Yebba’s Heartbreak_spotdown.org.mp3
[2026-03-06T07:02:24.466Z] Range: bytes=0-1023 -> Serving 1024 bytes for SICKO MODE_spotdown.org.mp3
[2026-03-06T07:02:24.469Z] Range: bytes=9408955-9409083 -> Serving 129 bytes for SICKO MODE_spotdown.org.mp3
[2026-03-06T07:02:29.240Z] Range: bytes=0-1023 -> Serving 1024 bytes for You Broke My Heart_spotdown.org.mp3
[2026-03-06T07:02:29.243Z] Range: bytes=6654251-6654379 -> Serving 129 bytes for You Broke My Heart_spotdown.org.mp3
[2026-03-06T07:02:30.479Z] Range: bytes=0-1023 -> Serving 1024 bytes for Sideways_spotdown.org.mp3
[2026-03-06T07:02:30.481Z] Range: bytes=8261138-8261266 -> Serving 129 bytes for Sideways_spotdown.org.mp3
[2026-03-06T07:02:36.501Z] Range: bytes=0-1023 -> Serving 1024 bytes for Slide (feat. Frank Ocean & Migos)_spotdown.org.mp3
[2026-03-06T07:02:36.504Z] Range: bytes=6869276-6869404 -> Serving 129 bytes for Slide (feat. Frank Ocean & Migos)_spotdown.org.mp3
[2026-03-06T07:02:42.519Z] Range: bytes=0-1023 -> Serving 1024 bytes for Slime You Out (feat. SZA)_spotdown.org.mp3
[2026-03-06T07:02:42.522Z] Range: bytes=8438087-8438215 -> Serving 129 bytes for Slime You Out (feat. SZA)_spotdown.org.mp3
[2026-03-06T07:02:48.541Z] Range: bytes=0-1023 -> Serving 1024 bytes for SLOW DANCING IN THE DARK_spotdown.org.mp3
[2026-03-06T07:02:48.543Z] Range: bytes=5685187-5685315 -> Serving 129 bytes for SLOW DANCING IN THE DARK_spotdown.org.mp3
[2026-03-06T07:02:54.566Z] Range: bytes=0-1023 -> Serving 1024 bytes for Small Worlds_spotdown.org.mp3
[2026-03-06T07:02:54.569Z] Range: bytes=8102302-8102430 -> Serving 129 bytes for Small Worlds_spotdown.org.mp3
[2026-03-06T07:03:00.592Z] Range: bytes=0-1023 -> Serving 1024 bytes for Sooner Than Later_spotdown.org.mp3
[2026-03-06T07:03:00.595Z] Range: bytes=7020264-7020392 -> Serving 129 bytes for Sooner Than Later_spotdown.org.mp3
[2026-03-06T07:03:06.614Z] Range: bytes=0-1023 -> Serving 1024 bytes for Spin Bout U_spotdown.org.mp3
[2026-03-06T07:03:06.617Z] Range: bytes=6578004-6578132 -> Serving 129 bytes for Spin Bout U_spotdown.org.mp3
[2026-03-06T07:03:12.634Z] Range: bytes=0-1023 -> Serving 1024 bytes for Started From the Bottom_spotdown.org.mp3
[2026-03-06T07:03:12.636Z] Range: bytes=4743159-4743287 -> Serving 129 bytes for Started From the Bottom_spotdown.org.mp3
[2026-03-06T07:03:18.652Z] Range: bytes=0-1023 -> Serving 1024 bytes for Sticky_spotdown.org.mp3
[2026-03-06T07:03:18.654Z] Range: bytes=7108308-7108436 -> Serving 129 bytes for Sticky_spotdown.org.mp3
[2026-03-06T07:03:24.664Z] Range: bytes=0-1023 -> Serving 1024 bytes for Sunday (feat. Frank Ocean)_spotdown.org.mp3
[2026-03-06T07:03:24.665Z] Range: bytes=6307517-6307645 -> Serving 129 bytes for Sunday (feat. Frank Ocean)_spotdown.org.mp3
[2026-03-06T07:03:30.687Z] Range: bytes=0-1023 -> Serving 1024 bytes for Sunshine (feat. Fousheé)_spotdown.org.mp3
[2026-03-06T07:03:30.690Z] Range: bytes=9559776-9559904 -> Serving 129 bytes for Sunshine (feat. Fousheé)_spotdown.org.mp3
[2026-03-06T07:03:36.714Z] Range: bytes=0-1023 -> Serving 1024 bytes for Super Rich Kids_spotdown.org.mp3
[2026-03-06T07:03:36.717Z] Range: bytes=8814909-8815037 -> Serving 129 bytes for Super Rich Kids_spotdown.org.mp3
[2026-03-06T07:03:40.938Z] Server running at http://localhost:8080/
[2026-03-06T07:03:40.946Z] Music directory: C:\Users\User\Music
[2026-03-06T07:03:40.979Z] Range: bytes=0-1023 -> Serving 1024 bytes for Superpower (feat. Frank Ocean)_spotdown.org.mp3
[2026-03-06T07:03:40.983Z] Range: bytes=7987819-7987947 -> Serving 128 bytes for Superpower (feat. Frank Ocean)_spotdown.org.mp3
[2026-03-06T07:03:41.031Z] Range: bytes=0-7167 -> Serving 7168 bytes for Superpower (feat. Frank Ocean)_spotdown.org.mp3
[2026-03-06T07:03:41.047Z] Range: bytes=0-1023 -> Serving 1024 bytes for Superpowers_spotdown.org.mp3
[2026-03-06T07:03:41.049Z] Range: bytes=5118888-5119016 -> Serving 128 bytes for Superpowers_spotdown.org.mp3
[2026-03-06T07:03:42.034Z] Range: bytes=0-33791 -> Serving 33792 bytes for Superpowers_spotdown.org.mp3
[2026-03-06T07:03:42.145Z] Range: bytes=0-1023 -> Serving 1024 bytes for Sure Thing_spotdown.org.mp3
[2026-03-06T07:03:42.148Z] Range: bytes=5995909-5996037 -> Serving 128 bytes for Sure Thing_spotdown.org.mp3
[2026-03-06T07:03:42.248Z] Range: bytes=0-1023 -> Serving 1024 bytes for 8 Out Of 10_spotdown.org.mp3
[2026-03-06T07:03:42.250Z] Range: bytes=2939260-2939388 -> Serving 128 bytes for 8 Out Of 10_spotdown.org.mp3
[2026-03-06T07:03:43.046Z] Range: bytes=0-29695 -> Serving 29696 bytes for Sure Thing_spotdown.org.mp3
[2026-03-06T07:03:43.048Z] Range: bytes=0-22527 -> Serving 22528 bytes for 8 Out Of 10_spotdown.org.mp3
[2026-03-06T07:03:43.080Z] Range: bytes=0-1023 -> Serving 1024 bytes for Talk Up (feat. Jay-Z)_spotdown.org.mp3
[2026-03-06T07:03:43.082Z] Range: bytes=3655528-3655656 -> Serving 128 bytes for Talk Up (feat. Jay-Z)_spotdown.org.mp3
[2026-03-06T07:03:43.092Z] Range: bytes=0-1023 -> Serving 1024 bytes for A Keeper_spotdown.org.mp3
[2026-03-06T07:03:43.094Z] Range: bytes=4759998-4760126 -> Serving 128 bytes for A Keeper_spotdown.org.mp3
[2026-03-06T07:03:44.041Z] Range: bytes=0-22527 -> Serving 22528 bytes for Talk Up (feat. Jay-Z)_spotdown.org.mp3
[2026-03-06T07:03:44.044Z] Range: bytes=0-30719 -> Serving 30720 bytes for A Keeper_spotdown.org.mp3
[2026-03-06T07:03:44.063Z] Range: bytes=0-1023 -> Serving 1024 bytes for That’s How You Feel_spotdown.org.mp3
[2026-03-06T07:03:44.065Z] Range: bytes=0-1023 -> Serving 1024 bytes for act ii_ date @ 8 (feat. Drake) - remix_spotdown.org.mp3
[2026-03-06T07:03:44.066Z] Range: bytes=4297087-4297215 -> Serving 128 bytes for That’s How You Feel_spotdown.org.mp3
[2026-03-06T07:03:44.067Z] Range: bytes=6731275-6731403 -> Serving 128 bytes for act ii_ date @ 8 (feat. Drake) - remix_spotdown.org.mp3
[2026-03-06T07:03:45.033Z] Range: bytes=0-22527 -> Serving 22528 bytes for That’s How You Feel_spotdown.org.mp3
[2026-03-06T07:03:45.039Z] Range: bytes=0-32767 -> Serving 32768 bytes for act ii_ date @ 8 (feat. Drake) - remix_spotdown.org.mp3
[2026-03-06T07:03:45.061Z] Range: bytes=0-1023 -> Serving 1024 bytes for The Motto_spotdown.org.mp3
[2026-03-06T07:03:45.064Z] Range: bytes=4927975-4928103 -> Serving 128 bytes for The Motto_spotdown.org.mp3
[2026-03-06T07:03:45.073Z] Range: bytes=0-1023 -> Serving 1024 bytes for All I Want Is You (feat. J. Cole)_spotdown.org.mp3
[2026-03-06T07:03:45.075Z] Range: bytes=8639723-8639851 -> Serving 128 bytes for All I Want Is You (feat. J. Cole)_spotdown.org.mp3
[2026-03-06T07:03:46.032Z] Range: bytes=0-29695 -> Serving 29696 bytes for All I Want Is You (feat. J. Cole)_spotdown.org.mp3
[2026-03-06T07:03:46.035Z] Range: bytes=0-138239 -> Serving 138240 bytes for The Motto_spotdown.org.mp3
[2026-03-06T07:03:46.063Z] Range: bytes=0-1023 -> Serving 1024 bytes for Another Late Night (feat. Lil Yachty)_spotdown.org.mp3
[2026-03-06T07:03:46.065Z] Range: bytes=4839235-4839363 -> Serving 128 bytes for Another Late Night (feat. Lil Yachty)_spotdown.org.mp3
[2026-03-06T07:03:46.098Z] Range: bytes=0-1023 -> Serving 1024 bytes for Thinkin Bout You_spotdown.org.mp3
[2026-03-06T07:03:46.099Z] Range: bytes=5861879-5862007 -> Serving 128 bytes for Thinkin Bout You_spotdown.org.mp3
[2026-03-06T07:03:47.046Z] Range: bytes=0-18431 -> Serving 18432 bytes for Another Late Night (feat. Lil Yachty)_spotdown.org.mp3
[2026-03-06T07:03:47.048Z] Range: bytes=0-22527 -> Serving 22528 bytes for Thinkin Bout You_spotdown.org.mp3
[2026-03-06T07:03:47.068Z] Range: bytes=0-1023 -> Serving 1024 bytes for Too Fast_spotdown.org.mp3
[2026-03-06T07:03:47.070Z] Range: bytes=8615192-8615320 -> Serving 128 bytes for Too Fast_spotdown.org.mp3
[2026-03-06T07:03:47.073Z] Range: bytes=0-1023 -> Serving 1024 bytes for Bahamas Promises_spotdown.org.mp3
[2026-03-06T07:03:47.076Z] Range: bytes=5410627-5410755 -> Serving 128 bytes for Bahamas Promises_spotdown.org.mp3
[2026-03-06T07:03:48.037Z] Range: bytes=0-27647 -> Serving 27648 bytes for Too Fast_spotdown.org.mp3
[2026-03-06T07:03:48.039Z] Range: bytes=0-75775 -> Serving 75776 bytes for Bahamas Promises_spotdown.org.mp3
[2026-03-06T07:03:48.062Z] Range: bytes=0-1023 -> Serving 1024 bytes for Toosie Slide_spotdown.org.mp3
[2026-03-06T07:03:48.064Z] Range: bytes=6497720-6497848 -> Serving 128 bytes for Toosie Slide_spotdown.org.mp3
[2026-03-06T07:03:48.075Z] Range: bytes=0-1023 -> Serving 1024 bytes for Belong to the City_spotdown.org.mp3
[2026-03-06T07:03:48.077Z] Range: bytes=2818785-2818913 -> Serving 128 bytes for Belong to the City_spotdown.org.mp3
[2026-03-06T07:03:49.079Z] Range: bytes=0-41983 -> Serving 41984 bytes for Toosie Slide_spotdown.org.mp3
[2026-03-06T07:03:49.082Z] Range: bytes=0-41983 -> Serving 41984 bytes for Belong to the City_spotdown.org.mp3
[2026-03-06T07:03:49.224Z] Range: bytes=0-1023 -> Serving 1024 bytes for Blessings_spotdown.org.mp3
[2026-03-06T07:03:49.226Z] Range: bytes=7408901-7409029 -> Serving 128 bytes for Blessings_spotdown.org.mp3
[2026-03-06T07:03:49.231Z] Range: bytes=0-1023 -> Serving 1024 bytes for Trust Issues_spotdown.org.mp3
[2026-03-06T07:03:49.233Z] Range: bytes=8069210-8069338 -> Serving 128 bytes for Trust Issues_spotdown.org.mp3
[2026-03-06T07:03:50.034Z] Range: bytes=0-70655 -> Serving 70656 bytes for Trust Issues_spotdown.org.mp3
[2026-03-06T07:03:50.037Z] Range: bytes=0-30719 -> Serving 30720 bytes for Blessings_spotdown.org.mp3
[2026-03-06T07:03:50.062Z] Range: bytes=0-1023 -> Serving 1024 bytes for Both (feat. Drake)_spotdown.org.mp3
[2026-03-06T07:03:50.064Z] Range: bytes=5810471-5810599 -> Serving 128 bytes for Both (feat. Drake)_spotdown.org.mp3
[2026-03-06T07:03:50.080Z] Range: bytes=0-1023 -> Serving 1024 bytes for TSU_spotdown.org.mp3
[2026-03-06T07:03:50.083Z] Range: bytes=8987656-8987784 -> Serving 128 bytes for TSU_spotdown.org.mp3
[2026-03-06T07:03:51.033Z] Range: bytes=0-23551 -> Serving 23552 bytes for TSU_spotdown.org.mp3
[2026-03-06T07:03:51.035Z] Range: bytes=0-36863 -> Serving 36864 bytes for Both (feat. Drake)_spotdown.org.mp3
[2026-03-06T07:03:51.057Z] Range: bytes=0-1023 -> Serving 1024 bytes for Virginia Beach_spotdown.org.mp3
[2026-03-06T07:03:51.060Z] Range: bytes=7022280-7022408 -> Serving 128 bytes for Virginia Beach_spotdown.org.mp3
[2026-03-06T07:03:51.065Z] Range: bytes=0-1023 -> Serving 1024 bytes for Break from Toronto_spotdown.org.mp3
[2026-03-06T07:03:51.066Z] Range: bytes=2999595-2999723 -> Serving 128 bytes for Break from Toronto_spotdown.org.mp3
[2026-03-06T07:03:52.037Z] Range: bytes=0-18431 -> Serving 18432 bytes for Virginia Beach_spotdown.org.mp3
[2026-03-06T07:03:52.039Z] Range: bytes=0-72703 -> Serving 72704 bytes for Break from Toronto_spotdown.org.mp3
[2026-03-06T07:03:52.065Z] Range: bytes=0-1023 -> Serving 1024 bytes for WAIT FOR U (feat. Drake & Tems)_spotdown.org.mp3
[2026-03-06T07:03:52.068Z] Range: bytes=5632773-5632901 -> Serving 128 bytes for WAIT FOR U (feat. Drake & Tems)_spotdown.org.mp3
[2026-03-06T07:03:52.084Z] Range: bytes=0-1023 -> Serving 1024 bytes for C U Girl_spotdown.org.mp3
[2026-03-06T07:03:52.088Z] Range: bytes=3684122-3684250 -> Serving 128 bytes for C U Girl_spotdown.org.mp3
[2026-03-06T07:03:53.045Z] Range: bytes=0-34815 -> Serving 34816 bytes for C U Girl_spotdown.org.mp3
[2026-03-06T07:03:53.048Z] Range: bytes=0-94207 -> Serving 94208 bytes for WAIT FOR U (feat. Drake & Tems)_spotdown.org.mp3
[2026-03-06T07:03:53.072Z] Range: bytes=0-1023 -> Serving 1024 bytes for Calling My Name_spotdown.org.mp3
[2026-03-06T07:03:53.074Z] Range: bytes=3648444-3648572 -> Serving 128 bytes for Calling My Name_spotdown.org.mp3
[2026-03-06T07:03:53.109Z] Range: bytes=0-1023 -> Serving 1024 bytes for Walk It Talk It_spotdown.org.mp3
[2026-03-06T07:03:53.111Z] Range: bytes=8235748-8235876 -> Serving 128 bytes for Walk It Talk It_spotdown.org.mp3
[2026-03-06T07:03:54.039Z] Range: bytes=0-30719 -> Serving 30720 bytes for Calling My Name_spotdown.org.mp3
[2026-03-06T07:03:54.041Z] Range: bytes=0-105471 -> Serving 105472 bytes for Walk It Talk It_spotdown.org.mp3
[2026-03-06T07:03:54.066Z] Range: bytes=0-1023 -> Serving 1024 bytes for Can’t Take A Joke_spotdown.org.mp3
[2026-03-06T07:03:54.068Z] Range: bytes=5324221-5324349 -> Serving 128 bytes for Can’t Take A Joke_spotdown.org.mp3
[2026-03-06T07:03:54.085Z] Range: bytes=0-1023 -> Serving 1024 bytes for Wants and Needs (feat. Lil Baby)_spotdown.org.mp3
[2026-03-06T07:03:54.087Z] Range: bytes=5574923-5575051 -> Serving 128 bytes for Wants and Needs (feat. Lil Baby)_spotdown.org.mp3
[2026-03-06T07:03:55.036Z] Range: bytes=0-11263 -> Serving 11264 bytes for Wants and Needs (feat. Lil Baby)_spotdown.org.mp3
[2026-03-06T07:03:55.038Z] Range: bytes=0-22527 -> Serving 22528 bytes for Can’t Take A Joke_spotdown.org.mp3
[2026-03-06T07:03:55.050Z] Range: bytes=0-1023 -> Serving 1024 bytes for Way 2 Sexy (with Future & Young Thug)_spotdown.org.mp3
[2026-03-06T07:03:55.052Z] Range: bytes=0-1023 -> Serving 1024 bytes for Chanel_spotdown.org.mp3
[2026-03-06T07:03:55.053Z] Range: bytes=7357534-7357662 -> Serving 128 bytes for Way 2 Sexy (with Future & Young Thug)_spotdown.org.mp3
[2026-03-06T07:03:55.055Z] Range: bytes=6040688-6040816 -> Serving 128 bytes for Chanel_spotdown.org.mp3
[2026-03-06T07:03:56.048Z] Range: bytes=0-23551 -> Serving 23552 bytes for Chanel_spotdown.org.mp3
[2026-03-06T07:03:56.050Z] Range: bytes=0-64511 -> Serving 64512 bytes for Way 2 Sexy (with Future & Young Thug)_spotdown.org.mp3
[2026-03-06T07:03:56.070Z] Range: bytes=0-1023 -> Serving 1024 bytes for coffee_spotdown.org.mp3
[2026-03-06T07:03:56.073Z] Range: bytes=9894520-9894648 -> Serving 128 bytes for coffee_spotdown.org.mp3
[2026-03-06T07:03:56.089Z] Range: bytes=0-1023 -> Serving 1024 bytes for We Find Love_spotdown.org.mp3
[2026-03-06T07:03:56.091Z] Range: bytes=7215792-7215920 -> Serving 128 bytes for We Find Love_spotdown.org.mp3
[2026-03-06T07:03:57.038Z] Range: bytes=0-35839 -> Serving 35840 bytes for coffee_spotdown.org.mp3
[2026-03-06T07:03:57.040Z] Range: bytes=0-84991 -> Serving 84992 bytes for We Find Love_spotdown.org.mp3
[2026-03-06T07:03:57.061Z] Range: bytes=0-1023 -> Serving 1024 bytes for Come and See Me (feat. Drake)_spotdown.org.mp3
[2026-03-06T07:03:57.063Z] Range: bytes=7276477-7276605 -> Serving 128 bytes for Come and See Me (feat. Drake)_spotdown.org.mp3
[2026-03-06T07:03:57.078Z] Range: bytes=0-1023 -> Serving 1024 bytes for What You Heard_spotdown.org.mp3
[2026-03-06T07:03:57.081Z] Range: bytes=7035255-7035383 -> Serving 128 bytes for What You Heard_spotdown.org.mp3
[2026-03-06T07:03:58.035Z] Range: bytes=0-46079 -> Serving 46080 bytes for What You Heard_spotdown.org.mp3
[2026-03-06T07:03:58.037Z] Range: bytes=0-31743 -> Serving 31744 bytes for Come and See Me (feat. Drake)_spotdown.org.mp3
[2026-03-06T07:03:58.051Z] Range: bytes=0-1023 -> Serving 1024 bytes for What's Next_spotdown.org.mp3
[2026-03-06T07:03:58.053Z] Range: bytes=0-1023 -> Serving 1024 bytes for Come Back to Earth_spotdown.org.mp3
[2026-03-06T07:03:58.054Z] Range: bytes=5193809-5193937 -> Serving 128 bytes for What's Next_spotdown.org.mp3
[2026-03-06T07:03:58.055Z] Range: bytes=4707052-4707180 -> Serving 128 bytes for Come Back to Earth_spotdown.org.mp3
[2026-03-06T07:03:59.035Z] Range: bytes=0-56319 -> Serving 56320 bytes for What's Next_spotdown.org.mp3
[2026-03-06T07:03:59.037Z] Range: bytes=0-11263 -> Serving 11264 bytes for Come Back to Earth_spotdown.org.mp3
[2026-03-06T07:03:59.048Z] Range: bytes=0-1023 -> Serving 1024 bytes for Congratulations (feat. Bilal)_spotdown.org.mp3
[2026-03-06T07:03:59.050Z] Range: bytes=7275114-7275242 -> Serving 128 bytes for Congratulations (feat. Bilal)_spotdown.org.mp3
[2026-03-06T07:03:59.057Z] Range: bytes=0-1023 -> Serving 1024 bytes for White (feat. Frank Ocean)_spotdown.org.mp3
[2026-03-06T07:03:59.058Z] Range: bytes=3620157-3620285 -> Serving 128 bytes for White (feat. Frank Ocean)_spotdown.org.mp3
[2026-03-06T07:04:00.045Z] Range: bytes=0-22527 -> Serving 22528 bytes for Congratulations (feat. Bilal)_spotdown.org.mp3
[2026-03-06T07:04:00.047Z] Range: bytes=0-29695 -> Serving 29696 bytes for White (feat. Frank Ocean)_spotdown.org.mp3
[2026-03-06T07:04:00.058Z] Range: bytes=0-1023 -> Serving 1024 bytes for Controlla_spotdown.org.mp3
[2026-03-06T07:04:00.060Z] Range: bytes=466086-466214 -> Serving 128 bytes for Controlla_spotdown.org.mp3
[2026-03-06T07:04:00.062Z] Range: bytes=0-1023 -> Serving 1024 bytes for Who Told You (feat. Drake)_spotdown.org.mp3
[2026-03-06T07:04:00.063Z] Range: bytes=5651484-5651612 -> Serving 128 bytes for Who Told You (feat. Drake)_spotdown.org.mp3
[2026-03-06T07:04:01.039Z] Range: bytes=0-21503 -> Serving 21504 bytes for Controlla_spotdown.org.mp3
[2026-03-06T07:04:01.040Z] Range: bytes=0-25599 -> Serving 25600 bytes for Who Told You (feat. Drake)_spotdown.org.mp3
[2026-03-06T07:04:01.053Z] Range: bytes=0-1023 -> Serving 1024 bytes for Crew Love_spotdown.org.mp3
[2026-03-06T07:04:01.054Z] Range: bytes=5817656-5817784 -> Serving 128 bytes for Crew Love_spotdown.org.mp3
[2026-03-06T07:04:01.056Z] Range: bytes=0-1023 -> Serving 1024 bytes for Wildfire (feat. Frank Ocean)_spotdown.org.mp3
[2026-03-06T07:04:01.058Z] Range: bytes=2743259-2743387 -> Serving 128 bytes for Wildfire (feat. Frank Ocean)_spotdown.org.mp3
[2026-03-06T07:04:02.036Z] Range: bytes=0-94207 -> Serving 94208 bytes for Wildfire (feat. Frank Ocean)_spotdown.org.mp3
[2026-03-06T07:04:02.039Z] Range: bytes=0-38911 -> Serving 38912 bytes for Crew Love_spotdown.org.mp3
[2026-03-06T07:04:02.063Z] Range: bytes=0-1023 -> Serving 1024 bytes for CYANIDE_spotdown.org.mp3
[2026-03-06T07:04:02.065Z] Range: bytes=5592186-5592314 -> Serving 128 bytes for CYANIDE_spotdown.org.mp3
[2026-03-06T07:04:02.085Z] Range: bytes=0-1023 -> Serving 1024 bytes for Work_spotdown.org.mp3
[2026-03-06T07:04:02.087Z] Range: bytes=6253650-6253778 -> Serving 128 bytes for Work_spotdown.org.mp3
[2026-03-06T07:04:03.043Z] Range: bytes=0-115711 -> Serving 115712 bytes for CYANIDE_spotdown.org.mp3
[2026-03-06T07:04:03.045Z] Range: bytes=0-24575 -> Serving 24576 bytes for Work_spotdown.org.mp3
[2026-03-06T07:04:03.058Z] Range: bytes=0-1023 -> Serving 1024 bytes for Yebba’s Heartbreak_spotdown.org.mp3
[2026-03-06T07:04:03.059Z] Range: bytes=3515846-3515974 -> Serving 128 bytes for Yebba’s Heartbreak_spotdown.org.mp3
[2026-03-06T07:04:03.068Z] Range: bytes=0-1023 -> Serving 1024 bytes for Dark Red_spotdown.org.mp3
[2026-03-06T07:04:03.069Z] Range: bytes=4963719-4963847 -> Serving 128 bytes for Dark Red_spotdown.org.mp3
[2026-03-06T07:04:04.029Z] Range: bytes=0-112639 -> Serving 112640 bytes for Dark Red_spotdown.org.mp3
[2026-03-06T07:04:04.033Z] Range: bytes=0-64511 -> Serving 64512 bytes for Yebba’s Heartbreak_spotdown.org.mp3
[2026-03-06T07:04:04.075Z] Range: bytes=0-1023 -> Serving 1024 bytes for Drama (feat. Drake)_spotdown.org.mp3
[2026-03-06T07:04:04.078Z] Range: bytes=7265013-7265141 -> Serving 128 bytes for Drama (feat. Drake)_spotdown.org.mp3
[2026-03-06T07:04:04.081Z] Range: bytes=0-1023 -> Serving 1024 bytes for You Broke My Heart_spotdown.org.mp3
[2026-03-06T07:04:04.084Z] Range: bytes=6654251-6654379 -> Serving 128 bytes for You Broke My Heart_spotdown.org.mp3
[2026-03-06T07:04:05.039Z] Range: bytes=0-21503 -> Serving 21504 bytes for Drama (feat. Drake)_spotdown.org.mp3
[2026-03-06T07:04:05.041Z] Range: bytes=0-21503 -> Serving 21504 bytes for You Broke My Heart_spotdown.org.mp3
[2026-03-06T07:04:05.058Z] Range: bytes=0-1023 -> Serving 1024 bytes for Ela É do Tipo (feat. Drake) - Remix_spotdown.org.mp3
[2026-03-06T07:04:05.061Z] Range: bytes=5822010-5822138 -> Serving 128 bytes for Ela É do Tipo (feat. Drake) - Remix_spotdown.org.mp3
[2026-03-06T07:04:06.051Z] Range: bytes=0-228351 -> Serving 228352 bytes for Ela É do Tipo (feat. Drake) - Remix_spotdown.org.mp3
[2026-03-06T07:04:06.147Z] Range: bytes=0-1023 -> Serving 1024 bytes for Elevate_spotdown.org.mp3
[2026-03-06T07:04:06.148Z] Range: bytes=5531735-5531863 -> Serving 128 bytes for Elevate_spotdown.org.mp3
[2026-03-06T07:04:07.042Z] Range: bytes=0-86015 -> Serving 86016 bytes for Elevate_spotdown.org.mp3
[2026-03-06T07:04:07.064Z] Range: bytes=0-1023 -> Serving 1024 bytes for Emotionless_spotdown.org.mp3
[2026-03-06T07:04:07.066Z] Range: bytes=7019717-7019845 -> Serving 128 bytes for Emotionless_spotdown.org.mp3
[2026-03-06T07:04:08.033Z] Range: bytes=0-22527 -> Serving 22528 bytes for Emotionless_spotdown.org.mp3
[2026-03-06T07:04:08.049Z] Range: bytes=0-1023 -> Serving 1024 bytes for Energy_spotdown.org.mp3
[2026-03-06T07:04:08.051Z] Range: bytes=4842910-4843038 -> Serving 128 bytes for Energy_spotdown.org.mp3
[2026-03-06T07:04:09.049Z] Range: bytes=0-19455 -> Serving 19456 bytes for Energy_spotdown.org.mp3
[2026-03-06T07:04:09.064Z] Range: bytes=0-1023 -> Serving 1024 bytes for Evergreen (You Didn’t Deserve Me At All)_spotdown.org.mp3
[2026-03-06T07:04:09.066Z] Range: bytes=6086025-6086153 -> Serving 128 bytes for Evergreen (You Didn’t Deserve Me At All)_spotdown.org.mp3
[2026-03-06T07:04:10.039Z] Range: bytes=0-14335 -> Serving 14336 bytes for Evergreen (You Didn’t Deserve Me At All)_spotdown.org.mp3
[2026-03-06T07:04:10.054Z] Range: bytes=0-1023 -> Serving 1024 bytes for Fair Trade (with Travis Scott)_spotdown.org.mp3
[2026-03-06T07:04:10.056Z] Range: bytes=8534605-8534733 -> Serving 128 bytes for Fair Trade (with Travis Scott)_spotdown.org.mp3
[2026-03-06T07:04:11.038Z] Range: bytes=0-64511 -> Serving 64512 bytes for Fair Trade (with Travis Scott)_spotdown.org.mp3
[2026-03-06T07:04:11.087Z] Range: bytes=0-1023 -> Serving 1024 bytes for Fake Love_spotdown.org.mp3
[2026-03-06T07:04:11.088Z] Range: bytes=6069277-6069405 -> Serving 128 bytes for Fake Love_spotdown.org.mp3
[2026-03-06T07:04:12.041Z] Range: bytes=0-23551 -> Serving 23552 bytes for Fake Love_spotdown.org.mp3
[2026-03-06T07:04:12.057Z] Range: bytes=0-1023 -> Serving 1024 bytes for Falling Back_spotdown.org.mp3
[2026-03-06T07:04:12.060Z] Range: bytes=8678156-8678284 -> Serving 128 bytes for Falling Back_spotdown.org.mp3
[2026-03-06T07:04:13.045Z] Range: bytes=0-30719 -> Serving 30720 bytes for Falling Back_spotdown.org.mp3
[2026-03-06T07:04:13.065Z] Range: bytes=0-1023 -> Serving 1024 bytes for Fancy_spotdown.org.mp3
[2026-03-06T07:04:13.067Z] Range: bytes=8759798-8759926 -> Serving 128 bytes for Fancy_spotdown.org.mp3
[2026-03-06T07:04:14.041Z] Range: bytes=0-30719 -> Serving 30720 bytes for Fancy_spotdown.org.mp3
[2026-03-06T07:04:14.059Z] Range: bytes=0-1023 -> Serving 1024 bytes for Feel No Ways_spotdown.org.mp3
[2026-03-06T07:04:14.061Z] Range: bytes=488852-488980 -> Serving 128 bytes for Feel No Ways_spotdown.org.mp3
[2026-03-06T07:04:15.035Z] Range: bytes=0-21503 -> Serving 21504 bytes for Feel No Ways_spotdown.org.mp3
[2026-03-06T07:04:15.054Z] Range: bytes=0-1023 -> Serving 1024 bytes for First Person Shooter (feat. J. Cole)_spotdown.org.mp3
[2026-03-06T07:04:15.056Z] Range: bytes=7053518-7053646 -> Serving 128 bytes for First Person Shooter (feat. J. Cole)_spotdown.org.mp3
[2026-03-06T07:04:16.048Z] Range: bytes=0-18431 -> Serving 18432 bytes for First Person Shooter (feat. J. Cole)_spotdown.org.mp3
[2026-03-06T07:04:16.064Z] Range: bytes=0-1023 -> Serving 1024 bytes for For Free_spotdown.org.mp3
[2026-03-06T07:04:16.067Z] Range: bytes=5481472-5481600 -> Serving 128 bytes for For Free_spotdown.org.mp3
[2026-03-06T07:04:17.050Z] Range: bytes=0-40959 -> Serving 40960 bytes for For Free_spotdown.org.mp3
[2026-03-06T07:04:17.072Z] Range: bytes=0-1023 -> Serving 1024 bytes for Gently (feat. Bad Bunny)_spotdown.org.mp3
[2026-03-06T07:04:17.075Z] Range: bytes=3759832-3759960 -> Serving 128 bytes for Gently (feat. Bad Bunny)_spotdown.org.mp3
[2026-03-06T07:04:18.048Z] Range: bytes=0-18431 -> Serving 18432 bytes for Gently (feat. Bad Bunny)_spotdown.org.mp3
[2026-03-06T07:04:18.065Z] Range: bytes=0-1023 -> Serving 1024 bytes for Get It Together_spotdown.org.mp3
[2026-03-06T07:04:18.067Z] Range: bytes=7580282-7580410 -> Serving 128 bytes for Get It Together_spotdown.org.mp3
[2026-03-06T07:04:19.028Z] Range: bytes=0-73727 -> Serving 73728 bytes for Get It Together_spotdown.org.mp3
[2026-03-06T07:04:19.062Z] Range: bytes=0-1023 -> Serving 1024 bytes for Get You (feat. Kali Uchis)_spotdown.org.mp3
[2026-03-06T07:04:19.065Z] Range: bytes=7640243-7640371 -> Serving 128 bytes for Get You (feat. Kali Uchis)_spotdown.org.mp3
[2026-03-06T07:04:20.033Z] Range: bytes=0-16383 -> Serving 16384 bytes for Get You (feat. Kali Uchis)_spotdown.org.mp3
[2026-03-06T07:04:20.048Z] Range: bytes=0-1023 -> Serving 1024 bytes for Girl With The Tattoo Enter.lewd_spotdown.org.mp3
[2026-03-06T07:04:20.051Z] Range: bytes=2829828-2829956 -> Serving 128 bytes for Girl With The Tattoo Enter.lewd_spotdown.org.mp3
[2026-03-06T07:04:21.046Z] Range: bytes=0-29695 -> Serving 29696 bytes for Girl With The Tattoo Enter.lewd_spotdown.org.mp3
[2026-03-06T07:04:21.063Z] Range: bytes=0-1023 -> Serving 1024 bytes for Girls Need Love (with Drake) - Remix_spotdown.org.mp3
[2026-03-06T07:04:21.065Z] Range: bytes=6393161-6393289 -> Serving 128 bytes for Girls Need Love (with Drake) - Remix_spotdown.org.mp3
[2026-03-06T07:04:22.044Z] Range: bytes=0-21503 -> Serving 21504 bytes for Girls Need Love (with Drake) - Remix_spotdown.org.mp3
[2026-03-06T07:04:22.053Z] Range: bytes=0-1023 -> Serving 1024 bytes for Girls Want Girls (with Lil Baby)_spotdown.org.mp3
[2026-03-06T07:04:22.054Z] Range: bytes=6524485-6524613 -> Serving 128 bytes for Girls Want Girls (with Lil Baby)_spotdown.org.mp3
[2026-03-06T07:04:23.039Z] Range: bytes=0-23551 -> Serving 23552 bytes for Girls Want Girls (with Lil Baby)_spotdown.org.mp3
[2026-03-06T07:04:23.056Z] Range: bytes=0-1023 -> Serving 1024 bytes for Give You the World_spotdown.org.mp3
[2026-03-06T07:04:23.058Z] Range: bytes=6969154-6969282 -> Serving 128 bytes for Give You the World_spotdown.org.mp3
[2026-03-06T07:04:24.036Z] Range: bytes=0-31743 -> Serving 31744 bytes for Give You the World_spotdown.org.mp3
[2026-03-06T07:04:24.072Z] Range: bytes=0-1023 -> Serving 1024 bytes for God's Plan_spotdown.org.mp3
[2026-03-06T07:04:24.077Z] Range: bytes=6357433-6357561 -> Serving 128 bytes for God's Plan_spotdown.org.mp3
[2026-03-06T07:04:25.029Z] Range: bytes=0-22527 -> Serving 22528 bytes for God's Plan_spotdown.org.mp3
[2026-03-06T07:04:25.046Z] Range: bytes=0-1023 -> Serving 1024 bytes for Godspeed_spotdown.org.mp3
[2026-03-06T07:04:25.049Z] Range: bytes=5043904-5044032 -> Serving 128 bytes for Godspeed_spotdown.org.mp3
[2026-03-06T07:04:26.036Z] Range: bytes=0-20479 -> Serving 20480 bytes for Godspeed_spotdown.org.mp3
[2026-03-06T07:04:26.052Z] Range: bytes=0-1023 -> Serving 1024 bytes for Going Bad (feat. Drake)_spotdown.org.mp3
[2026-03-06T07:04:26.054Z] Range: bytes=5781220-5781348 -> Serving 128 bytes for Going Bad (feat. Drake)_spotdown.org.mp3
[2026-03-06T07:04:27.027Z] Range: bytes=0-173055 -> Serving 173056 bytes for Going Bad (feat. Drake)_spotdown.org.mp3
[2026-03-06T07:04:27.086Z] Range: bytes=0-1023 -> Serving 1024 bytes for GREECE (feat. Drake)_spotdown.org.mp3
[2026-03-06T07:04:27.088Z] Range: bytes=6040909-6041037 -> Serving 128 bytes for GREECE (feat. Drake)_spotdown.org.mp3
[2026-03-06T07:04:28.045Z] Range: bytes=0-57343 -> Serving 57344 bytes for GREECE (feat. Drake)_spotdown.org.mp3
[2026-03-06T07:04:28.069Z] Range: bytes=0-1023 -> Serving 1024 bytes for Headlines_spotdown.org.mp3
[2026-03-06T07:04:28.071Z] Range: bytes=7072323-7072451 -> Serving 128 bytes for Headlines_spotdown.org.mp3
[2026-03-06T07:04:29.038Z] Range: bytes=0-38911 -> Serving 38912 bytes for Headlines_spotdown.org.mp3
[2026-03-06T07:04:29.062Z] Range: bytes=0-1023 -> Serving 1024 bytes for Her Way_spotdown.org.mp3
[2026-03-06T07:04:29.064Z] Range: bytes=6429457-6429585 -> Serving 128 bytes for Her Way_spotdown.org.mp3
[2026-03-06T07:04:30.048Z] Range: bytes=0-41983 -> Serving 41984 bytes for Her Way_spotdown.org.mp3
[2026-03-06T07:04:30.072Z] Range: bytes=0-1023 -> Serving 1024 bytes for Hold Me Down_spotdown.org.mp3
[2026-03-06T07:04:30.074Z] Range: bytes=6254602-6254730 -> Serving 128 bytes for Hold Me Down_spotdown.org.mp3
[2026-03-06T07:04:31.040Z] Range: bytes=0-16383 -> Serving 16384 bytes for Hold Me Down_spotdown.org.mp3
[2026-03-06T07:04:31.056Z] Range: bytes=0-1023 -> Serving 1024 bytes for Hold On, We're Going Home_spotdown.org.mp3
[2026-03-06T07:04:31.058Z] Range: bytes=6790347-6790475 -> Serving 128 bytes for Hold On, We're Going Home_spotdown.org.mp3
[2026-03-06T07:04:32.047Z] Range: bytes=0-25599 -> Serving 25600 bytes for Hold On, We're Going Home_spotdown.org.mp3
[2026-03-06T07:04:32.065Z] Range: bytes=0-1023 -> Serving 1024 bytes for Hotline Bling_spotdown.org.mp3
[2026-03-06T07:04:32.067Z] Range: bytes=3866148-3866276 -> Serving 128 bytes for Hotline Bling_spotdown.org.mp3
[2026-03-06T07:04:33.049Z] Range: bytes=0-21503 -> Serving 21504 bytes for Hotline Bling_spotdown.org.mp3
[2026-03-06T07:04:33.068Z] Range: bytes=0-1023 -> Serving 1024 bytes for I'M ON ONE (feat. Drake)_spotdown.org.mp3
[2026-03-06T07:04:33.070Z] Range: bytes=6950200-6950328 -> Serving 128 bytes for I'M ON ONE (feat. Drake)_spotdown.org.mp3
[2026-03-06T07:04:34.042Z] Range: bytes=0-23551 -> Serving 23552 bytes for I'M ON ONE (feat. Drake)_spotdown.org.mp3
[2026-03-06T07:04:34.058Z] Range: bytes=0-1023 -> Serving 1024 bytes for I'm Upset_spotdown.org.mp3
[2026-03-06T07:04:34.060Z] Range: bytes=6293819-6293947 -> Serving 128 bytes for I'm Upset_spotdown.org.mp3
[2026-03-06T07:04:35.049Z] Range: bytes=0-86015 -> Serving 86016 bytes for I'm Upset_spotdown.org.mp3
[2026-03-06T07:04:35.085Z] Range: bytes=0-1023 -> Serving 1024 bytes for IDGAF (feat. Yeat)_spotdown.org.mp3
[2026-03-06T07:04:35.088Z] Range: bytes=7378016-7378144 -> Serving 128 bytes for IDGAF (feat. Yeat)_spotdown.org.mp3
[2026-03-06T07:04:36.028Z] Range: bytes=0-18431 -> Serving 18432 bytes for IDGAF (feat. Yeat)_spotdown.org.mp3
[2026-03-06T07:04:36.037Z] Range: bytes=0-1023 -> Serving 1024 bytes for In My Feelings_spotdown.org.mp3
[2026-03-06T07:04:36.038Z] Range: bytes=6004215-6004343 -> Serving 128 bytes for In My Feelings_spotdown.org.mp3
[2026-03-06T07:04:37.045Z] Range: bytes=0-86015 -> Serving 86016 bytes for In My Feelings_spotdown.org.mp3
[2026-03-06T07:04:37.075Z] Range: bytes=0-1023 -> Serving 1024 bytes for In The Bible (with Lil Durk & Giveon)_spotdown.org.mp3
[2026-03-06T07:04:37.077Z] Range: bytes=8811152-8811280 -> Serving 128 bytes for In The Bible (with Lil Durk & Giveon)_spotdown.org.mp3
[2026-03-06T07:04:38.043Z] Range: bytes=0-23551 -> Serving 23552 bytes for In The Bible (with Lil Durk & Giveon)_spotdown.org.mp3
[2026-03-06T07:04:38.062Z] Range: bytes=0-1023 -> Serving 1024 bytes for Infrunami_spotdown.org.mp3
[2026-03-06T07:04:38.064Z] Range: bytes=4449858-4449986 -> Serving 128 bytes for Infrunami_spotdown.org.mp3
[2026-03-06T07:04:39.035Z] Range: bytes=0-37887 -> Serving 37888 bytes for Infrunami_spotdown.org.mp3
[2026-03-06T07:04:39.055Z] Range: bytes=0-1023 -> Serving 1024 bytes for Ivy_spotdown.org.mp3
[2026-03-06T07:04:39.057Z] Range: bytes=7533685-7533813 -> Serving 128 bytes for Ivy_spotdown.org.mp3
[2026-03-06T07:04:40.042Z] Range: bytes=0-20479 -> Serving 20480 bytes for Ivy_spotdown.org.mp3
[2026-03-06T07:04:40.051Z] Range: bytes=0-1023 -> Serving 1024 bytes for Jaded_spotdown.org.mp3
[2026-03-06T07:04:40.052Z] Range: bytes=8448464-8448592 -> Serving 128 bytes for Jaded_spotdown.org.mp3
[2026-03-06T07:04:41.052Z] Range: bytes=0-22527 -> Serving 22528 bytes for Jaded_spotdown.org.mp3
[2026-03-06T07:04:41.068Z] Range: bytes=0-1023 -> Serving 1024 bytes for Japanese Denim_spotdown.org.mp3
[2026-03-06T07:04:41.069Z] Range: bytes=7619790-7619918 -> Serving 128 bytes for Japanese Denim_spotdown.org.mp3
[2026-03-06T07:04:42.037Z] Range: bytes=0-47103 -> Serving 47104 bytes for Japanese Denim_spotdown.org.mp3
[2026-03-06T07:04:42.054Z] Range: bytes=0-1023 -> Serving 1024 bytes for Jimmy Cooks (feat. 21 Savage)_spotdown.org.mp3
[2026-03-06T07:04:42.056Z] Range: bytes=6590588-6590716 -> Serving 128 bytes for Jimmy Cooks (feat. 21 Savage)_spotdown.org.mp3
[2026-03-06T07:04:43.042Z] Range: bytes=0-30719 -> Serving 30720 bytes for Jimmy Cooks (feat. 21 Savage)_spotdown.org.mp3
[2026-03-06T07:04:43.062Z] Range: bytes=0-1023 -> Serving 1024 bytes for Jumpman_spotdown.org.mp3
[2026-03-06T07:04:43.064Z] Range: bytes=6159467-6159595 -> Serving 128 bytes for Jumpman_spotdown.org.mp3
[2026-03-06T07:04:44.042Z] Range: bytes=0-45055 -> Serving 45056 bytes for Jumpman_spotdown.org.mp3
[2026-03-06T07:04:44.053Z] Range: bytes=0-1023 -> Serving 1024 bytes for Knife Talk (with 21 Savage ft. Project Pat)_spotdown.org.mp3
[2026-03-06T07:04:44.055Z] Range: bytes=7371250-7371378 -> Serving 128 bytes for Knife Talk (with 21 Savage ft. Project Pat)_spotdown.org.mp3
[2026-03-06T07:04:45.032Z] Range: bytes=0-23551 -> Serving 23552 bytes for Knife Talk (with 21 Savage ft. Project Pat)_spotdown.org.mp3
[2026-03-06T07:04:45.048Z] Range: bytes=0-1023 -> Serving 1024 bytes for Know Yourself_spotdown.org.mp3
[2026-03-06T07:04:45.051Z] Range: bytes=6816421-6816549 -> Serving 128 bytes for Know Yourself_spotdown.org.mp3
[2026-03-06T07:04:46.034Z] Range: bytes=0-53247 -> Serving 53248 bytes for Know Yourself_spotdown.org.mp3
[2026-03-06T07:04:46.058Z] Range: bytes=0-1023 -> Serving 1024 bytes for Laugh Now Cry Later (feat. Lil Durk)_spotdown.org.mp3
[2026-03-06T07:04:46.060Z] Range: bytes=7313975-7314103 -> Serving 128 bytes for Laugh Now Cry Later (feat. Lil Durk)_spotdown.org.mp3
[2026-03-06T07:04:47.037Z] Range: bytes=0-34815 -> Serving 34816 bytes for Laugh Now Cry Later (feat. Lil Durk)_spotdown.org.mp3
[2026-03-06T07:04:47.048Z] Range: bytes=0-1023 -> Serving 1024 bytes for Legend_spotdown.org.mp3
[2026-03-06T07:04:47.050Z] Range: bytes=7423289-7423417 -> Serving 128 bytes for Legend_spotdown.org.mp3
[2026-03-06T07:04:48.037Z] Range: bytes=0-19455 -> Serving 19456 bytes for Legend_spotdown.org.mp3
[2026-03-06T07:04:48.054Z] Range: bytes=0-1023 -> Serving 1024 bytes for Life Is Good (feat. Drake)_spotdown.org.mp3
[2026-03-06T07:04:48.056Z] Range: bytes=6962900-6963028 -> Serving 128 bytes for Life Is Good (feat. Drake)_spotdown.org.mp3
[2026-03-06T07:04:49.049Z] Range: bytes=0-39935 -> Serving 39936 bytes for Life Is Good (feat. Drake)_spotdown.org.mp3
[2026-03-06T07:04:49.069Z] Range: bytes=0-1023 -> Serving 1024 bytes for Look Alive (feat. Drake)_spotdown.org.mp3
[2026-03-06T07:04:49.071Z] Range: bytes=5384505-5384633 -> Serving 128 bytes for Look Alive (feat. Drake)_spotdown.org.mp3
[2026-03-06T07:04:50.035Z] Range: bytes=0-69631 -> Serving 69632 bytes for Look Alive (feat. Drake)_spotdown.org.mp3
[2026-03-06T07:04:50.063Z] Range: bytes=0-1023 -> Serving 1024 bytes for Loose_spotdown.org.mp3
[2026-03-06T07:04:50.065Z] Range: bytes=4579606-4579734 -> Serving 128 bytes for Loose_spotdown.org.mp3
[2026-03-06T07:04:51.030Z] Range: bytes=0-84991 -> Serving 84992 bytes for Loose_spotdown.org.mp3
[2026-03-06T07:04:51.062Z] Range: bytes=0-1023 -> Serving 1024 bytes for Lost_spotdown.org.mp3
[2026-03-06T07:04:51.064Z] Range: bytes=6958074-6958202 -> Serving 128 bytes for Lost_spotdown.org.mp3
[2026-03-06T07:04:52.035Z] Range: bytes=0-21503 -> Serving 21504 bytes for Lost_spotdown.org.mp3
[2026-03-06T07:04:52.054Z] Range: bytes=0-1023 -> Serving 1024 bytes for Love Is Only a Feeling_spotdown.org.mp3
[2026-03-06T07:04:52.056Z] Range: bytes=3860145-3860273 -> Serving 128 bytes for Love Is Only a Feeling_spotdown.org.mp3
[2026-03-06T07:04:53.040Z] Range: bytes=0-41983 -> Serving 41984 bytes for Love Is Only a Feeling_spotdown.org.mp3
[2026-03-06T07:04:53.071Z] Range: bytes=0-1023 -> Serving 1024 bytes for LOVE. FEAT. ZACARI._spotdown.org.mp3
[2026-03-06T07:04:53.074Z] Range: bytes=5989775-5989903 -> Serving 128 bytes for LOVE. FEAT. ZACARI._spotdown.org.mp3
[2026-03-06T07:04:53.530Z] Range: bytes=0-32767 -> Serving 32768 bytes for LOVE. FEAT. ZACARI._spotdown.org.mp3
[2026-03-06T07:04:53.542Z] Range: bytes=0-1023 -> Serving 1024 bytes for Major Distribution_spotdown.org.mp3
[2026-03-06T07:04:53.544Z] Range: bytes=4365605-4365733 -> Serving 128 bytes for Major Distribution_spotdown.org.mp3
[2026-03-06T07:04:53.561Z] Range: bytes=0-33791 -> Serving 33792 bytes for Major Distribution_spotdown.org.mp3
[2026-03-06T07:04:53.572Z] Range: bytes=0-1023 -> Serving 1024 bytes for Marvins Room_spotdown.org.mp3
[2026-03-06T07:04:53.573Z] Range: bytes=9286084-9286212 -> Serving 128 bytes for Marvins Room_spotdown.org.mp3
[2026-03-06T07:04:53.596Z] Range: bytes=0-38911 -> Serving 38912 bytes for Marvins Room_spotdown.org.mp3
[2026-03-06T07:04:53.606Z] Range: bytes=0-1023 -> Serving 1024 bytes for Massive_spotdown.org.mp3
[2026-03-06T07:04:53.607Z] Range: bytes=9938064-9938192 -> Serving 128 bytes for Massive_spotdown.org.mp3
[2026-03-06T07:04:53.627Z] Range: bytes=0-96255 -> Serving 96256 bytes for Massive_spotdown.org.mp3
[2026-03-06T07:04:53.649Z] Range: bytes=0-1023 -> Serving 1024 bytes for MELTDOWN (feat. Drake)_spotdown.org.mp3
[2026-03-06T07:04:53.651Z] Range: bytes=7095525-7095653 -> Serving 128 bytes for MELTDOWN (feat. Drake)_spotdown.org.mp3
[2026-03-06T07:04:53.662Z] Range: bytes=0-9215 -> Serving 9216 bytes for MELTDOWN (feat. Drake)_spotdown.org.mp3
[2026-03-06T07:04:53.670Z] Range: bytes=0-1023 -> Serving 1024 bytes for MIA (feat. Drake)_spotdown.org.mp3
[2026-03-06T07:04:53.671Z] Range: bytes=6194048-6194176 -> Serving 128 bytes for MIA (feat. Drake)_spotdown.org.mp3
[2026-03-06T07:04:53.685Z] Range: bytes=0-16383 -> Serving 16384 bytes for MIA (feat. Drake)_spotdown.org.mp3
[2026-03-06T07:04:53.693Z] Range: bytes=0-1023 -> Serving 1024 bytes for Middle of the Ocean_spotdown.org.mp3
[2026-03-06T07:04:53.696Z] Range: bytes=5536043-5536171 -> Serving 128 bytes for Middle of the Ocean_spotdown.org.mp3
[2026-03-06T07:04:53.717Z] Range: bytes=0-33791 -> Serving 33792 bytes for Middle of the Ocean_spotdown.org.mp3
[2026-03-06T07:04:53.729Z] Range: bytes=0-1023 -> Serving 1024 bytes for Mob Ties_spotdown.org.mp3
[2026-03-06T07:04:53.730Z] Range: bytes=5722529-5722657 -> Serving 128 bytes for Mob Ties_spotdown.org.mp3
[2026-03-06T07:04:53.749Z] Range: bytes=0-22527 -> Serving 22528 bytes for Mob Ties_spotdown.org.mp3
[2026-03-06T07:04:53.758Z] Range: bytes=0-1023 -> Serving 1024 bytes for Money In The Grave (Drake ft. Rick Ross)_spotdown.org.mp3
[2026-03-06T07:04:53.759Z] Range: bytes=6132187-6132315 -> Serving 128 bytes for Money In The Grave (Drake ft. Rick Ross)_spotdown.org.mp3
[2026-03-06T07:04:53.775Z] Range: bytes=0-16383 -> Serving 16384 bytes for Money In The Grave (Drake ft. Rick Ross)_spotdown.org.mp3
[2026-03-06T07:04:53.783Z] Range: bytes=0-1023 -> Serving 1024 bytes for Mr. Right Now (feat. Drake)_spotdown.org.mp3
[2026-03-06T07:04:53.784Z] Range: bytes=6585681-6585809 -> Serving 128 bytes for Mr. Right Now (feat. Drake)_spotdown.org.mp3
[2026-03-06T07:04:53.795Z] Range: bytes=0-70655 -> Serving 70656 bytes for Mr. Right Now (feat. Drake)_spotdown.org.mp3
[2026-03-06T07:04:53.811Z] Range: bytes=0-1023 -> Serving 1024 bytes for My Way (feat. Monty)_spotdown.org.mp3
[2026-03-06T07:04:53.812Z] Range: bytes=6429737-6429865 -> Serving 128 bytes for My Way (feat. Monty)_spotdown.org.mp3
[2026-03-06T07:04:53.829Z] Range: bytes=0-113663 -> Serving 113664 bytes for My Way (feat. Monty)_spotdown.org.mp3
[2026-03-06T07:04:53.854Z] Range: bytes=0-1023 -> Serving 1024 bytes for N Side_spotdown.org.mp3
[2026-03-06T07:04:53.856Z] Range: bytes=7446338-7446466 -> Serving 128 bytes for N Side_spotdown.org.mp3
[2026-03-06T07:04:53.864Z] Range: bytes=0-20479 -> Serving 20480 bytes for N Side_spotdown.org.mp3
[2026-03-06T07:04:53.873Z] Range: bytes=0-1023 -> Serving 1024 bytes for Needle (feat. Drake)_spotdown.org.mp3
[2026-03-06T07:04:53.874Z] Range: bytes=7204589-7204717 -> Serving 128 bytes for Needle (feat. Drake)_spotdown.org.mp3
[2026-03-06T07:04:53.889Z] Range: bytes=0-127999 -> Serving 128000 bytes for Needle (feat. Drake)_spotdown.org.mp3
[2026-03-06T07:04:53.918Z] Range: bytes=0-1023 -> Serving 1024 bytes for Nice For What_spotdown.org.mp3
[2026-03-06T07:04:53.919Z] Range: bytes=5995567-5995695 -> Serving 128 bytes for Nice For What_spotdown.org.mp3
[2026-03-06T07:04:53.931Z] Range: bytes=0-22527 -> Serving 22528 bytes for Nice For What_spotdown.org.mp3
[2026-03-06T07:04:53.940Z] Range: bytes=0-1023 -> Serving 1024 bytes for Nights_spotdown.org.mp3
[2026-03-06T07:04:53.942Z] Range: bytes=8998451-8998579 -> Serving 128 bytes for Nights_spotdown.org.mp3
[2026-03-06T07:04:53.963Z] Range: bytes=0-82943 -> Serving 82944 bytes for Nights_spotdown.org.mp3
[2026-03-06T07:04:53.986Z] Range: bytes=0-1023 -> Serving 1024 bytes for No Guidance (feat. Drake)_spotdown.org.mp3
[2026-03-06T07:04:53.987Z] Range: bytes=7199968-7200096 -> Serving 128 bytes for No Guidance (feat. Drake)_spotdown.org.mp3
[2026-03-06T07:04:54.005Z] Range: bytes=0-129023 -> Serving 129024 bytes for No Guidance (feat. Drake)_spotdown.org.mp3
[2026-03-06T07:04:54.026Z] Range: bytes=0-1023 -> Serving 1024 bytes for Nonstop_spotdown.org.mp3
[2026-03-06T07:04:54.029Z] Range: bytes=6712667-6712795 -> Serving 128 bytes for Nonstop_spotdown.org.mp3
[2026-03-06T07:04:54.046Z] Range: bytes=0-22527 -> Serving 22528 bytes for Nonstop_spotdown.org.mp3
[2026-03-06T07:04:54.054Z] Range: bytes=0-1023 -> Serving 1024 bytes for Not You Too (feat. Chris Brown)_spotdown.org.mp3
[2026-03-06T07:04:54.055Z] Range: bytes=7665210-7665338 -> Serving 128 bytes for Not You Too (feat. Chris Brown)_spotdown.org.mp3
[2026-03-06T07:04:54.070Z] Range: bytes=0-41983 -> Serving 41984 bytes for Not You Too (feat. Chris Brown)_spotdown.org.mp3
[2026-03-06T07:04:54.082Z] Range: bytes=0-1023 -> Serving 1024 bytes for Omertà_spotdown.org.mp3
[2026-03-06T07:04:54.084Z] Range: bytes=6524785-6524913 -> Serving 128 bytes for Omertà_spotdown.org.mp3
[2026-03-06T07:04:54.096Z] Range: bytes=0-16383 -> Serving 16384 bytes for Omertà_spotdown.org.mp3
[2026-03-06T07:04:54.104Z] Range: bytes=0-1023 -> Serving 1024 bytes for On BS_spotdown.org.mp3
[2026-03-06T07:04:54.105Z] Range: bytes=7266820-7266948 -> Serving 128 bytes for On BS_spotdown.org.mp3
[2026-03-06T07:04:54.120Z] Range: bytes=0-133119 -> Serving 133120 bytes for On BS_spotdown.org.mp3
[2026-03-06T07:04:54.151Z] Range: bytes=0-1023 -> Serving 1024 bytes for One Dance_spotdown.org.mp3
[2026-03-06T07:04:54.152Z] Range: bytes=121250-121378 -> Serving 128 bytes for One Dance_spotdown.org.mp3
[2026-03-06T07:04:54.162Z] Range: bytes=0-21503 -> Serving 21504 bytes for One Dance_spotdown.org.mp3
[2026-03-06T07:04:54.170Z] Range: bytes=0-1023 -> Serving 1024 bytes for One Night Only_spotdown.org.mp3
[2026-03-06T07:04:54.172Z] Range: bytes=5993211-5993339 -> Serving 128 bytes for One Night Only_spotdown.org.mp3
[2026-03-06T07:04:54.185Z] Range: bytes=0-109567 -> Serving 109568 bytes for One Night Only_spotdown.org.mp3
[2026-03-06T07:04:54.209Z] Range: bytes=0-1023 -> Serving 1024 bytes for Passionfruit_spotdown.org.mp3
[2026-03-06T07:04:54.211Z] Range: bytes=8894277-8894405 -> Serving 128 bytes for Passionfruit_spotdown.org.mp3
[2026-03-06T07:04:54.227Z] Range: bytes=0-23551 -> Serving 23552 bytes for Passionfruit_spotdown.org.mp3
[2026-03-06T07:04:54.236Z] Range: bytes=0-1023 -> Serving 1024 bytes for Peak_spotdown.org.mp3
[2026-03-06T07:04:54.237Z] Range: bytes=6251988-6252116 -> Serving 128 bytes for Peak_spotdown.org.mp3
[2026-03-06T07:04:54.259Z] Range: bytes=0-22527 -> Serving 22528 bytes for Peak_spotdown.org.mp3
[2026-03-06T07:04:54.269Z] Range: bytes=0-1023 -> Serving 1024 bytes for Pink + White_spotdown.org.mp3
[2026-03-06T07:04:54.270Z] Range: bytes=5568324-5568452 -> Serving 128 bytes for Pink + White_spotdown.org.mp3
[2026-03-06T07:04:54.293Z] Range: bytes=0-20479 -> Serving 20480 bytes for Pink + White_spotdown.org.mp3
[2026-03-06T07:04:54.301Z] Range: bytes=0-1023 -> Serving 1024 bytes for Pink Matter_spotdown.org.mp3
[2026-03-06T07:04:54.302Z] Range: bytes=7174002-7174130 -> Serving 128 bytes for Pink Matter_spotdown.org.mp3
[2026-03-06T07:04:54.317Z] Range: bytes=0-22527 -> Serving 22528 bytes for Pink Matter_spotdown.org.mp3
[2026-03-06T07:04:54.326Z] Range: bytes=0-1023 -> Serving 1024 bytes for POPSTAR (feat. Drake)_spotdown.org.mp3
[2026-03-06T07:04:54.328Z] Range: bytes=5036815-5036943 -> Serving 128 bytes for POPSTAR (feat. Drake)_spotdown.org.mp3
[2026-03-06T07:04:54.349Z] Range: bytes=0-55295 -> Serving 55296 bytes for POPSTAR (feat. Drake)_spotdown.org.mp3
[2026-03-06T07:04:54.362Z] Range: bytes=0-1023 -> Serving 1024 bytes for Push Ups_spotdown.org.mp3
[2026-03-06T07:04:54.363Z] Range: bytes=6396747-6396875 -> Serving 128 bytes for Push Ups_spotdown.org.mp3
[2026-03-06T07:04:54.382Z] Range: bytes=0-102399 -> Serving 102400 bytes for Push Ups_spotdown.org.mp3
[2026-03-06T07:04:54.403Z] Range: bytes=0-1023 -> Serving 1024 bytes for Pussy & Millions (feat. Travis Scott)_spotdown.org.mp3
[2026-03-06T07:04:54.404Z] Range: bytes=2160278-2160406 -> Serving 128 bytes for Pussy & Millions (feat. Travis Scott)_spotdown.org.mp3
[2026-03-06T07:04:54.414Z] Range: bytes=0-33791 -> Serving 33792 bytes for Pussy & Millions (feat. Travis Scott)_spotdown.org.mp3
[2026-03-06T07:04:54.424Z] Range: bytes=0-1023 -> Serving 1024 bytes for Recognize (feat. Drake)_spotdown.org (1).mp3
[2026-03-06T07:04:54.426Z] Range: bytes=9251871-9251999 -> Serving 128 bytes for Recognize (feat. Drake)_spotdown.org (1).mp3
[2026-03-06T07:04:54.447Z] Range: bytes=0-41983 -> Serving 41984 bytes for Recognize (feat. Drake)_spotdown.org (1).mp3
[2026-03-06T07:04:54.460Z] Range: bytes=0-1023 -> Serving 1024 bytes for Recognize (feat. Drake)_spotdown.org.mp3
[2026-03-06T07:04:54.461Z] Range: bytes=9223868-9223996 -> Serving 128 bytes for Recognize (feat. Drake)_spotdown.org.mp3
[2026-03-06T07:04:54.480Z] Range: bytes=0-14335 -> Serving 14336 bytes for Recognize (feat. Drake)_spotdown.org.mp3
[2026-03-06T07:04:54.492Z] Range: bytes=0-1023 -> Serving 1024 bytes for Rich Baby Daddy (feat. Sexyy Red & SZA)_spotdown.org.mp3
[2026-03-06T07:04:54.495Z] Range: bytes=9544906-9545034 -> Serving 128 bytes for Rich Baby Daddy (feat. Sexyy Red & SZA)_spotdown.org.mp3
[2026-03-06T07:04:54.513Z] Range: bytes=0-18431 -> Serving 18432 bytes for Rich Baby Daddy (feat. Sexyy Red & SZA)_spotdown.org.mp3
[2026-03-06T07:04:54.530Z] Range: bytes=0-1023 -> Serving 1024 bytes for Rich Flex_spotdown.org.mp3
[2026-03-06T07:04:54.532Z] Range: bytes=6970132-6970260 -> Serving 128 bytes for Rich Flex_spotdown.org.mp3
[2026-03-06T07:04:54.553Z] Range: bytes=0-132095 -> Serving 132096 bytes for Rich Flex_spotdown.org.mp3
[2026-03-06T07:04:54.598Z] Range: bytes=0-1023 -> Serving 1024 bytes for Sativa_spotdown.org.mp3
[2026-03-06T07:04:54.600Z] Range: bytes=8435046-8435174 -> Serving 128 bytes for Sativa_spotdown.org.mp3
[2026-03-06T07:04:54.620Z] Range: bytes=0-214015 -> Serving 214016 bytes for Sativa_spotdown.org.mp3
[2026-03-06T07:04:54.685Z] Range: bytes=0-1023 -> Serving 1024 bytes for Search & Rescue_spotdown.org.mp3
[2026-03-06T07:04:54.687Z] Range: bytes=7666337-7666465 -> Serving 128 bytes for Search & Rescue_spotdown.org.mp3
[2026-03-06T07:04:54.699Z] Range: bytes=0-12287 -> Serving 12288 bytes for Search & Rescue_spotdown.org.mp3
[2026-03-06T07:04:54.712Z] Range: bytes=0-1023 -> Serving 1024 bytes for Self Control_spotdown.org.mp3
[2026-03-06T07:04:54.714Z] Range: bytes=6616223-6616351 -> Serving 128 bytes for Self Control_spotdown.org.mp3
[2026-03-06T07:04:54.730Z] Range: bytes=0-82943 -> Serving 82944 bytes for Self Control_spotdown.org.mp3
[2026-03-06T07:04:54.768Z] Range: bytes=0-1023 -> Serving 1024 bytes for She_spotdown.org.mp3
[2026-03-06T07:04:54.770Z] Range: bytes=7372052-7372180 -> Serving 128 bytes for She_spotdown.org.mp3
[2026-03-06T07:04:54.786Z] Range: bytes=0-147455 -> Serving 147456 bytes for She_spotdown.org.mp3
[2026-03-06T07:04:54.846Z] Range: bytes=0-1023 -> Serving 1024 bytes for Shot For Me_spotdown.org.mp3
[2026-03-06T07:04:54.848Z] Range: bytes=6146179-6146307 -> Serving 128 bytes for Shot For Me_spotdown.org.mp3
[2026-03-06T07:04:54.863Z] Range: bytes=0-38911 -> Serving 38912 bytes for Shot For Me_spotdown.org.mp3
[2026-03-06T07:04:54.884Z] Range: bytes=0-1023 -> Serving 1024 bytes for SICKO MODE_spotdown.org.mp3
[2026-03-06T07:04:54.886Z] Range: bytes=9408955-9409083 -> Serving 128 bytes for SICKO MODE_spotdown.org.mp3
[2026-03-06T07:04:54.902Z] Range: bytes=0-185343 -> Serving 185344 bytes for SICKO MODE_spotdown.org.mp3
[2026-03-06T07:04:54.962Z] Range: bytes=0-1023 -> Serving 1024 bytes for Sideways_spotdown.org.mp3
[2026-03-06T07:04:54.965Z] Range: bytes=8261138-8261266 -> Serving 128 bytes for Sideways_spotdown.org.mp3
[2026-03-06T07:04:54.984Z] Range: bytes=0-178175 -> Serving 178176 bytes for Sideways_spotdown.org.mp3
[2026-03-06T07:04:55.056Z] Range: bytes=0-1023 -> Serving 1024 bytes for Slide (feat. Frank Ocean & Migos)_spotdown.org.mp3
[2026-03-06T07:04:55.058Z] Range: bytes=6869276-6869404 -> Serving 128 bytes for Slide (feat. Frank Ocean & Migos)_spotdown.org.mp3
[2026-03-06T07:04:55.084Z] Range: bytes=0-28671 -> Serving 28672 bytes for Slide (feat. Frank Ocean & Migos)_spotdown.org.mp3
[2026-03-06T07:04:55.102Z] Range: bytes=0-1023 -> Serving 1024 bytes for Slime You Out (feat. SZA)_spotdown.org.mp3
[2026-03-06T07:04:55.104Z] Range: bytes=8438087-8438215 -> Serving 128 bytes for Slime You Out (feat. SZA)_spotdown.org.mp3
[2026-03-06T07:04:55.125Z] Range: bytes=0-75775 -> Serving 75776 bytes for Slime You Out (feat. SZA)_spotdown.org.mp3
[2026-03-06T07:04:55.157Z] Range: bytes=0-1023 -> Serving 1024 bytes for SLOW DANCING IN THE DARK_spotdown.org.mp3
[2026-03-06T07:04:55.159Z] Range: bytes=5685187-5685315 -> Serving 128 bytes for SLOW DANCING IN THE DARK_spotdown.org.mp3
[2026-03-06T07:04:55.182Z] Range: bytes=0-121855 -> Serving 121856 bytes for SLOW DANCING IN THE DARK_spotdown.org.mp3
[2026-03-06T07:04:55.230Z] Range: bytes=0-1023 -> Serving 1024 bytes for Small Worlds_spotdown.org.mp3
[2026-03-06T07:04:55.233Z] Range: bytes=8102302-8102430 -> Serving 128 bytes for Small Worlds_spotdown.org.mp3
[2026-03-06T07:04:55.256Z] Range: bytes=0-11263 -> Serving 11264 bytes for Small Worlds_spotdown.org.mp3
[2026-03-06T07:04:55.270Z] Range: bytes=0-1023 -> Serving 1024 bytes for Sooner Than Later_spotdown.org.mp3
[2026-03-06T07:04:55.272Z] Range: bytes=7020264-7020392 -> Serving 128 bytes for Sooner Than Later_spotdown.org.mp3
[2026-03-06T07:04:55.289Z] Range: bytes=0-11263 -> Serving 11264 bytes for Sooner Than Later_spotdown.org.mp3
[2026-03-06T07:04:55.302Z] Range: bytes=0-1023 -> Serving 1024 bytes for Spin Bout U_spotdown.org.mp3
[2026-03-06T07:04:55.304Z] Range: bytes=6578004-6578132 -> Serving 128 bytes for Spin Bout U_spotdown.org.mp3
[2026-03-06T07:04:55.321Z] Range: bytes=0-133119 -> Serving 133120 bytes for Spin Bout U_spotdown.org.mp3
[2026-03-06T07:04:55.372Z] Range: bytes=0-1023 -> Serving 1024 bytes for Started From the Bottom_spotdown.org.mp3
[2026-03-06T07:04:55.373Z] Range: bytes=4743159-4743287 -> Serving 128 bytes for Started From the Bottom_spotdown.org.mp3
[2026-03-06T07:04:55.386Z] Range: bytes=0-25599 -> Serving 25600 bytes for Started From the Bottom_spotdown.org.mp3
[2026-03-06T07:04:55.398Z] Range: bytes=0-1023 -> Serving 1024 bytes for Sticky_spotdown.org.mp3
[2026-03-06T07:04:55.399Z] Range: bytes=7108308-7108436 -> Serving 128 bytes for Sticky_spotdown.org.mp3
[2026-03-06T07:04:55.420Z] Range: bytes=0-30719 -> Serving 30720 bytes for Sticky_spotdown.org.mp3
[2026-03-06T07:04:55.433Z] Range: bytes=0-1023 -> Serving 1024 bytes for Sunday (feat. Frank Ocean)_spotdown.org.mp3
[2026-03-06T07:04:55.434Z] Range: bytes=6307517-6307645 -> Serving 128 bytes for Sunday (feat. Frank Ocean)_spotdown.org.mp3
[2026-03-06T07:04:55.453Z] Range: bytes=0-30719 -> Serving 30720 bytes for Sunday (feat. Frank Ocean)_spotdown.org.mp3
[2026-03-06T07:04:55.463Z] Range: bytes=0-1023 -> Serving 1024 bytes for Sunshine (feat. Fousheé)_spotdown.org.mp3
[2026-03-06T07:04:55.464Z] Range: bytes=9559776-9559904 -> Serving 128 bytes for Sunshine (feat. Fousheé)_spotdown.org.mp3
[2026-03-06T07:04:55.486Z] Range: bytes=0-31743 -> Serving 31744 bytes for Sunshine (feat. Fousheé)_spotdown.org.mp3
[2026-03-06T07:04:55.503Z] Range: bytes=0-1023 -> Serving 1024 bytes for Super Rich Kids_spotdown.org.mp3
[2026-03-06T07:04:55.505Z] Range: bytes=8814909-8815037 -> Serving 128 bytes for Super Rich Kids_spotdown.org.mp3
[2026-03-06T07:04:55.528Z] Range: bytes=0-22527 -> Serving 22528 bytes for Super Rich Kids_spotdown.org.mp3
[2026-03-06T07:04:55.543Z] Range: bytes=0-1023 -> Serving 1024 bytes for Superpower (feat. Frank Ocean)_spotdown.org.mp3
[2026-03-06T07:04:55.545Z] Range: bytes=7987819-7987947 -> Serving 128 bytes for Superpower (feat. Frank Ocean)_spotdown.org.mp3
[2026-03-06T07:04:55.563Z] Range: bytes=0-7167 -> Serving 7168 bytes for Superpower (feat. Frank Ocean)_spotdown.org.mp3
[2026-03-06T07:04:55.575Z] Range: bytes=0-1023 -> Serving 1024 bytes for Superpowers_spotdown.org.mp3
[2026-03-06T07:04:55.578Z] Range: bytes=5118888-5119016 -> Serving 128 bytes for Superpowers_spotdown.org.mp3
[2026-03-06T07:04:55.596Z] Range: bytes=0-33791 -> Serving 33792 bytes for Superpowers_spotdown.org.mp3
[2026-03-06T07:04:55.614Z] Range: bytes=0-1023 -> Serving 1024 bytes for Sure Thing_spotdown.org.mp3
[2026-03-06T07:04:55.616Z] Range: bytes=5995909-5996037 -> Serving 128 bytes for Sure Thing_spotdown.org.mp3
[2026-03-06T07:04:55.629Z] Range: bytes=0-29695 -> Serving 29696 bytes for Sure Thing_spotdown.org.mp3
[2026-03-06T07:04:55.645Z] Range: bytes=0-1023 -> Serving 1024 bytes for Talk Up (feat. Jay-Z)_spotdown.org.mp3
[2026-03-06T07:04:55.647Z] Range: bytes=3655528-3655656 -> Serving 128 bytes for Talk Up (feat. Jay-Z)_spotdown.org.mp3
[2026-03-06T07:04:55.662Z] Range: bytes=0-22527 -> Serving 22528 bytes for Talk Up (feat. Jay-Z)_spotdown.org.mp3
[2026-03-06T07:04:55.677Z] Range: bytes=0-1023 -> Serving 1024 bytes for That’s How You Feel_spotdown.org.mp3
[2026-03-06T07:04:55.679Z] Range: bytes=4297087-4297215 -> Serving 128 bytes for That’s How You Feel_spotdown.org.mp3
[2026-03-06T07:04:55.696Z] Range: bytes=0-22527 -> Serving 22528 bytes for That’s How You Feel_spotdown.org.mp3
[2026-03-06T07:04:55.710Z] Range: bytes=0-1023 -> Serving 1024 bytes for The Motto_spotdown.org.mp3
[2026-03-06T07:04:55.712Z] Range: bytes=4927975-4928103 -> Serving 128 bytes for The Motto_spotdown.org.mp3
[2026-03-06T07:04:55.729Z] Range: bytes=0-138239 -> Serving 138240 bytes for The Motto_spotdown.org.mp3
[2026-03-06T07:04:55.783Z] Range: bytes=0-1023 -> Serving 1024 bytes for Thinkin Bout You_spotdown.org.mp3
[2026-03-06T07:04:55.785Z] Range: bytes=5861879-5862007 -> Serving 128 bytes for Thinkin Bout You_spotdown.org.mp3
[2026-03-06T07:04:55.799Z] Range: bytes=0-22527 -> Serving 22528 bytes for Thinkin Bout You_spotdown.org.mp3
[2026-03-06T07:04:55.813Z] Range: bytes=0-1023 -> Serving 1024 bytes for Too Fast_spotdown.org.mp3
[2026-03-06T07:04:55.815Z] Range: bytes=8615192-8615320 -> Serving 128 bytes for Too Fast_spotdown.org.mp3
[2026-03-06T07:04:55.830Z] Range: bytes=0-27647 -> Serving 27648 bytes for Too Fast_spotdown.org.mp3
[2026-03-06T07:04:55.847Z] Range: bytes=0-1023 -> Serving 1024 bytes for Toosie Slide_spotdown.org.mp3
[2026-03-06T07:04:55.849Z] Range: bytes=6497720-6497848 -> Serving 128 bytes for Toosie Slide_spotdown.org.mp3
[2026-03-06T07:04:55.865Z] Range: bytes=0-41983 -> Serving 41984 bytes for Toosie Slide_spotdown.org.mp3
[2026-03-06T07:04:55.886Z] Range: bytes=0-1023 -> Serving 1024 bytes for Trust Issues_spotdown.org.mp3
[2026-03-06T07:04:55.889Z] Range: bytes=8069210-8069338 -> Serving 128 bytes for Trust Issues_spotdown.org.mp3
[2026-03-06T07:04:55.914Z] Range: bytes=0-70655 -> Serving 70656 bytes for Trust Issues_spotdown.org.mp3
[2026-03-06T07:04:55.945Z] Range: bytes=0-1023 -> Serving 1024 bytes for TSU_spotdown.org.mp3
[2026-03-06T07:04:55.947Z] Range: bytes=8987656-8987784 -> Serving 128 bytes for TSU_spotdown.org.mp3
[2026-03-06T07:04:55.963Z] Range: bytes=0-23551 -> Serving 23552 bytes for TSU_spotdown.org.mp3
[2026-03-06T07:04:55.973Z] Range: bytes=0-1023 -> Serving 1024 bytes for Virginia Beach_spotdown.org.mp3
[2026-03-06T07:04:55.975Z] Range: bytes=7022280-7022408 -> Serving 128 bytes for Virginia Beach_spotdown.org.mp3
[2026-03-06T07:04:55.996Z] Range: bytes=0-18431 -> Serving 18432 bytes for Virginia Beach_spotdown.org.mp3
[2026-03-06T07:04:56.004Z] Range: bytes=0-1023 -> Serving 1024 bytes for WAIT FOR U (feat. Drake & Tems)_spotdown.org.mp3
[2026-03-06T07:04:56.005Z] Range: bytes=5632773-5632901 -> Serving 128 bytes for WAIT FOR U (feat. Drake & Tems)_spotdown.org.mp3
[2026-03-06T07:04:56.021Z] Range: bytes=0-94207 -> Serving 94208 bytes for WAIT FOR U (feat. Drake & Tems)_spotdown.org.mp3
[2026-03-06T07:04:56.040Z] Range: bytes=0-1023 -> Serving 1024 bytes for Walk It Talk It_spotdown.org.mp3
[2026-03-06T07:04:56.041Z] Range: bytes=8235748-8235876 -> Serving 128 bytes for Walk It Talk It_spotdown.org.mp3
[2026-03-06T07:04:56.062Z] Range: bytes=0-105471 -> Serving 105472 bytes for Walk It Talk It_spotdown.org.mp3
[2026-03-06T07:04:56.083Z] Range: bytes=0-1023 -> Serving 1024 bytes for Wants and Needs (feat. Lil Baby)_spotdown.org.mp3
[2026-03-06T07:04:56.084Z] Range: bytes=5574923-5575051 -> Serving 128 bytes for Wants and Needs (feat. Lil Baby)_spotdown.org.mp3
[2026-03-06T07:04:56.103Z] Range: bytes=0-11263 -> Serving 11264 bytes for Wants and Needs (feat. Lil Baby)_spotdown.org.mp3
[2026-03-06T07:04:56.110Z] Range: bytes=0-1023 -> Serving 1024 bytes for Way 2 Sexy (with Future & Young Thug)_spotdown.org.mp3
[2026-03-06T07:04:56.111Z] Range: bytes=7357534-7357662 -> Serving 128 bytes for Way 2 Sexy (with Future & Young Thug)_spotdown.org.mp3
[2026-03-06T07:04:56.122Z] Range: bytes=0-64511 -> Serving 64512 bytes for Way 2 Sexy (with Future & Young Thug)_spotdown.org.mp3
[2026-03-06T07:04:56.136Z] Range: bytes=0-1023 -> Serving 1024 bytes for We Find Love_spotdown.org.mp3
[2026-03-06T07:04:56.137Z] Range: bytes=7215792-7215920 -> Serving 128 bytes for We Find Love_spotdown.org.mp3
[2026-03-06T07:04:56.150Z] Range: bytes=0-84991 -> Serving 84992 bytes for We Find Love_spotdown.org.mp3
[2026-03-06T07:04:56.168Z] Range: bytes=0-1023 -> Serving 1024 bytes for What You Heard_spotdown.org.mp3
[2026-03-06T07:04:56.169Z] Range: bytes=7035255-7035383 -> Serving 128 bytes for What You Heard_spotdown.org.mp3
[2026-03-06T07:04:56.185Z] Range: bytes=0-46079 -> Serving 46080 bytes for What You Heard_spotdown.org.mp3
[2026-03-06T07:04:56.197Z] Range: bytes=0-1023 -> Serving 1024 bytes for What's Next_spotdown.org.mp3
[2026-03-06T07:04:56.198Z] Range: bytes=5193809-5193937 -> Serving 128 bytes for What's Next_spotdown.org.mp3
[2026-03-06T07:04:56.218Z] Range: bytes=0-56319 -> Serving 56320 bytes for What's Next_spotdown.org.mp3
[2026-03-06T07:04:56.232Z] Range: bytes=0-1023 -> Serving 1024 bytes for White (feat. Frank Ocean)_spotdown.org.mp3
[2026-03-06T07:04:56.233Z] Range: bytes=3620157-3620285 -> Serving 128 bytes for White (feat. Frank Ocean)_spotdown.org.mp3
[2026-03-06T07:04:56.251Z] Range: bytes=0-29695 -> Serving 29696 bytes for White (feat. Frank Ocean)_spotdown.org.mp3
[2026-03-06T07:04:56.260Z] Range: bytes=0-1023 -> Serving 1024 bytes for Who Told You (feat. Drake)_spotdown.org.mp3
[2026-03-06T07:04:56.262Z] Range: bytes=5651484-5651612 -> Serving 128 bytes for Who Told You (feat. Drake)_spotdown.org.mp3
[2026-03-06T07:04:56.276Z] Range: bytes=0-25599 -> Serving 25600 bytes for Who Told You (feat. Drake)_spotdown.org.mp3
[2026-03-06T07:04:56.286Z] Range: bytes=0-1023 -> Serving 1024 bytes for Wildfire (feat. Frank Ocean)_spotdown.org.mp3
[2026-03-06T07:04:56.288Z] Range: bytes=2743259-2743387 -> Serving 128 bytes for Wildfire (feat. Frank Ocean)_spotdown.org.mp3
[2026-03-06T07:04:56.302Z] Range: bytes=0-94207 -> Serving 94208 bytes for Wildfire (feat. Frank Ocean)_spotdown.org.mp3
[2026-03-06T07:04:56.319Z] Range: bytes=0-1023 -> Serving 1024 bytes for Work_spotdown.org.mp3
[2026-03-06T07:04:56.320Z] Range: bytes=6253650-6253778 -> Serving 128 bytes for Work_spotdown.org.mp3
[2026-03-06T07:04:56.333Z] Range: bytes=0-24575 -> Serving 24576 bytes for Work_spotdown.org.mp3
[2026-03-06T07:04:56.342Z] Range: bytes=0-1023 -> Serving 1024 bytes for Yebba’s Heartbreak_spotdown.org.mp3
[2026-03-06T07:04:56.346Z] Range: bytes=3515846-3515974 -> Serving 128 bytes for Yebba’s Heartbreak_spotdown.org.mp3
[2026-03-06T07:04:56.362Z] Range: bytes=0-64511 -> Serving 64512 bytes for Yebba’s Heartbreak_spotdown.org.mp3
[2026-03-06T07:04:56.382Z] Range: bytes=0-1023 -> Serving 1024 bytes for You Broke My Heart_spotdown.org.mp3
[2026-03-06T07:04:56.383Z] Range: bytes=6654251-6654379 -> Serving 128 bytes for You Broke My Heart_spotdown.org.mp3
[2026-03-06T07:04:56.395Z] Range: bytes=0-21503 -> Serving 21504 bytes for You Broke My Heart_spotdown.org.mp3
[2026-03-06T07:12:31.545Z] Range: bytes=0-1023 -> Serving 1024 bytes for 8 Out Of 10_spotdown.org.mp3
[2026-03-06T07:12:31.547Z] Range: bytes=2939260-2939388 -> Serving 128 bytes for 8 Out Of 10_spotdown.org.mp3
[2026-03-06T07:12:31.564Z] Range: bytes=0-22527 -> Serving 22528 bytes for 8 Out Of 10_spotdown.org.mp3
[2026-03-06T07:12:31.589Z] Range: bytes=0-1023 -> Serving 1024 bytes for A Keeper_spotdown.org.mp3
[2026-03-06T07:12:31.591Z] Range: bytes=4759998-4760126 -> Serving 128 bytes for A Keeper_spotdown.org.mp3
[2026-03-06T07:12:31.644Z] Range: bytes=0-30719 -> Serving 30720 bytes for A Keeper_spotdown.org.mp3
[2026-03-06T07:12:31.693Z] Range: bytes=0-1023 -> Serving 1024 bytes for act ii_ date @ 8 (feat. Drake) - remix_spotdown.org.mp3
[2026-03-06T07:12:31.694Z] Range: bytes=6731275-6731403 -> Serving 128 bytes for act ii_ date @ 8 (feat. Drake) - remix_spotdown.org.mp3
[2026-03-06T07:12:31.709Z] Range: bytes=0-32767 -> Serving 32768 bytes for act ii_ date @ 8 (feat. Drake) - remix_spotdown.org.mp3
[2026-03-06T07:12:31.732Z] Range: bytes=0-1023 -> Serving 1024 bytes for All I Want Is You (feat. J. Cole)_spotdown.org.mp3
[2026-03-06T07:12:31.734Z] Range: bytes=8639723-8639851 -> Serving 128 bytes for All I Want Is You (feat. J. Cole)_spotdown.org.mp3
[2026-03-06T07:12:31.757Z] Range: bytes=0-29695 -> Serving 29696 bytes for All I Want Is You (feat. J. Cole)_spotdown.org.mp3
[2026-03-06T07:12:31.776Z] Range: bytes=0-1023 -> Serving 1024 bytes for Another Late Night (feat. Lil Yachty)_spotdown.org.mp3
[2026-03-06T07:12:31.778Z] Range: bytes=4839235-4839363 -> Serving 128 bytes for Another Late Night (feat. Lil Yachty)_spotdown.org.mp3
[2026-03-06T07:12:31.827Z] Range: bytes=0-18431 -> Serving 18432 bytes for Another Late Night (feat. Lil Yachty)_spotdown.org.mp3
[2026-03-06T07:12:31.872Z] Range: bytes=0-1023 -> Serving 1024 bytes for Bahamas Promises_spotdown.org.mp3
[2026-03-06T07:12:31.875Z] Range: bytes=5410627-5410755 -> Serving 128 bytes for Bahamas Promises_spotdown.org.mp3
[2026-03-06T07:12:31.918Z] Range: bytes=0-75775 -> Serving 75776 bytes for Bahamas Promises_spotdown.org.mp3
[2026-03-06T07:12:31.974Z] Range: bytes=0-1023 -> Serving 1024 bytes for Belong to the City_spotdown.org.mp3
[2026-03-06T07:12:31.977Z] Range: bytes=2818785-2818913 -> Serving 128 bytes for Belong to the City_spotdown.org.mp3
[2026-03-06T07:12:32.009Z] Range: bytes=0-41983 -> Serving 41984 bytes for Belong to the City_spotdown.org.mp3
[2026-03-06T07:12:32.041Z] Range: bytes=0-1023 -> Serving 1024 bytes for Blessings_spotdown.org.mp3
[2026-03-06T07:12:32.043Z] Range: bytes=7408901-7409029 -> Serving 128 bytes for Blessings_spotdown.org.mp3
[2026-03-06T07:12:32.076Z] Range: bytes=0-30719 -> Serving 30720 bytes for Blessings_spotdown.org.mp3
[2026-03-06T07:12:32.100Z] Range: bytes=0-1023 -> Serving 1024 bytes for Both (feat. Drake)_spotdown.org.mp3
[2026-03-06T07:12:32.102Z] Range: bytes=5810471-5810599 -> Serving 128 bytes for Both (feat. Drake)_spotdown.org.mp3
[2026-03-06T07:12:32.127Z] Range: bytes=0-36863 -> Serving 36864 bytes for Both (feat. Drake)_spotdown.org.mp3
[2026-03-06T07:12:32.167Z] Range: bytes=0-1023 -> Serving 1024 bytes for Break from Toronto_spotdown.org.mp3
[2026-03-06T07:12:32.170Z] Range: bytes=2999595-2999723 -> Serving 128 bytes for Break from Toronto_spotdown.org.mp3
[2026-03-06T07:12:32.189Z] Range: bytes=0-72703 -> Serving 72704 bytes for Break from Toronto_spotdown.org.mp3
[2026-03-06T07:12:32.234Z] Range: bytes=0-1023 -> Serving 1024 bytes for C U Girl_spotdown.org.mp3
[2026-03-06T07:12:32.238Z] Range: bytes=3684122-3684250 -> Serving 128 bytes for C U Girl_spotdown.org.mp3
[2026-03-06T07:12:32.267Z] Range: bytes=0-34815 -> Serving 34816 bytes for C U Girl_spotdown.org.mp3
[2026-03-06T07:12:32.296Z] Range: bytes=0-1023 -> Serving 1024 bytes for Calling My Name_spotdown.org.mp3
[2026-03-06T07:12:32.301Z] Range: bytes=3648444-3648572 -> Serving 128 bytes for Calling My Name_spotdown.org.mp3
[2026-03-06T07:12:32.324Z] Range: bytes=0-30719 -> Serving 30720 bytes for Calling My Name_spotdown.org.mp3
[2026-03-06T07:12:32.350Z] Range: bytes=0-1023 -> Serving 1024 bytes for Can’t Take A Joke_spotdown.org.mp3
[2026-03-06T07:12:32.352Z] Range: bytes=5324221-5324349 -> Serving 128 bytes for Can’t Take A Joke_spotdown.org.mp3
[2026-03-06T07:12:32.383Z] Range: bytes=0-22527 -> Serving 22528 bytes for Can’t Take A Joke_spotdown.org.mp3
[2026-03-06T07:12:32.420Z] Range: bytes=0-1023 -> Serving 1024 bytes for Chanel_spotdown.org.mp3
[2026-03-06T07:12:32.423Z] Range: bytes=6040688-6040816 -> Serving 128 bytes for Chanel_spotdown.org.mp3
[2026-03-06T07:12:32.457Z] Range: bytes=0-23551 -> Serving 23552 bytes for Chanel_spotdown.org.mp3
[2026-03-06T07:12:32.482Z] Range: bytes=0-1023 -> Serving 1024 bytes for coffee_spotdown.org.mp3
[2026-03-06T07:12:32.486Z] Range: bytes=9894520-9894648 -> Serving 128 bytes for coffee_spotdown.org.mp3
[2026-03-06T07:12:32.502Z] Range: bytes=0-35839 -> Serving 35840 bytes for coffee_spotdown.org.mp3
[2026-03-06T07:12:32.531Z] Range: bytes=0-1023 -> Serving 1024 bytes for Come and See Me (feat. Drake)_spotdown.org.mp3
[2026-03-06T07:12:32.534Z] Range: bytes=7276477-7276605 -> Serving 128 bytes for Come and See Me (feat. Drake)_spotdown.org.mp3
[2026-03-06T07:12:32.584Z] Range: bytes=0-31743 -> Serving 31744 bytes for Come and See Me (feat. Drake)_spotdown.org.mp3
[2026-03-06T07:12:32.625Z] Range: bytes=0-1023 -> Serving 1024 bytes for Come Back to Earth_spotdown.org.mp3
[2026-03-06T07:12:32.627Z] Range: bytes=4707052-4707180 -> Serving 128 bytes for Come Back to Earth_spotdown.org.mp3
[2026-03-06T07:12:32.652Z] Range: bytes=0-11263 -> Serving 11264 bytes for Come Back to Earth_spotdown.org.mp3
[2026-03-06T07:12:32.670Z] Range: bytes=0-1023 -> Serving 1024 bytes for Congratulations (feat. Bilal)_spotdown.org.mp3
[2026-03-06T07:12:32.672Z] Range: bytes=7275114-7275242 -> Serving 128 bytes for Congratulations (feat. Bilal)_spotdown.org.mp3
[2026-03-06T07:12:32.699Z] Range: bytes=0-22527 -> Serving 22528 bytes for Congratulations (feat. Bilal)_spotdown.org.mp3
[2026-03-06T07:12:32.725Z] Range: bytes=0-1023 -> Serving 1024 bytes for Controlla_spotdown.org.mp3
[2026-03-06T07:12:32.727Z] Range: bytes=466086-466214 -> Serving 128 bytes for Controlla_spotdown.org.mp3
[2026-03-06T07:12:32.756Z] Range: bytes=0-21503 -> Serving 21504 bytes for Controlla_spotdown.org.mp3
[2026-03-06T07:12:32.777Z] Range: bytes=0-1023 -> Serving 1024 bytes for Crew Love_spotdown.org.mp3
[2026-03-06T07:12:32.780Z] Range: bytes=5817656-5817784 -> Serving 128 bytes for Crew Love_spotdown.org.mp3
[2026-03-06T07:12:32.803Z] Range: bytes=0-38911 -> Serving 38912 bytes for Crew Love_spotdown.org.mp3
[2026-03-06T07:12:32.853Z] Range: bytes=0-1023 -> Serving 1024 bytes for CYANIDE_spotdown.org.mp3
[2026-03-06T07:12:32.856Z] Range: bytes=5592186-5592314 -> Serving 128 bytes for CYANIDE_spotdown.org.mp3
[2026-03-06T07:12:32.885Z] Range: bytes=0-115711 -> Serving 115712 bytes for CYANIDE_spotdown.org.mp3
[2026-03-06T07:12:32.958Z] Range: bytes=0-1023 -> Serving 1024 bytes for Dark Red_spotdown.org.mp3
[2026-03-06T07:12:32.960Z] Range: bytes=4963719-4963847 -> Serving 128 bytes for Dark Red_spotdown.org.mp3
[2026-03-06T07:12:32.982Z] Range: bytes=0-112639 -> Serving 112640 bytes for Dark Red_spotdown.org.mp3
[2026-03-06T07:12:33.047Z] Range: bytes=0-1023 -> Serving 1024 bytes for Drama (feat. Drake)_spotdown.org.mp3
[2026-03-06T07:12:33.053Z] Range: bytes=7265013-7265141 -> Serving 128 bytes for Drama (feat. Drake)_spotdown.org.mp3
[2026-03-06T07:12:33.081Z] Range: bytes=0-21503 -> Serving 21504 bytes for Drama (feat. Drake)_spotdown.org.mp3
[2026-03-06T07:12:33.112Z] Range: bytes=0-1023 -> Serving 1024 bytes for Ela É do Tipo (feat. Drake) - Remix_spotdown.org.mp3
[2026-03-06T07:12:33.116Z] Range: bytes=5822010-5822138 -> Serving 128 bytes for Ela É do Tipo (feat. Drake) - Remix_spotdown.org.mp3
[2026-03-06T07:12:33.148Z] Range: bytes=0-228351 -> Serving 228352 bytes for Ela É do Tipo (feat. Drake) - Remix_spotdown.org.mp3
[2026-03-06T07:12:33.260Z] Range: bytes=0-1023 -> Serving 1024 bytes for Elevate_spotdown.org.mp3
[2026-03-06T07:12:33.268Z] Range: bytes=5531735-5531863 -> Serving 128 bytes for Elevate_spotdown.org.mp3
[2026-03-06T07:12:33.288Z] Range: bytes=0-86015 -> Serving 86016 bytes for Elevate_spotdown.org.mp3
[2026-03-06T07:12:33.335Z] Range: bytes=0-1023 -> Serving 1024 bytes for Emotionless_spotdown.org.mp3
[2026-03-06T07:12:33.340Z] Range: bytes=7019717-7019845 -> Serving 128 bytes for Emotionless_spotdown.org.mp3
[2026-03-06T07:12:33.366Z] Range: bytes=0-22527 -> Serving 22528 bytes for Emotionless_spotdown.org.mp3
[2026-03-06T07:12:33.394Z] Range: bytes=0-1023 -> Serving 1024 bytes for Energy_spotdown.org.mp3
[2026-03-06T07:12:33.403Z] Range: bytes=4842910-4843038 -> Serving 128 bytes for Energy_spotdown.org.mp3
[2026-03-06T07:12:33.435Z] Range: bytes=0-19455 -> Serving 19456 bytes for Energy_spotdown.org.mp3
[2026-03-06T07:12:33.459Z] Range: bytes=0-1023 -> Serving 1024 bytes for Evergreen (You Didn’t Deserve Me At All)_spotdown.org.mp3
[2026-03-06T07:12:33.461Z] Range: bytes=6086025-6086153 -> Serving 128 bytes for Evergreen (You Didn’t Deserve Me At All)_spotdown.org.mp3
[2026-03-06T07:12:33.486Z] Range: bytes=0-14335 -> Serving 14336 bytes for Evergreen (You Didn’t Deserve Me At All)_spotdown.org.mp3
[2026-03-06T07:12:33.511Z] Range: bytes=0-1023 -> Serving 1024 bytes for Fair Trade (with Travis Scott)_spotdown.org.mp3
[2026-03-06T07:12:33.515Z] Range: bytes=8534605-8534733 -> Serving 128 bytes for Fair Trade (with Travis Scott)_spotdown.org.mp3
[2026-03-06T07:12:33.541Z] Range: bytes=0-64511 -> Serving 64512 bytes for Fair Trade (with Travis Scott)_spotdown.org.mp3
[2026-03-06T07:12:33.585Z] Range: bytes=0-1023 -> Serving 1024 bytes for Fake Love_spotdown.org.mp3
[2026-03-06T07:12:33.589Z] Range: bytes=6069277-6069405 -> Serving 128 bytes for Fake Love_spotdown.org.mp3
[2026-03-06T07:12:33.622Z] Range: bytes=0-23551 -> Serving 23552 bytes for Fake Love_spotdown.org.mp3
[2026-03-06T07:12:33.666Z] Range: bytes=0-1023 -> Serving 1024 bytes for Falling Back_spotdown.org.mp3
[2026-03-06T07:12:33.668Z] Range: bytes=8678156-8678284 -> Serving 128 bytes for Falling Back_spotdown.org.mp3
[2026-03-06T07:12:33.686Z] Range: bytes=0-30719 -> Serving 30720 bytes for Falling Back_spotdown.org.mp3
[2026-03-06T07:12:33.715Z] Range: bytes=0-1023 -> Serving 1024 bytes for Fancy_spotdown.org.mp3
[2026-03-06T07:12:33.718Z] Range: bytes=8759798-8759926 -> Serving 128 bytes for Fancy_spotdown.org.mp3
[2026-03-06T07:12:33.741Z] Range: bytes=0-30719 -> Serving 30720 bytes for Fancy_spotdown.org.mp3
[2026-03-06T07:12:33.772Z] Range: bytes=0-1023 -> Serving 1024 bytes for Feel No Ways_spotdown.org.mp3
[2026-03-06T07:12:33.775Z] Range: bytes=488852-488980 -> Serving 128 bytes for Feel No Ways_spotdown.org.mp3
[2026-03-06T07:12:33.798Z] Range: bytes=0-21503 -> Serving 21504 bytes for Feel No Ways_spotdown.org.mp3
[2026-03-06T07:12:33.818Z] Range: bytes=0-1023 -> Serving 1024 bytes for First Person Shooter (feat. J. Cole)_spotdown.org.mp3
[2026-03-06T07:12:33.821Z] Range: bytes=7053518-7053646 -> Serving 128 bytes for First Person Shooter (feat. J. Cole)_spotdown.org.mp3
[2026-03-06T07:12:33.839Z] Range: bytes=0-18431 -> Serving 18432 bytes for First Person Shooter (feat. J. Cole)_spotdown.org.mp3
[2026-03-06T07:12:33.863Z] Range: bytes=0-1023 -> Serving 1024 bytes for For Free_spotdown.org.mp3
[2026-03-06T07:12:33.867Z] Range: bytes=5481472-5481600 -> Serving 128 bytes for For Free_spotdown.org.mp3
[2026-03-06T07:12:33.884Z] Range: bytes=0-40959 -> Serving 40960 bytes for For Free_spotdown.org.mp3
[2026-03-06T07:12:33.914Z] Range: bytes=0-1023 -> Serving 1024 bytes for Gently (feat. Bad Bunny)_spotdown.org.mp3
[2026-03-06T07:12:33.916Z] Range: bytes=3759832-3759960 -> Serving 128 bytes for Gently (feat. Bad Bunny)_spotdown.org.mp3
[2026-03-06T07:12:33.939Z] Range: bytes=0-18431 -> Serving 18432 bytes for Gently (feat. Bad Bunny)_spotdown.org.mp3
[2026-03-06T07:12:33.966Z] Range: bytes=0-1023 -> Serving 1024 bytes for Get It Together_spotdown.org.mp3
[2026-03-06T07:12:33.971Z] Range: bytes=7580282-7580410 -> Serving 128 bytes for Get It Together_spotdown.org.mp3
[2026-03-06T07:12:34.001Z] Range: bytes=0-73727 -> Serving 73728 bytes for Get It Together_spotdown.org.mp3
[2026-03-06T07:12:34.061Z] Range: bytes=0-1023 -> Serving 1024 bytes for Get You (feat. Kali Uchis)_spotdown.org.mp3
[2026-03-06T07:12:34.066Z] Range: bytes=7640243-7640371 -> Serving 128 bytes for Get You (feat. Kali Uchis)_spotdown.org.mp3
[2026-03-06T07:12:34.091Z] Range: bytes=0-16383 -> Serving 16384 bytes for Get You (feat. Kali Uchis)_spotdown.org.mp3
[2026-03-06T07:12:34.116Z] Range: bytes=0-1023 -> Serving 1024 bytes for Girl With The Tattoo Enter.lewd_spotdown.org.mp3
[2026-03-06T07:12:34.120Z] Range: bytes=2829828-2829956 -> Serving 128 bytes for Girl With The Tattoo Enter.lewd_spotdown.org.mp3
[2026-03-06T07:12:34.149Z] Range: bytes=0-29695 -> Serving 29696 bytes for Girl With The Tattoo Enter.lewd_spotdown.org.mp3
[2026-03-06T07:12:34.185Z] Range: bytes=0-1023 -> Serving 1024 bytes for Girls Need Love (with Drake) - Remix_spotdown.org.mp3
[2026-03-06T07:12:34.191Z] Range: bytes=6393161-6393289 -> Serving 128 bytes for Girls Need Love (with Drake) - Remix_spotdown.org.mp3
[2026-03-06T07:12:34.215Z] Range: bytes=0-21503 -> Serving 21504 bytes for Girls Need Love (with Drake) - Remix_spotdown.org.mp3
[2026-03-06T07:12:34.244Z] Range: bytes=0-1023 -> Serving 1024 bytes for Girls Want Girls (with Lil Baby)_spotdown.org.mp3
[2026-03-06T07:12:34.248Z] Range: bytes=6524485-6524613 -> Serving 128 bytes for Girls Want Girls (with Lil Baby)_spotdown.org.mp3
[2026-03-06T07:12:34.267Z] Range: bytes=0-23551 -> Serving 23552 bytes for Girls Want Girls (with Lil Baby)_spotdown.org.mp3
[2026-03-06T07:12:34.305Z] Range: bytes=0-1023 -> Serving 1024 bytes for Give You the World_spotdown.org.mp3
[2026-03-06T07:12:34.309Z] Range: bytes=6969154-6969282 -> Serving 128 bytes for Give You the World_spotdown.org.mp3
[2026-03-06T07:12:34.349Z] Range: bytes=0-31743 -> Serving 31744 bytes for Give You the World_spotdown.org.mp3
[2026-03-06T07:12:34.372Z] Range: bytes=0-1023 -> Serving 1024 bytes for God's Plan_spotdown.org.mp3
[2026-03-06T07:12:34.374Z] Range: bytes=6357433-6357561 -> Serving 128 bytes for God's Plan_spotdown.org.mp3
[2026-03-06T07:12:34.408Z] Range: bytes=0-22527 -> Serving 22528 bytes for God's Plan_spotdown.org.mp3
[2026-03-06T07:12:34.441Z] Range: bytes=0-1023 -> Serving 1024 bytes for Godspeed_spotdown.org.mp3
[2026-03-06T07:12:34.443Z] Range: bytes=5043904-5044032 -> Serving 128 bytes for Godspeed_spotdown.org.mp3
[2026-03-06T07:12:34.467Z] Range: bytes=0-20479 -> Serving 20480 bytes for Godspeed_spotdown.org.mp3
[2026-03-06T07:12:34.646Z] Range: bytes=0-1023 -> Serving 1024 bytes for Going Bad (feat. Drake)_spotdown.org.mp3
[2026-03-06T07:12:34.651Z] Range: bytes=5781220-5781348 -> Serving 128 bytes for Going Bad (feat. Drake)_spotdown.org.mp3
[2026-03-06T07:12:34.676Z] Range: bytes=0-173055 -> Serving 173056 bytes for Going Bad (feat. Drake)_spotdown.org.mp3
[2026-03-06T07:12:34.778Z] Range: bytes=0-1023 -> Serving 1024 bytes for GREECE (feat. Drake)_spotdown.org.mp3
[2026-03-06T07:12:34.783Z] Range: bytes=6040909-6041037 -> Serving 128 bytes for GREECE (feat. Drake)_spotdown.org.mp3
[2026-03-06T07:12:34.800Z] Range: bytes=0-57343 -> Serving 57344 bytes for GREECE (feat. Drake)_spotdown.org.mp3
[2026-03-06T07:12:34.842Z] Range: bytes=0-1023 -> Serving 1024 bytes for Headlines_spotdown.org.mp3
[2026-03-06T07:12:34.845Z] Range: bytes=7072323-7072451 -> Serving 128 bytes for Headlines_spotdown.org.mp3
[2026-03-06T07:12:34.873Z] Range: bytes=0-38911 -> Serving 38912 bytes for Headlines_spotdown.org.mp3
[2026-03-06T07:12:34.910Z] Range: bytes=0-1023 -> Serving 1024 bytes for Her Way_spotdown.org.mp3
[2026-03-06T07:12:34.915Z] Range: bytes=6429457-6429585 -> Serving 128 bytes for Her Way_spotdown.org.mp3
[2026-03-06T07:12:34.932Z] Range: bytes=0-41983 -> Serving 41984 bytes for Her Way_spotdown.org.mp3
[2026-03-06T07:12:34.979Z] Range: bytes=0-1023 -> Serving 1024 bytes for Hold Me Down_spotdown.org.mp3
[2026-03-06T07:12:34.981Z] Range: bytes=6254602-6254730 -> Serving 128 bytes for Hold Me Down_spotdown.org.mp3
[2026-03-06T07:12:35.002Z] Range: bytes=0-16383 -> Serving 16384 bytes for Hold Me Down_spotdown.org.mp3
[2026-03-06T07:12:35.029Z] Range: bytes=0-1023 -> Serving 1024 bytes for Hold On, We're Going Home_spotdown.org.mp3
[2026-03-06T07:12:35.036Z] Range: bytes=6790347-6790475 -> Serving 128 bytes for Hold On, We're Going Home_spotdown.org.mp3
[2026-03-06T07:12:35.058Z] Range: bytes=0-25599 -> Serving 25600 bytes for Hold On, We're Going Home_spotdown.org.mp3
[2026-03-06T07:12:35.087Z] Range: bytes=0-1023 -> Serving 1024 bytes for Hotline Bling_spotdown.org.mp3
[2026-03-06T07:12:35.089Z] Range: bytes=3866148-3866276 -> Serving 128 bytes for Hotline Bling_spotdown.org.mp3
[2026-03-06T07:12:35.105Z] Range: bytes=0-21503 -> Serving 21504 bytes for Hotline Bling_spotdown.org.mp3
[2026-03-06T07:12:35.126Z] Range: bytes=0-1023 -> Serving 1024 bytes for I'M ON ONE (feat. Drake)_spotdown.org.mp3
[2026-03-06T07:12:35.132Z] Range: bytes=6950200-6950328 -> Serving 128 bytes for I'M ON ONE (feat. Drake)_spotdown.org.mp3
[2026-03-06T07:12:35.154Z] Range: bytes=0-23551 -> Serving 23552 bytes for I'M ON ONE (feat. Drake)_spotdown.org.mp3
[2026-03-06T07:12:35.173Z] Range: bytes=0-1023 -> Serving 1024 bytes for I'm Upset_spotdown.org.mp3
[2026-03-06T07:12:35.175Z] Range: bytes=6293819-6293947 -> Serving 128 bytes for I'm Upset_spotdown.org.mp3
[2026-03-06T07:12:35.198Z] Range: bytes=0-86015 -> Serving 86016 bytes for I'm Upset_spotdown.org.mp3
[2026-03-06T07:12:35.244Z] Range: bytes=0-1023 -> Serving 1024 bytes for IDGAF (feat. Yeat)_spotdown.org.mp3
[2026-03-06T07:12:35.248Z] Range: bytes=7378016-7378144 -> Serving 128 bytes for IDGAF (feat. Yeat)_spotdown.org.mp3
[2026-03-06T07:12:35.268Z] Range: bytes=0-18431 -> Serving 18432 bytes for IDGAF (feat. Yeat)_spotdown.org.mp3
[2026-03-06T07:12:35.297Z] Range: bytes=0-1023 -> Serving 1024 bytes for In My Feelings_spotdown.org.mp3
[2026-03-06T07:12:35.306Z] Range: bytes=6004215-6004343 -> Serving 128 bytes for In My Feelings_spotdown.org.mp3
[2026-03-06T07:12:35.349Z] Range: bytes=0-86015 -> Serving 86016 bytes for In My Feelings_spotdown.org.mp3
[2026-03-06T07:12:35.392Z] Range: bytes=0-1023 -> Serving 1024 bytes for In The Bible (with Lil Durk & Giveon)_spotdown.org.mp3
[2026-03-06T07:12:35.394Z] Range: bytes=8811152-8811280 -> Serving 128 bytes for In The Bible (with Lil Durk & Giveon)_spotdown.org.mp3
[2026-03-06T07:12:35.431Z] Range: bytes=0-23551 -> Serving 23552 bytes for In The Bible (with Lil Durk & Giveon)_spotdown.org.mp3
[2026-03-06T07:12:35.462Z] Range: bytes=0-1023 -> Serving 1024 bytes for Infrunami_spotdown.org.mp3
[2026-03-06T07:12:35.468Z] Range: bytes=4449858-4449986 -> Serving 128 bytes for Infrunami_spotdown.org.mp3
[2026-03-06T07:12:35.487Z] Range: bytes=0-37887 -> Serving 37888 bytes for Infrunami_spotdown.org.mp3
[2026-03-06T07:12:35.514Z] Range: bytes=0-1023 -> Serving 1024 bytes for Ivy_spotdown.org.mp3
[2026-03-06T07:12:35.517Z] Range: bytes=7533685-7533813 -> Serving 128 bytes for Ivy_spotdown.org.mp3
[2026-03-06T07:12:35.533Z] Range: bytes=0-20479 -> Serving 20480 bytes for Ivy_spotdown.org.mp3
[2026-03-06T07:12:35.562Z] Range: bytes=0-1023 -> Serving 1024 bytes for Jaded_spotdown.org.mp3
[2026-03-06T07:12:35.570Z] Range: bytes=8448464-8448592 -> Serving 128 bytes for Jaded_spotdown.org.mp3
[2026-03-06T07:12:35.582Z] Range: bytes=0-22527 -> Serving 22528 bytes for Jaded_spotdown.org.mp3
[2026-03-06T07:12:35.629Z] Range: bytes=0-1023 -> Serving 1024 bytes for Japanese Denim_spotdown.org.mp3
[2026-03-06T07:12:35.632Z] Range: bytes=7619790-7619918 -> Serving 128 bytes for Japanese Denim_spotdown.org.mp3
[2026-03-06T07:12:35.654Z] Range: bytes=0-47103 -> Serving 47104 bytes for Japanese Denim_spotdown.org.mp3
[2026-03-06T07:12:35.699Z] Range: bytes=0-1023 -> Serving 1024 bytes for Jimmy Cooks (feat. 21 Savage)_spotdown.org.mp3
[2026-03-06T07:12:35.703Z] Range: bytes=6590588-6590716 -> Serving 128 bytes for Jimmy Cooks (feat. 21 Savage)_spotdown.org.mp3
[2026-03-06T07:12:35.720Z] Range: bytes=0-30719 -> Serving 30720 bytes for Jimmy Cooks (feat. 21 Savage)_spotdown.org.mp3
[2026-03-06T07:12:35.743Z] Range: bytes=0-1023 -> Serving 1024 bytes for Jumpman_spotdown.org.mp3
[2026-03-06T07:12:35.745Z] Range: bytes=6159467-6159595 -> Serving 128 bytes for Jumpman_spotdown.org.mp3
[2026-03-06T07:12:35.766Z] Range: bytes=0-45055 -> Serving 45056 bytes for Jumpman_spotdown.org.mp3
[2026-03-06T07:12:35.800Z] Range: bytes=0-1023 -> Serving 1024 bytes for Knife Talk (with 21 Savage ft. Project Pat)_spotdown.org.mp3
[2026-03-06T07:12:35.809Z] Range: bytes=7371250-7371378 -> Serving 128 bytes for Knife Talk (with 21 Savage ft. Project Pat)_spotdown.org.mp3
[2026-03-06T07:12:35.832Z] Range: bytes=0-23551 -> Serving 23552 bytes for Knife Talk (with 21 Savage ft. Project Pat)_spotdown.org.mp3
[2026-03-06T07:12:35.860Z] Range: bytes=0-1023 -> Serving 1024 bytes for Know Yourself_spotdown.org.mp3
[2026-03-06T07:12:35.862Z] Range: bytes=6816421-6816549 -> Serving 128 bytes for Know Yourself_spotdown.org.mp3
[2026-03-06T07:12:35.882Z] Range: bytes=0-53247 -> Serving 53248 bytes for Know Yourself_spotdown.org.mp3
[2026-03-06T07:12:35.924Z] Range: bytes=0-1023 -> Serving 1024 bytes for Laugh Now Cry Later (feat. Lil Durk)_spotdown.org.mp3
[2026-03-06T07:12:35.931Z] Range: bytes=7313975-7314103 -> Serving 128 bytes for Laugh Now Cry Later (feat. Lil Durk)_spotdown.org.mp3
[2026-03-06T07:12:35.953Z] Range: bytes=0-34815 -> Serving 34816 bytes for Laugh Now Cry Later (feat. Lil Durk)_spotdown.org.mp3
[2026-03-06T07:12:35.982Z] Range: bytes=0-1023 -> Serving 1024 bytes for Legend_spotdown.org.mp3
[2026-03-06T07:12:35.988Z] Range: bytes=7423289-7423417 -> Serving 128 bytes for Legend_spotdown.org.mp3
[2026-03-06T07:12:36.015Z] Range: bytes=0-19455 -> Serving 19456 bytes for Legend_spotdown.org.mp3
[2026-03-06T07:12:36.042Z] Range: bytes=0-1023 -> Serving 1024 bytes for Life Is Good (feat. Drake)_spotdown.org.mp3
[2026-03-06T07:12:36.044Z] Range: bytes=6962900-6963028 -> Serving 128 bytes for Life Is Good (feat. Drake)_spotdown.org.mp3
[2026-03-06T07:12:36.067Z] Range: bytes=0-39935 -> Serving 39936 bytes for Life Is Good (feat. Drake)_spotdown.org.mp3
[2026-03-06T07:12:36.096Z] Range: bytes=0-1023 -> Serving 1024 bytes for Look Alive (feat. Drake)_spotdown.org.mp3
[2026-03-06T07:12:36.099Z] Range: bytes=5384505-5384633 -> Serving 128 bytes for Look Alive (feat. Drake)_spotdown.org.mp3
[2026-03-06T07:12:36.122Z] Range: bytes=0-69631 -> Serving 69632 bytes for Look Alive (feat. Drake)_spotdown.org.mp3
[2026-03-06T07:12:36.162Z] Range: bytes=0-1023 -> Serving 1024 bytes for Loose_spotdown.org.mp3
[2026-03-06T07:12:36.166Z] Range: bytes=4579606-4579734 -> Serving 128 bytes for Loose_spotdown.org.mp3
[2026-03-06T07:12:36.186Z] Range: bytes=0-84991 -> Serving 84992 bytes for Loose_spotdown.org.mp3
[2026-03-06T07:12:36.237Z] Range: bytes=0-1023 -> Serving 1024 bytes for Lost_spotdown.org.mp3
[2026-03-06T07:12:36.240Z] Range: bytes=6958074-6958202 -> Serving 128 bytes for Lost_spotdown.org.mp3
[2026-03-06T07:12:36.280Z] Range: bytes=0-21503 -> Serving 21504 bytes for Lost_spotdown.org.mp3
[2026-03-06T07:12:36.296Z] Range: bytes=0-1023 -> Serving 1024 bytes for Love Is Only a Feeling_spotdown.org.mp3
[2026-03-06T07:12:36.298Z] Range: bytes=3860145-3860273 -> Serving 128 bytes for Love Is Only a Feeling_spotdown.org.mp3
[2026-03-06T07:12:36.321Z] Range: bytes=0-41983 -> Serving 41984 bytes for Love Is Only a Feeling_spotdown.org.mp3
[2026-03-06T07:12:36.342Z] Range: bytes=0-1023 -> Serving 1024 bytes for LOVE. FEAT. ZACARI._spotdown.org.mp3
[2026-03-06T07:12:36.343Z] Range: bytes=5989775-5989903 -> Serving 128 bytes for LOVE. FEAT. ZACARI._spotdown.org.mp3
[2026-03-06T07:12:36.362Z] Range: bytes=0-32767 -> Serving 32768 bytes for LOVE. FEAT. ZACARI._spotdown.org.mp3
[2026-03-06T07:12:36.388Z] Range: bytes=0-1023 -> Serving 1024 bytes for Major Distribution_spotdown.org.mp3
[2026-03-06T07:12:36.390Z] Range: bytes=4365605-4365733 -> Serving 128 bytes for Major Distribution_spotdown.org.mp3
[2026-03-06T07:12:36.405Z] Range: bytes=0-33791 -> Serving 33792 bytes for Major Distribution_spotdown.org.mp3
[2026-03-06T07:12:36.430Z] Range: bytes=0-1023 -> Serving 1024 bytes for Marvins Room_spotdown.org.mp3
[2026-03-06T07:12:36.434Z] Range: bytes=9286084-9286212 -> Serving 128 bytes for Marvins Room_spotdown.org.mp3
[2026-03-06T07:12:36.447Z] Range: bytes=0-38911 -> Serving 38912 bytes for Marvins Room_spotdown.org.mp3
[2026-03-06T07:12:36.475Z] Range: bytes=0-1023 -> Serving 1024 bytes for Massive_spotdown.org.mp3
[2026-03-06T07:12:36.477Z] Range: bytes=9938064-9938192 -> Serving 128 bytes for Massive_spotdown.org.mp3
[2026-03-06T07:12:36.500Z] Range: bytes=0-96255 -> Serving 96256 bytes for Massive_spotdown.org.mp3
[2026-03-06T07:12:36.542Z] Range: bytes=0-1023 -> Serving 1024 bytes for MELTDOWN (feat. Drake)_spotdown.org.mp3
[2026-03-06T07:12:36.543Z] Range: bytes=7095525-7095653 -> Serving 128 bytes for MELTDOWN (feat. Drake)_spotdown.org.mp3
[2026-03-06T07:12:36.564Z] Range: bytes=0-9215 -> Serving 9216 bytes for MELTDOWN (feat. Drake)_spotdown.org.mp3
[2026-03-06T07:12:36.578Z] Range: bytes=0-1023 -> Serving 1024 bytes for MIA (feat. Drake)_spotdown.org.mp3
[2026-03-06T07:12:36.580Z] Range: bytes=6194048-6194176 -> Serving 128 bytes for MIA (feat. Drake)_spotdown.org.mp3
[2026-03-06T07:12:36.598Z] Range: bytes=0-16383 -> Serving 16384 bytes for MIA (feat. Drake)_spotdown.org.mp3
[2026-03-06T07:12:36.621Z] Range: bytes=0-1023 -> Serving 1024 bytes for Middle of the Ocean_spotdown.org.mp3
[2026-03-06T07:12:36.625Z] Range: bytes=5536043-5536171 -> Serving 128 bytes for Middle of the Ocean_spotdown.org.mp3
[2026-03-06T07:12:36.661Z] Range: bytes=0-33791 -> Serving 33792 bytes for Middle of the Ocean_spotdown.org.mp3
[2026-03-06T07:12:36.691Z] Range: bytes=0-1023 -> Serving 1024 bytes for Mob Ties_spotdown.org.mp3
[2026-03-06T07:12:36.693Z] Range: bytes=5722529-5722657 -> Serving 128 bytes for Mob Ties_spotdown.org.mp3
[2026-03-06T07:12:36.717Z] Range: bytes=0-22527 -> Serving 22528 bytes for Mob Ties_spotdown.org.mp3
[2026-03-06T07:12:36.747Z] Range: bytes=0-1023 -> Serving 1024 bytes for Money In The Grave (Drake ft. Rick Ross)_spotdown.org.mp3
[2026-03-06T07:12:36.755Z] Range: bytes=6132187-6132315 -> Serving 128 bytes for Money In The Grave (Drake ft. Rick Ross)_spotdown.org.mp3
[2026-03-06T07:12:36.782Z] Range: bytes=0-16383 -> Serving 16384 bytes for Money In The Grave (Drake ft. Rick Ross)_spotdown.org.mp3
[2026-03-06T07:12:36.805Z] Range: bytes=0-1023 -> Serving 1024 bytes for Mr. Right Now (feat. Drake)_spotdown.org.mp3
[2026-03-06T07:12:36.807Z] Range: bytes=6585681-6585809 -> Serving 128 bytes for Mr. Right Now (feat. Drake)_spotdown.org.mp3
[2026-03-06T07:12:36.832Z] Range: bytes=0-70655 -> Serving 70656 bytes for Mr. Right Now (feat. Drake)_spotdown.org.mp3
[2026-03-06T07:12:36.868Z] Range: bytes=0-1023 -> Serving 1024 bytes for My Way (feat. Monty)_spotdown.org.mp3
[2026-03-06T07:12:36.872Z] Range: bytes=6429737-6429865 -> Serving 128 bytes for My Way (feat. Monty)_spotdown.org.mp3
[2026-03-06T07:12:36.894Z] Range: bytes=0-113663 -> Serving 113664 bytes for My Way (feat. Monty)_spotdown.org.mp3
[2026-03-06T07:12:36.943Z] Range: bytes=0-1023 -> Serving 1024 bytes for N Side_spotdown.org.mp3
[2026-03-06T07:12:36.946Z] Range: bytes=7446338-7446466 -> Serving 128 bytes for N Side_spotdown.org.mp3
[2026-03-06T07:12:36.965Z] Range: bytes=0-20479 -> Serving 20480 bytes for N Side_spotdown.org.mp3
[2026-03-06T07:12:36.992Z] Range: bytes=0-1023 -> Serving 1024 bytes for Needle (feat. Drake)_spotdown.org.mp3
[2026-03-06T07:12:36.994Z] Range: bytes=7204589-7204717 -> Serving 128 bytes for Needle (feat. Drake)_spotdown.org.mp3
[2026-03-06T07:12:37.016Z] Range: bytes=0-127999 -> Serving 128000 bytes for Needle (feat. Drake)_spotdown.org.mp3
[2026-03-06T07:12:37.075Z] Range: bytes=0-1023 -> Serving 1024 bytes for Nice For What_spotdown.org.mp3
[2026-03-06T07:12:37.076Z] Range: bytes=5995567-5995695 -> Serving 128 bytes for Nice For What_spotdown.org.mp3
[2026-03-06T07:12:37.097Z] Range: bytes=0-22527 -> Serving 22528 bytes for Nice For What_spotdown.org.mp3
[2026-03-06T07:12:37.113Z] Range: bytes=0-1023 -> Serving 1024 bytes for Nights_spotdown.org.mp3
[2026-03-06T07:12:37.115Z] Range: bytes=8998451-8998579 -> Serving 128 bytes for Nights_spotdown.org.mp3
[2026-03-06T07:12:37.136Z] Range: bytes=0-82943 -> Serving 82944 bytes for Nights_spotdown.org.mp3
[2026-03-06T07:12:37.165Z] Range: bytes=0-1023 -> Serving 1024 bytes for No Guidance (feat. Drake)_spotdown.org.mp3
[2026-03-06T07:12:37.168Z] Range: bytes=7199968-7200096 -> Serving 128 bytes for No Guidance (feat. Drake)_spotdown.org.mp3
[2026-03-06T07:12:37.184Z] Range: bytes=0-129023 -> Serving 129024 bytes for No Guidance (feat. Drake)_spotdown.org.mp3
[2026-03-06T07:12:37.225Z] Range: bytes=0-1023 -> Serving 1024 bytes for Nonstop_spotdown.org.mp3
[2026-03-06T07:12:37.227Z] Range: bytes=6712667-6712795 -> Serving 128 bytes for Nonstop_spotdown.org.mp3
[2026-03-06T07:12:37.250Z] Range: bytes=0-22527 -> Serving 22528 bytes for Nonstop_spotdown.org.mp3
[2026-03-06T07:12:37.271Z] Range: bytes=0-1023 -> Serving 1024 bytes for Not You Too (feat. Chris Brown)_spotdown.org.mp3
[2026-03-06T07:12:37.272Z] Range: bytes=7665210-7665338 -> Serving 128 bytes for Not You Too (feat. Chris Brown)_spotdown.org.mp3
[2026-03-06T07:12:37.290Z] Range: bytes=0-41983 -> Serving 41984 bytes for Not You Too (feat. Chris Brown)_spotdown.org.mp3
[2026-03-06T07:12:37.314Z] Range: bytes=0-1023 -> Serving 1024 bytes for Omertà_spotdown.org.mp3
[2026-03-06T07:12:37.321Z] Range: bytes=6524785-6524913 -> Serving 128 bytes for Omertà_spotdown.org.mp3
[2026-03-06T07:12:37.349Z] Range: bytes=0-16383 -> Serving 16384 bytes for Omertà_spotdown.org.mp3
[2026-03-06T07:12:37.376Z] Range: bytes=0-1023 -> Serving 1024 bytes for On BS_spotdown.org.mp3
[2026-03-06T07:12:37.377Z] Range: bytes=7266820-7266948 -> Serving 128 bytes for On BS_spotdown.org.mp3
[2026-03-06T07:12:37.398Z] Range: bytes=0-133119 -> Serving 133120 bytes for On BS_spotdown.org.mp3
[2026-03-06T07:12:37.461Z] Range: bytes=0-1023 -> Serving 1024 bytes for One Dance_spotdown.org.mp3
[2026-03-06T07:12:37.463Z] Range: bytes=121250-121378 -> Serving 128 bytes for One Dance_spotdown.org.mp3
[2026-03-06T07:12:37.483Z] Range: bytes=0-21503 -> Serving 21504 bytes for One Dance_spotdown.org.mp3
[2026-03-06T07:12:37.515Z] Range: bytes=0-1023 -> Serving 1024 bytes for One Night Only_spotdown.org.mp3
[2026-03-06T07:12:37.518Z] Range: bytes=5993211-5993339 -> Serving 128 bytes for One Night Only_spotdown.org.mp3
[2026-03-06T07:12:37.547Z] Range: bytes=0-109567 -> Serving 109568 bytes for One Night Only_spotdown.org.mp3
[2026-03-06T07:12:37.588Z] Range: bytes=0-1023 -> Serving 1024 bytes for Passionfruit_spotdown.org.mp3
[2026-03-06T07:12:37.590Z] Range: bytes=8894277-8894405 -> Serving 128 bytes for Passionfruit_spotdown.org.mp3
[2026-03-06T07:12:37.615Z] Range: bytes=0-23551 -> Serving 23552 bytes for Passionfruit_spotdown.org.mp3
[2026-03-06T07:12:37.639Z] Range: bytes=0-1023 -> Serving 1024 bytes for Peak_spotdown.org.mp3
[2026-03-06T07:12:37.641Z] Range: bytes=6251988-6252116 -> Serving 128 bytes for Peak_spotdown.org.mp3
[2026-03-06T07:12:37.664Z] Range: bytes=0-22527 -> Serving 22528 bytes for Peak_spotdown.org.mp3
[2026-03-06T07:12:37.689Z] Range: bytes=0-1023 -> Serving 1024 bytes for Pink + White_spotdown.org.mp3
[2026-03-06T07:12:37.691Z] Range: bytes=5568324-5568452 -> Serving 128 bytes for Pink + White_spotdown.org.mp3
[2026-03-06T07:12:37.716Z] Range: bytes=0-20479 -> Serving 20480 bytes for Pink + White_spotdown.org.mp3
[2026-03-06T07:12:37.746Z] Range: bytes=0-1023 -> Serving 1024 bytes for Pink Matter_spotdown.org.mp3
[2026-03-06T07:12:37.749Z] Range: bytes=7174002-7174130 -> Serving 128 bytes for Pink Matter_spotdown.org.mp3
[2026-03-06T07:12:37.765Z] Range: bytes=0-22527 -> Serving 22528 bytes for Pink Matter_spotdown.org.mp3
[2026-03-06T07:12:37.790Z] Range: bytes=0-1023 -> Serving 1024 bytes for POPSTAR (feat. Drake)_spotdown.org.mp3
[2026-03-06T07:12:37.791Z] Range: bytes=5036815-5036943 -> Serving 128 bytes for POPSTAR (feat. Drake)_spotdown.org.mp3
[2026-03-06T07:12:37.809Z] Range: bytes=0-55295 -> Serving 55296 bytes for POPSTAR (feat. Drake)_spotdown.org.mp3
[2026-03-06T07:12:37.844Z] Range: bytes=0-1023 -> Serving 1024 bytes for Push Ups_spotdown.org.mp3
[2026-03-06T07:12:37.850Z] Range: bytes=6396747-6396875 -> Serving 128 bytes for Push Ups_spotdown.org.mp3
[2026-03-06T07:12:37.872Z] Range: bytes=0-102399 -> Serving 102400 bytes for Push Ups_spotdown.org.mp3
[2026-03-06T07:12:37.918Z] Range: bytes=0-1023 -> Serving 1024 bytes for Pussy & Millions (feat. Travis Scott)_spotdown.org.mp3
[2026-03-06T07:12:37.920Z] Range: bytes=2160278-2160406 -> Serving 128 bytes for Pussy & Millions (feat. Travis Scott)_spotdown.org.mp3
[2026-03-06T07:12:37.944Z] Range: bytes=0-33791 -> Serving 33792 bytes for Pussy & Millions (feat. Travis Scott)_spotdown.org.mp3
[2026-03-06T07:12:37.970Z] Range: bytes=0-1023 -> Serving 1024 bytes for Recognize (feat. Drake)_spotdown.org (1).mp3
[2026-03-06T07:12:37.974Z] Range: bytes=9251871-9251999 -> Serving 128 bytes for Recognize (feat. Drake)_spotdown.org (1).mp3
[2026-03-06T07:12:38.000Z] Range: bytes=0-41983 -> Serving 41984 bytes for Recognize (feat. Drake)_spotdown.org (1).mp3
[2026-03-06T07:12:38.025Z] Range: bytes=0-1023 -> Serving 1024 bytes for Recognize (feat. Drake)_spotdown.org.mp3
[2026-03-06T07:12:38.026Z] Range: bytes=9223868-9223996 -> Serving 128 bytes for Recognize (feat. Drake)_spotdown.org.mp3
[2026-03-06T07:12:38.057Z] Range: bytes=0-14335 -> Serving 14336 bytes for Recognize (feat. Drake)_spotdown.org.mp3
[2026-03-06T07:12:38.075Z] Range: bytes=0-1023 -> Serving 1024 bytes for Rich Baby Daddy (feat. Sexyy Red & SZA)_spotdown.org.mp3
[2026-03-06T07:12:38.077Z] Range: bytes=9544906-9545034 -> Serving 128 bytes for Rich Baby Daddy (feat. Sexyy Red & SZA)_spotdown.org.mp3
[2026-03-06T07:12:38.098Z] Range: bytes=0-18431 -> Serving 18432 bytes for Rich Baby Daddy (feat. Sexyy Red & SZA)_spotdown.org.mp3
[2026-03-06T07:12:38.124Z] Range: bytes=0-1023 -> Serving 1024 bytes for Rich Flex_spotdown.org.mp3
[2026-03-06T07:12:38.126Z] Range: bytes=6970132-6970260 -> Serving 128 bytes for Rich Flex_spotdown.org.mp3
[2026-03-06T07:12:38.163Z] Range: bytes=0-132095 -> Serving 132096 bytes for Rich Flex_spotdown.org.mp3
[2026-03-06T07:12:38.223Z] Range: bytes=0-1023 -> Serving 1024 bytes for Sativa_spotdown.org.mp3
[2026-03-06T07:12:38.224Z] Range: bytes=8435046-8435174 -> Serving 128 bytes for Sativa_spotdown.org.mp3
[2026-03-06T07:12:38.248Z] Range: bytes=0-214015 -> Serving 214016 bytes for Sativa_spotdown.org.mp3
[2026-03-06T07:12:38.335Z] Range: bytes=0-1023 -> Serving 1024 bytes for Search & Rescue_spotdown.org.mp3
[2026-03-06T07:12:38.336Z] Range: bytes=7666337-7666465 -> Serving 128 bytes for Search & Rescue_spotdown.org.mp3
[2026-03-06T07:12:38.360Z] Range: bytes=0-12287 -> Serving 12288 bytes for Search & Rescue_spotdown.org.mp3
[2026-03-06T07:12:38.381Z] Range: bytes=0-1023 -> Serving 1024 bytes for Self Control_spotdown.org.mp3
[2026-03-06T07:12:38.383Z] Range: bytes=6616223-6616351 -> Serving 128 bytes for Self Control_spotdown.org.mp3
[2026-03-06T07:12:38.398Z] Range: bytes=0-82943 -> Serving 82944 bytes for Self Control_spotdown.org.mp3
[2026-03-06T07:12:38.443Z] Range: bytes=0-1023 -> Serving 1024 bytes for She_spotdown.org.mp3
[2026-03-06T07:12:38.446Z] Range: bytes=7372052-7372180 -> Serving 128 bytes for She_spotdown.org.mp3
[2026-03-06T07:12:38.464Z] Range: bytes=0-147455 -> Serving 147456 bytes for She_spotdown.org.mp3
[2026-03-06T07:12:38.530Z] Range: bytes=0-1023 -> Serving 1024 bytes for Shot For Me_spotdown.org.mp3
[2026-03-06T07:12:38.532Z] Range: bytes=6146179-6146307 -> Serving 128 bytes for Shot For Me_spotdown.org.mp3
[2026-03-06T07:12:38.547Z] Range: bytes=0-38911 -> Serving 38912 bytes for Shot For Me_spotdown.org.mp3
[2026-03-06T07:12:38.574Z] Range: bytes=0-1023 -> Serving 1024 bytes for SICKO MODE_spotdown.org.mp3
[2026-03-06T07:12:38.575Z] Range: bytes=9408955-9409083 -> Serving 128 bytes for SICKO MODE_spotdown.org.mp3
[2026-03-06T07:12:38.614Z] Range: bytes=0-185343 -> Serving 185344 bytes for SICKO MODE_spotdown.org.mp3
[2026-03-06T07:12:38.697Z] Range: bytes=0-1023 -> Serving 1024 bytes for Sideways_spotdown.org.mp3
[2026-03-06T07:12:38.699Z] Range: bytes=8261138-8261266 -> Serving 128 bytes for Sideways_spotdown.org.mp3
[2026-03-06T07:12:38.725Z] Range: bytes=0-178175 -> Serving 178176 bytes for Sideways_spotdown.org.mp3
[2026-03-06T07:12:38.817Z] Range: bytes=0-1023 -> Serving 1024 bytes for Slide (feat. Frank Ocean & Migos)_spotdown.org.mp3
[2026-03-06T07:12:38.823Z] Range: bytes=6869276-6869404 -> Serving 128 bytes for Slide (feat. Frank Ocean & Migos)_spotdown.org.mp3
[2026-03-06T07:12:38.848Z] Range: bytes=0-28671 -> Serving 28672 bytes for Slide (feat. Frank Ocean & Migos)_spotdown.org.mp3
[2026-03-06T07:12:38.876Z] Range: bytes=0-1023 -> Serving 1024 bytes for Slime You Out (feat. SZA)_spotdown.org.mp3
[2026-03-06T07:12:38.877Z] Range: bytes=8438087-8438215 -> Serving 128 bytes for Slime You Out (feat. SZA)_spotdown.org.mp3
[2026-03-06T07:12:38.920Z] Range: bytes=0-75775 -> Serving 75776 bytes for Slime You Out (feat. SZA)_spotdown.org.mp3
[2026-03-06T07:12:38.964Z] Range: bytes=0-1023 -> Serving 1024 bytes for SLOW DANCING IN THE DARK_spotdown.org.mp3
[2026-03-06T07:12:38.968Z] Range: bytes=5685187-5685315 -> Serving 128 bytes for SLOW DANCING IN THE DARK_spotdown.org.mp3
[2026-03-06T07:12:38.989Z] Range: bytes=0-121855 -> Serving 121856 bytes for SLOW DANCING IN THE DARK_spotdown.org.mp3
[2026-03-06T07:12:39.059Z] Range: bytes=0-1023 -> Serving 1024 bytes for Small Worlds_spotdown.org.mp3
[2026-03-06T07:12:39.061Z] Range: bytes=8102302-8102430 -> Serving 128 bytes for Small Worlds_spotdown.org.mp3
[2026-03-06T07:12:39.085Z] Range: bytes=0-11263 -> Serving 11264 bytes for Small Worlds_spotdown.org.mp3
[2026-03-06T07:12:39.103Z] Range: bytes=0-1023 -> Serving 1024 bytes for Sooner Than Later_spotdown.org.mp3
[2026-03-06T07:12:39.105Z] Range: bytes=7020264-7020392 -> Serving 128 bytes for Sooner Than Later_spotdown.org.mp3
[2026-03-06T07:12:39.120Z] Range: bytes=0-11263 -> Serving 11264 bytes for Sooner Than Later_spotdown.org.mp3
[2026-03-06T07:12:39.138Z] Range: bytes=0-1023 -> Serving 1024 bytes for Spin Bout U_spotdown.org.mp3
[2026-03-06T07:12:39.140Z] Range: bytes=6578004-6578132 -> Serving 128 bytes for Spin Bout U_spotdown.org.mp3
[2026-03-06T07:12:39.164Z] Range: bytes=0-133119 -> Serving 133120 bytes for Spin Bout U_spotdown.org.mp3
[2026-03-06T07:12:39.227Z] Range: bytes=0-1023 -> Serving 1024 bytes for Started From the Bottom_spotdown.org.mp3
[2026-03-06T07:12:39.230Z] Range: bytes=4743159-4743287 -> Serving 128 bytes for Started From the Bottom_spotdown.org.mp3
[2026-03-06T07:12:39.248Z] Range: bytes=0-25599 -> Serving 25600 bytes for Started From the Bottom_spotdown.org.mp3
[2026-03-06T07:12:39.269Z] Range: bytes=0-1023 -> Serving 1024 bytes for Sticky_spotdown.org.mp3
[2026-03-06T07:12:39.271Z] Range: bytes=7108308-7108436 -> Serving 128 bytes for Sticky_spotdown.org.mp3
[2026-03-06T07:12:39.281Z] Range: bytes=0-30719 -> Serving 30720 bytes for Sticky_spotdown.org.mp3
[2026-03-06T07:12:39.306Z] Range: bytes=0-1023 -> Serving 1024 bytes for Sunday (feat. Frank Ocean)_spotdown.org.mp3
[2026-03-06T07:12:39.307Z] Range: bytes=6307517-6307645 -> Serving 128 bytes for Sunday (feat. Frank Ocean)_spotdown.org.mp3
[2026-03-06T07:12:39.330Z] Range: bytes=0-30719 -> Serving 30720 bytes for Sunday (feat. Frank Ocean)_spotdown.org.mp3
[2026-03-06T07:12:39.352Z] Range: bytes=0-1023 -> Serving 1024 bytes for Sunshine (feat. Fousheé)_spotdown.org.mp3
[2026-03-06T07:12:39.355Z] Range: bytes=9559776-9559904 -> Serving 128 bytes for Sunshine (feat. Fousheé)_spotdown.org.mp3
[2026-03-06T07:12:39.375Z] Range: bytes=0-31743 -> Serving 31744 bytes for Sunshine (feat. Fousheé)_spotdown.org.mp3
[2026-03-06T07:12:39.397Z] Range: bytes=0-1023 -> Serving 1024 bytes for Super Rich Kids_spotdown.org.mp3
[2026-03-06T07:12:39.399Z] Range: bytes=8814909-8815037 -> Serving 128 bytes for Super Rich Kids_spotdown.org.mp3
[2026-03-06T07:12:39.421Z] Range: bytes=0-22527 -> Serving 22528 bytes for Super Rich Kids_spotdown.org.mp3
[2026-03-06T07:12:39.443Z] Range: bytes=0-1023 -> Serving 1024 bytes for Superpower (feat. Frank Ocean)_spotdown.org.mp3
[2026-03-06T07:12:39.446Z] Range: bytes=7987819-7987947 -> Serving 128 bytes for Superpower (feat. Frank Ocean)_spotdown.org.mp3
[2026-03-06T07:12:39.473Z] Range: bytes=0-7167 -> Serving 7168 bytes for Superpower (feat. Frank Ocean)_spotdown.org.mp3
[2026-03-06T07:12:39.508Z] Range: bytes=0-1023 -> Serving 1024 bytes for Superpowers_spotdown.org.mp3
[2026-03-06T07:12:39.510Z] Range: bytes=5118888-5119016 -> Serving 128 bytes for Superpowers_spotdown.org.mp3
[2026-03-06T07:12:39.531Z] Range: bytes=0-33791 -> Serving 33792 bytes for Superpowers_spotdown.org.mp3
[2026-03-06T07:12:39.558Z] Range: bytes=0-1023 -> Serving 1024 bytes for Sure Thing_spotdown.org.mp3
[2026-03-06T07:12:39.560Z] Range: bytes=5995909-5996037 -> Serving 128 bytes for Sure Thing_spotdown.org.mp3
[2026-03-06T07:12:39.583Z] Range: bytes=0-29695 -> Serving 29696 bytes for Sure Thing_spotdown.org.mp3
[2026-03-06T07:12:39.617Z] Range: bytes=0-1023 -> Serving 1024 bytes for Talk Up (feat. Jay-Z)_spotdown.org.mp3
[2026-03-06T07:12:39.622Z] Range: bytes=3655528-3655656 -> Serving 128 bytes for Talk Up (feat. Jay-Z)_spotdown.org.mp3
[2026-03-06T07:12:39.648Z] Range: bytes=0-22527 -> Serving 22528 bytes for Talk Up (feat. Jay-Z)_spotdown.org.mp3
[2026-03-06T07:12:39.679Z] Range: bytes=0-1023 -> Serving 1024 bytes for That’s How You Feel_spotdown.org.mp3
[2026-03-06T07:12:39.682Z] Range: bytes=4297087-4297215 -> Serving 128 bytes for That’s How You Feel_spotdown.org.mp3
[2026-03-06T07:12:39.714Z] Range: bytes=0-22527 -> Serving 22528 bytes for That’s How You Feel_spotdown.org.mp3
[2026-03-06T07:12:39.741Z] Range: bytes=0-1023 -> Serving 1024 bytes for The Motto_spotdown.org.mp3
[2026-03-06T07:12:39.744Z] Range: bytes=4927975-4928103 -> Serving 128 bytes for The Motto_spotdown.org.mp3
[2026-03-06T07:12:39.773Z] Range: bytes=0-138239 -> Serving 138240 bytes for The Motto_spotdown.org.mp3
[2026-03-06T07:12:39.847Z] Range: bytes=0-1023 -> Serving 1024 bytes for Thinkin Bout You_spotdown.org.mp3
[2026-03-06T07:12:39.849Z] Range: bytes=5861879-5862007 -> Serving 128 bytes for Thinkin Bout You_spotdown.org.mp3
[2026-03-06T07:12:39.865Z] Range: bytes=0-22527 -> Serving 22528 bytes for Thinkin Bout You_spotdown.org.mp3
[2026-03-06T07:12:39.887Z] Range: bytes=0-1023 -> Serving 1024 bytes for Too Fast_spotdown.org.mp3
[2026-03-06T07:12:39.890Z] Range: bytes=8615192-8615320 -> Serving 128 bytes for Too Fast_spotdown.org.mp3
[2026-03-06T07:12:39.914Z] Range: bytes=0-27647 -> Serving 27648 bytes for Too Fast_spotdown.org.mp3
[2026-03-06T07:12:39.938Z] Range: bytes=0-1023 -> Serving 1024 bytes for Toosie Slide_spotdown.org.mp3
[2026-03-06T07:12:39.942Z] Range: bytes=6497720-6497848 -> Serving 128 bytes for Toosie Slide_spotdown.org.mp3
[2026-03-06T07:12:39.964Z] Range: bytes=0-41983 -> Serving 41984 bytes for Toosie Slide_spotdown.org.mp3
[2026-03-06T07:12:39.992Z] Range: bytes=0-1023 -> Serving 1024 bytes for Trust Issues_spotdown.org.mp3
[2026-03-06T07:12:39.996Z] Range: bytes=8069210-8069338 -> Serving 128 bytes for Trust Issues_spotdown.org.mp3
[2026-03-06T07:12:40.015Z] Range: bytes=0-70655 -> Serving 70656 bytes for Trust Issues_spotdown.org.mp3
[2026-03-06T07:12:40.051Z] Range: bytes=0-1023 -> Serving 1024 bytes for TSU_spotdown.org.mp3
[2026-03-06T07:12:40.053Z] Range: bytes=8987656-8987784 -> Serving 128 bytes for TSU_spotdown.org.mp3
[2026-03-06T07:12:40.064Z] Range: bytes=0-23551 -> Serving 23552 bytes for TSU_spotdown.org.mp3
[2026-03-06T07:12:40.089Z] Range: bytes=0-1023 -> Serving 1024 bytes for Virginia Beach_spotdown.org.mp3
[2026-03-06T07:12:40.090Z] Range: bytes=7022280-7022408 -> Serving 128 bytes for Virginia Beach_spotdown.org.mp3
[2026-03-06T07:12:40.114Z] Range: bytes=0-18431 -> Serving 18432 bytes for Virginia Beach_spotdown.org.mp3
[2026-03-06T07:12:40.135Z] Range: bytes=0-1023 -> Serving 1024 bytes for WAIT FOR U (feat. Drake & Tems)_spotdown.org.mp3
[2026-03-06T07:12:40.139Z] Range: bytes=5632773-5632901 -> Serving 128 bytes for WAIT FOR U (feat. Drake & Tems)_spotdown.org.mp3
[2026-03-06T07:12:40.158Z] Range: bytes=0-94207 -> Serving 94208 bytes for WAIT FOR U (feat. Drake & Tems)_spotdown.org.mp3
[2026-03-06T07:12:40.202Z] Range: bytes=0-1023 -> Serving 1024 bytes for Walk It Talk It_spotdown.org.mp3
[2026-03-06T07:12:40.204Z] Range: bytes=8235748-8235876 -> Serving 128 bytes for Walk It Talk It_spotdown.org.mp3
[2026-03-06T07:12:40.223Z] Range: bytes=0-105471 -> Serving 105472 bytes for Walk It Talk It_spotdown.org.mp3
[2026-03-06T07:12:40.267Z] Range: bytes=0-1023 -> Serving 1024 bytes for Wants and Needs (feat. Lil Baby)_spotdown.org.mp3
[2026-03-06T07:12:40.269Z] Range: bytes=5574923-5575051 -> Serving 128 bytes for Wants and Needs (feat. Lil Baby)_spotdown.org.mp3
[2026-03-06T07:12:40.298Z] Range: bytes=0-11263 -> Serving 11264 bytes for Wants and Needs (feat. Lil Baby)_spotdown.org.mp3
[2026-03-06T07:12:40.322Z] Range: bytes=0-1023 -> Serving 1024 bytes for Way 2 Sexy (with Future & Young Thug)_spotdown.org.mp3
[2026-03-06T07:12:40.324Z] Range: bytes=7357534-7357662 -> Serving 128 bytes for Way 2 Sexy (with Future & Young Thug)_spotdown.org.mp3
[2026-03-06T07:12:40.347Z] Range: bytes=0-64511 -> Serving 64512 bytes for Way 2 Sexy (with Future & Young Thug)_spotdown.org.mp3
[2026-03-06T07:12:40.391Z] Range: bytes=0-1023 -> Serving 1024 bytes for We Find Love_spotdown.org.mp3
[2026-03-06T07:12:40.393Z] Range: bytes=7215792-7215920 -> Serving 128 bytes for We Find Love_spotdown.org.mp3
[2026-03-06T07:12:40.422Z] Range: bytes=0-84991 -> Serving 84992 bytes for We Find Love_spotdown.org.mp3
[2026-03-06T07:12:40.462Z] Range: bytes=0-1023 -> Serving 1024 bytes for What You Heard_spotdown.org.mp3
[2026-03-06T07:12:40.465Z] Range: bytes=7035255-7035383 -> Serving 128 bytes for What You Heard_spotdown.org.mp3
[2026-03-06T07:12:40.487Z] Range: bytes=0-46079 -> Serving 46080 bytes for What You Heard_spotdown.org.mp3
[2026-03-06T07:12:40.524Z] Range: bytes=0-1023 -> Serving 1024 bytes for What's Next_spotdown.org.mp3
[2026-03-06T07:12:40.525Z] Range: bytes=5193809-5193937 -> Serving 128 bytes for What's Next_spotdown.org.mp3
[2026-03-06T07:12:40.554Z] Range: bytes=0-56319 -> Serving 56320 bytes for What's Next_spotdown.org.mp3
[2026-03-06T07:12:40.588Z] Range: bytes=0-1023 -> Serving 1024 bytes for White (feat. Frank Ocean)_spotdown.org.mp3
[2026-03-06T07:12:40.590Z] Range: bytes=3620157-3620285 -> Serving 128 bytes for White (feat. Frank Ocean)_spotdown.org.mp3
[2026-03-06T07:12:40.614Z] Range: bytes=0-29695 -> Serving 29696 bytes for White (feat. Frank Ocean)_spotdown.org.mp3
[2026-03-06T07:12:40.641Z] Range: bytes=0-1023 -> Serving 1024 bytes for Who Told You (feat. Drake)_spotdown.org.mp3
[2026-03-06T07:12:40.642Z] Range: bytes=5651484-5651612 -> Serving 128 bytes for Who Told You (feat. Drake)_spotdown.org.mp3
[2026-03-06T07:12:40.663Z] Range: bytes=0-25599 -> Serving 25600 bytes for Who Told You (feat. Drake)_spotdown.org.mp3
[2026-03-06T07:12:40.687Z] Range: bytes=0-1023 -> Serving 1024 bytes for Wildfire (feat. Frank Ocean)_spotdown.org.mp3
[2026-03-06T07:12:40.689Z] Range: bytes=2743259-2743387 -> Serving 128 bytes for Wildfire (feat. Frank Ocean)_spotdown.org.mp3
[2026-03-06T07:12:40.706Z] Range: bytes=0-94207 -> Serving 94208 bytes for Wildfire (feat. Frank Ocean)_spotdown.org.mp3
[2026-03-06T07:12:40.755Z] Range: bytes=0-1023 -> Serving 1024 bytes for Work_spotdown.org.mp3
[2026-03-06T07:12:40.757Z] Range: bytes=6253650-6253778 -> Serving 128 bytes for Work_spotdown.org.mp3
[2026-03-06T07:12:40.780Z] Range: bytes=0-24575 -> Serving 24576 bytes for Work_spotdown.org.mp3
[2026-03-06T07:12:40.809Z] Range: bytes=0-1023 -> Serving 1024 bytes for Yebba’s Heartbreak_spotdown.org.mp3
[2026-03-06T07:12:40.810Z] Range: bytes=3515846-3515974 -> Serving 128 bytes for Yebba’s Heartbreak_spotdown.org.mp3
[2026-03-06T07:12:40.832Z] Range: bytes=0-64511 -> Serving 64512 bytes for Yebba’s Heartbreak_spotdown.org.mp3
[2026-03-06T07:12:40.869Z] Range: bytes=0-1023 -> Serving 1024 bytes for You Broke My Heart_spotdown.org.mp3
[2026-03-06T07:12:40.871Z] Range: bytes=6654251-6654379 -> Serving 128 bytes for You Broke My Heart_spotdown.org.mp3
[2026-03-06T07:12:40.897Z] Range: bytes=0-21503 -> Serving 21504 bytes for You Broke My Heart_spotdown.org.mp3
[2026-03-06T08:01:29.458Z] Range: bytes=0- -> Serving 7022408 bytes for Virginia Beach_spotdown.org.mp3
[2026-03-06T08:01:31.714Z] Range: bytes=0- -> Serving 8235876 bytes for Walk It Talk It_spotdown.org.mp3
[2026-03-06T08:01:31.902Z] File system change detected: change Virginia Beach_spotdown.org.mp3. Notifying clients.
[2026-03-06T08:01:33.019Z] Range: bytes=0- -> Serving 7215920 bytes for We Find Love_spotdown.org.mp3
[2026-03-06T08:01:33.489Z] Range: bytes=0- -> Serving 3620285 bytes for White (feat. Frank Ocean)_spotdown.org.mp3
[2026-03-06T08:01:34.055Z] Range: bytes=0- -> Serving 2743387 bytes for Wildfire (feat. Frank Ocean)_spotdown.org.mp3
[2026-03-06T08:01:34.571Z] Range: bytes=0- -> Serving 6654379 bytes for You Broke My Heart_spotdown.org.mp3
[2026-03-06T08:01:36.640Z] File system change detected: change You Broke My Heart_spotdown.org.mp3. Notifying clients.
[2026-03-06T08:43:21.141Z] Range: bytes=32768- -> Serving 6621611 bytes for You Broke My Heart_spotdown.org.mp3
[2026-03-06T09:17:53.749Z] Range: bytes=0- -> Serving 6963028 bytes for Life Is Good (feat. Drake)_spotdown.org.mp3
[2026-03-06T09:17:56.119Z] File system change detected: change Life Is Good (feat. Drake)_spotdown.org.mp3. Notifying clients.
[2026-03-06T10:51:24.576Z] File system change detected: change Walk It Talk It_spotdown.org.mp3. Notifying clients.
[2026-03-06T10:52:17.272Z] File system change detected: change Work_spotdown.org.mp3. Notifying clients.
[2026-03-06T11:14:20.326Z] Range: bytes=0-1023 -> Serving 1024 bytes for 8 Out Of 10_spotdown.org.mp3
[2026-03-06T11:14:20.327Z] Range: bytes=2939260-2939388 -> Serving 128 bytes for 8 Out Of 10_spotdown.org.mp3
[2026-03-06T11:14:20.426Z] Range: bytes=0-22527 -> Serving 22528 bytes for 8 Out Of 10_spotdown.org.mp3
[2026-03-06T11:14:20.458Z] Range: bytes=0-1023 -> Serving 1024 bytes for A Keeper_spotdown.org.mp3
[2026-03-06T11:14:20.460Z] Range: bytes=4759998-4760126 -> Serving 128 bytes for A Keeper_spotdown.org.mp3
[2026-03-06T11:14:20.473Z] Range: bytes=0-30719 -> Serving 30720 bytes for A Keeper_spotdown.org.mp3
[2026-03-06T11:14:20.492Z] Range: bytes=0-1023 -> Serving 1024 bytes for act ii_ date @ 8 (feat. Drake) - remix_spotdown.org.mp3
[2026-03-06T11:14:20.493Z] Range: bytes=6731275-6731403 -> Serving 128 bytes for act ii_ date @ 8 (feat. Drake) - remix_spotdown.org.mp3
[2026-03-06T11:14:20.520Z] Range: bytes=0-32767 -> Serving 32768 bytes for act ii_ date @ 8 (feat. Drake) - remix_spotdown.org.mp3
[2026-03-06T11:14:20.541Z] Range: bytes=0-1023 -> Serving 1024 bytes for All I Want Is You (feat. J. Cole)_spotdown.org.mp3
[2026-03-06T11:14:20.543Z] Range: bytes=8639723-8639851 -> Serving 128 bytes for All I Want Is You (feat. J. Cole)_spotdown.org.mp3
[2026-03-06T11:14:20.562Z] Range: bytes=0-29695 -> Serving 29696 bytes for All I Want Is You (feat. J. Cole)_spotdown.org.mp3
[2026-03-06T11:14:20.582Z] Range: bytes=0-1023 -> Serving 1024 bytes for Another Late Night (feat. Lil Yachty)_spotdown.org.mp3
[2026-03-06T11:14:20.587Z] Range: bytes=4839235-4839363 -> Serving 128 bytes for Another Late Night (feat. Lil Yachty)_spotdown.org.mp3
[2026-03-06T11:14:20.615Z] Range: bytes=0-18431 -> Serving 18432 bytes for Another Late Night (feat. Lil Yachty)_spotdown.org.mp3
[2026-03-06T11:14:20.636Z] Range: bytes=0-1023 -> Serving 1024 bytes for Bahamas Promises_spotdown.org.mp3
[2026-03-06T11:14:20.640Z] Range: bytes=5410627-5410755 -> Serving 128 bytes for Bahamas Promises_spotdown.org.mp3
[2026-03-06T11:14:20.663Z] Range: bytes=0-75775 -> Serving 75776 bytes for Bahamas Promises_spotdown.org.mp3
[2026-03-06T11:14:20.689Z] Range: bytes=0-1023 -> Serving 1024 bytes for Belong to the City_spotdown.org.mp3
[2026-03-06T11:14:20.694Z] Range: bytes=2818785-2818913 -> Serving 128 bytes for Belong to the City_spotdown.org.mp3
[2026-03-06T11:14:20.712Z] Range: bytes=0-41983 -> Serving 41984 bytes for Belong to the City_spotdown.org.mp3
[2026-03-06T11:14:20.735Z] Range: bytes=0-1023 -> Serving 1024 bytes for Blessings_spotdown.org.mp3
[2026-03-06T11:14:20.737Z] Range: bytes=7408901-7409029 -> Serving 128 bytes for Blessings_spotdown.org.mp3
[2026-03-06T11:14:20.759Z] Range: bytes=0-30719 -> Serving 30720 bytes for Blessings_spotdown.org.mp3
[2026-03-06T11:14:20.784Z] Range: bytes=0-1023 -> Serving 1024 bytes for Both (feat. Drake)_spotdown.org.mp3
[2026-03-06T11:14:20.787Z] Range: bytes=5810471-5810599 -> Serving 128 bytes for Both (feat. Drake)_spotdown.org.mp3
[2026-03-06T11:14:20.813Z] Range: bytes=0-36863 -> Serving 36864 bytes for Both (feat. Drake)_spotdown.org.mp3
[2026-03-06T11:14:20.834Z] Range: bytes=0-1023 -> Serving 1024 bytes for Break from Toronto_spotdown.org.mp3
[2026-03-06T11:14:20.837Z] Range: bytes=2999595-2999723 -> Serving 128 bytes for Break from Toronto_spotdown.org.mp3
[2026-03-06T11:14:20.861Z] Range: bytes=0-72703 -> Serving 72704 bytes for Break from Toronto_spotdown.org.mp3
[2026-03-06T11:14:20.885Z] Range: bytes=0-1023 -> Serving 1024 bytes for C U Girl_spotdown.org.mp3
[2026-03-06T11:14:20.887Z] Range: bytes=3684122-3684250 -> Serving 128 bytes for C U Girl_spotdown.org.mp3
[2026-03-06T11:14:20.908Z] Range: bytes=0-34815 -> Serving 34816 bytes for C U Girl_spotdown.org.mp3
[2026-03-06T11:14:20.927Z] Range: bytes=0-1023 -> Serving 1024 bytes for Calling My Name_spotdown.org.mp3
[2026-03-06T11:14:20.931Z] Range: bytes=3648444-3648572 -> Serving 128 bytes for Calling My Name_spotdown.org.mp3
[2026-03-06T11:14:20.960Z] Range: bytes=0-30719 -> Serving 30720 bytes for Calling My Name_spotdown.org.mp3
[2026-03-06T11:14:20.988Z] Range: bytes=0-1023 -> Serving 1024 bytes for Can’t Take A Joke_spotdown.org.mp3
[2026-03-06T11:14:20.991Z] Range: bytes=5324221-5324349 -> Serving 128 bytes for Can’t Take A Joke_spotdown.org.mp3
[2026-03-06T11:14:21.036Z] Range: bytes=0-22527 -> Serving 22528 bytes for Can’t Take A Joke_spotdown.org.mp3
[2026-03-06T11:14:21.055Z] Range: bytes=0-1023 -> Serving 1024 bytes for Chanel_spotdown.org.mp3
[2026-03-06T11:14:21.058Z] Range: bytes=6040688-6040816 -> Serving 128 bytes for Chanel_spotdown.org.mp3
[2026-03-06T11:14:21.086Z] Range: bytes=0-23551 -> Serving 23552 bytes for Chanel_spotdown.org.mp3
[2026-03-06T11:14:21.111Z] Range: bytes=0-1023 -> Serving 1024 bytes for coffee_spotdown.org.mp3
[2026-03-06T11:14:21.113Z] Range: bytes=9894520-9894648 -> Serving 128 bytes for coffee_spotdown.org.mp3
[2026-03-06T11:14:21.138Z] Range: bytes=0-35839 -> Serving 35840 bytes for coffee_spotdown.org.mp3
[2026-03-06T11:14:21.157Z] Range: bytes=0-1023 -> Serving 1024 bytes for Come and See Me (feat. Drake)_spotdown.org.mp3
[2026-03-06T11:14:21.159Z] Range: bytes=7276477-7276605 -> Serving 128 bytes for Come and See Me (feat. Drake)_spotdown.org.mp3
[2026-03-06T11:14:21.172Z] Range: bytes=0-31743 -> Serving 31744 bytes for Come and See Me (feat. Drake)_spotdown.org.mp3
[2026-03-06T11:14:21.192Z] Range: bytes=0-1023 -> Serving 1024 bytes for Come Back to Earth_spotdown.org.mp3
[2026-03-06T11:14:21.194Z] Range: bytes=4707052-4707180 -> Serving 128 bytes for Come Back to Earth_spotdown.org.mp3
[2026-03-06T11:14:21.217Z] Range: bytes=0-11263 -> Serving 11264 bytes for Come Back to Earth_spotdown.org.mp3
[2026-03-06T11:14:21.232Z] Range: bytes=0-1023 -> Serving 1024 bytes for Congratulations (feat. Bilal)_spotdown.org.mp3
[2026-03-06T11:14:21.237Z] Range: bytes=7275114-7275242 -> Serving 128 bytes for Congratulations (feat. Bilal)_spotdown.org.mp3
[2026-03-06T11:14:21.263Z] Range: bytes=0-22527 -> Serving 22528 bytes for Congratulations (feat. Bilal)_spotdown.org.mp3
[2026-03-06T11:14:21.281Z] Range: bytes=0-1023 -> Serving 1024 bytes for Controlla_spotdown.org.mp3
[2026-03-06T11:14:21.283Z] Range: bytes=466086-466214 -> Serving 128 bytes for Controlla_spotdown.org.mp3
[2026-03-06T11:14:21.310Z] Range: bytes=0-21503 -> Serving 21504 bytes for Controlla_spotdown.org.mp3
[2026-03-06T11:14:21.329Z] Range: bytes=0-1023 -> Serving 1024 bytes for Crew Love_spotdown.org.mp3
[2026-03-06T11:14:21.331Z] Range: bytes=5817656-5817784 -> Serving 128 bytes for Crew Love_spotdown.org.mp3
[2026-03-06T11:14:21.353Z] Range: bytes=0-38911 -> Serving 38912 bytes for Crew Love_spotdown.org.mp3
[2026-03-06T11:14:21.377Z] Range: bytes=0-1023 -> Serving 1024 bytes for CYANIDE_spotdown.org.mp3
[2026-03-06T11:14:21.380Z] Range: bytes=5592186-5592314 -> Serving 128 bytes for CYANIDE_spotdown.org.mp3
[2026-03-06T11:14:21.420Z] Range: bytes=0-115711 -> Serving 115712 bytes for CYANIDE_spotdown.org.mp3
[2026-03-06T11:14:21.460Z] Range: bytes=0-1023 -> Serving 1024 bytes for Dark Red_spotdown.org.mp3
[2026-03-06T11:14:21.462Z] Range: bytes=4963719-4963847 -> Serving 128 bytes for Dark Red_spotdown.org.mp3
[2026-03-06T11:14:21.486Z] Range: bytes=0-112639 -> Serving 112640 bytes for Dark Red_spotdown.org.mp3
[2026-03-06T11:14:21.522Z] Range: bytes=0-1023 -> Serving 1024 bytes for Drama (feat. Drake)_spotdown.org.mp3
[2026-03-06T11:14:21.524Z] Range: bytes=7265013-7265141 -> Serving 128 bytes for Drama (feat. Drake)_spotdown.org.mp3
[2026-03-06T11:14:21.540Z] Range: bytes=0-21503 -> Serving 21504 bytes for Drama (feat. Drake)_spotdown.org.mp3
[2026-03-06T11:14:21.561Z] Range: bytes=0-1023 -> Serving 1024 bytes for Ela É do Tipo (feat. Drake) - Remix_spotdown.org.mp3
[2026-03-06T11:14:21.564Z] Range: bytes=5822010-5822138 -> Serving 128 bytes for Ela É do Tipo (feat. Drake) - Remix_spotdown.org.mp3
[2026-03-06T11:14:21.586Z] Range: bytes=0-228351 -> Serving 228352 bytes for Ela É do Tipo (feat. Drake) - Remix_spotdown.org.mp3
[2026-03-06T11:14:21.650Z] Range: bytes=0-1023 -> Serving 1024 bytes for Elevate_spotdown.org.mp3
[2026-03-06T11:14:21.653Z] Range: bytes=5531735-5531863 -> Serving 128 bytes for Elevate_spotdown.org.mp3
[2026-03-06T11:14:21.669Z] Range: bytes=0-86015 -> Serving 86016 bytes for Elevate_spotdown.org.mp3
[2026-03-06T11:14:21.697Z] Range: bytes=0-1023 -> Serving 1024 bytes for Emotionless_spotdown.org.mp3
[2026-03-06T11:14:21.699Z] Range: bytes=7019717-7019845 -> Serving 128 bytes for Emotionless_spotdown.org.mp3
[2026-03-06T11:14:21.717Z] Range: bytes=0-22527 -> Serving 22528 bytes for Emotionless_spotdown.org.mp3
[2026-03-06T11:14:21.734Z] Range: bytes=0-1023 -> Serving 1024 bytes for Energy_spotdown.org.mp3
[2026-03-06T11:14:21.735Z] Range: bytes=4842910-4843038 -> Serving 128 bytes for Energy_spotdown.org.mp3
[2026-03-06T11:14:21.753Z] Range: bytes=0-19455 -> Serving 19456 bytes for Energy_spotdown.org.mp3
[2026-03-06T11:14:21.770Z] Range: bytes=0-1023 -> Serving 1024 bytes for Evergreen (You Didn’t Deserve Me At All)_spotdown.org.mp3
[2026-03-06T11:14:21.772Z] Range: bytes=6086025-6086153 -> Serving 128 bytes for Evergreen (You Didn’t Deserve Me At All)_spotdown.org.mp3
[2026-03-06T11:14:21.803Z] Range: bytes=0-14335 -> Serving 14336 bytes for Evergreen (You Didn’t Deserve Me At All)_spotdown.org.mp3
[2026-03-06T11:14:21.821Z] Range: bytes=0-1023 -> Serving 1024 bytes for Fair Trade (with Travis Scott)_spotdown.org.mp3
[2026-03-06T11:14:21.825Z] Range: bytes=8534605-8534733 -> Serving 128 bytes for Fair Trade (with Travis Scott)_spotdown.org.mp3
[2026-03-06T11:14:21.841Z] Range: bytes=0-64511 -> Serving 64512 bytes for Fair Trade (with Travis Scott)_spotdown.org.mp3
[2026-03-06T11:14:21.867Z] Range: bytes=0-1023 -> Serving 1024 bytes for Fake Love_spotdown.org.mp3
[2026-03-06T11:14:21.870Z] Range: bytes=6069277-6069405 -> Serving 128 bytes for Fake Love_spotdown.org.mp3
[2026-03-06T11:14:21.885Z] Range: bytes=0-23551 -> Serving 23552 bytes for Fake Love_spotdown.org.mp3
[2026-03-06T11:14:21.904Z] Range: bytes=0-1023 -> Serving 1024 bytes for Falling Back_spotdown.org.mp3
[2026-03-06T11:14:21.907Z] Range: bytes=8678156-8678284 -> Serving 128 bytes for Falling Back_spotdown.org.mp3
[2026-03-06T11:14:21.937Z] Range: bytes=0-30719 -> Serving 30720 bytes for Falling Back_spotdown.org.mp3
[2026-03-06T11:14:21.961Z] Range: bytes=0-1023 -> Serving 1024 bytes for Fancy_spotdown.org.mp3
[2026-03-06T11:14:21.962Z] Range: bytes=8759798-8759926 -> Serving 128 bytes for Fancy_spotdown.org.mp3
[2026-03-06T11:14:21.986Z] Range: bytes=0-30719 -> Serving 30720 bytes for Fancy_spotdown.org.mp3
[2026-03-06T11:14:22.003Z] Range: bytes=0-1023 -> Serving 1024 bytes for Feel No Ways_spotdown.org.mp3
[2026-03-06T11:14:22.005Z] Range: bytes=488852-488980 -> Serving 128 bytes for Feel No Ways_spotdown.org.mp3
[2026-03-06T11:14:22.027Z] Range: bytes=0-21503 -> Serving 21504 bytes for Feel No Ways_spotdown.org.mp3
[2026-03-06T11:14:22.041Z] Range: bytes=0-1023 -> Serving 1024 bytes for First Person Shooter (feat. J. Cole)_spotdown.org.mp3
[2026-03-06T11:14:22.043Z] Range: bytes=7053518-7053646 -> Serving 128 bytes for First Person Shooter (feat. J. Cole)_spotdown.org.mp3
[2026-03-06T11:14:22.069Z] Range: bytes=0-18431 -> Serving 18432 bytes for First Person Shooter (feat. J. Cole)_spotdown.org.mp3
[2026-03-06T11:14:22.096Z] Range: bytes=0-1023 -> Serving 1024 bytes for For Free_spotdown.org.mp3
[2026-03-06T11:14:22.098Z] Range: bytes=5481472-5481600 -> Serving 128 bytes for For Free_spotdown.org.mp3
[2026-03-06T11:14:22.123Z] Range: bytes=0-40959 -> Serving 40960 bytes for For Free_spotdown.org.mp3
[2026-03-06T11:14:22.154Z] Range: bytes=0-1023 -> Serving 1024 bytes for Gently (feat. Bad Bunny)_spotdown.org.mp3
[2026-03-06T11:14:22.156Z] Range: bytes=3759832-3759960 -> Serving 128 bytes for Gently (feat. Bad Bunny)_spotdown.org.mp3
[2026-03-06T11:14:22.170Z] Range: bytes=0-18431 -> Serving 18432 bytes for Gently (feat. Bad Bunny)_spotdown.org.mp3
[2026-03-06T11:14:22.188Z] Range: bytes=0-1023 -> Serving 1024 bytes for Get It Together_spotdown.org.mp3
[2026-03-06T11:14:22.193Z] Range: bytes=7580282-7580410 -> Serving 128 bytes for Get It Together_spotdown.org.mp3
[2026-03-06T11:14:22.211Z] Range: bytes=0-73727 -> Serving 73728 bytes for Get It Together_spotdown.org.mp3
[2026-03-06T11:14:22.237Z] Range: bytes=0-1023 -> Serving 1024 bytes for Get You (feat. Kali Uchis)_spotdown.org.mp3
[2026-03-06T11:14:22.242Z] Range: bytes=7640243-7640371 -> Serving 128 bytes for Get You (feat. Kali Uchis)_spotdown.org.mp3
[2026-03-06T11:14:22.254Z] Range: bytes=0-16383 -> Serving 16384 bytes for Get You (feat. Kali Uchis)_spotdown.org.mp3
[2026-03-06T11:14:22.271Z] Range: bytes=0-1023 -> Serving 1024 bytes for Girl With The Tattoo Enter.lewd_spotdown.org.mp3
[2026-03-06T11:14:22.275Z] Range: bytes=2829828-2829956 -> Serving 128 bytes for Girl With The Tattoo Enter.lewd_spotdown.org.mp3
[2026-03-06T11:14:22.289Z] Range: bytes=0-29695 -> Serving 29696 bytes for Girl With The Tattoo Enter.lewd_spotdown.org.mp3
[2026-03-06T11:14:22.332Z] Range: bytes=0-1023 -> Serving 1024 bytes for Girls Need Love (with Drake) - Remix_spotdown.org.mp3
[2026-03-06T11:14:22.335Z] Range: bytes=6393161-6393289 -> Serving 128 bytes for Girls Need Love (with Drake) - Remix_spotdown.org.mp3
[2026-03-06T11:14:22.353Z] Range: bytes=0-21503 -> Serving 21504 bytes for Girls Need Love (with Drake) - Remix_spotdown.org.mp3
[2026-03-06T11:14:22.369Z] Range: bytes=0-1023 -> Serving 1024 bytes for Girls Want Girls (with Lil Baby)_spotdown.org.mp3
[2026-03-06T11:14:22.373Z] Range: bytes=6524485-6524613 -> Serving 128 bytes for Girls Want Girls (with Lil Baby)_spotdown.org.mp3
[2026-03-06T11:14:22.388Z] Range: bytes=0-23551 -> Serving 23552 bytes for Girls Want Girls (with Lil Baby)_spotdown.org.mp3
[2026-03-06T11:14:22.405Z] Range: bytes=0-1023 -> Serving 1024 bytes for Give You the World_spotdown.org.mp3
[2026-03-06T11:14:22.409Z] Range: bytes=6969154-6969282 -> Serving 128 bytes for Give You the World_spotdown.org.mp3
[2026-03-06T11:14:22.428Z] Range: bytes=0-31743 -> Serving 31744 bytes for Give You the World_spotdown.org.mp3
[2026-03-06T11:14:22.447Z] Range: bytes=0-1023 -> Serving 1024 bytes for God's Plan_spotdown.org.mp3
[2026-03-06T11:14:22.448Z] Range: bytes=6357433-6357561 -> Serving 128 bytes for God's Plan_spotdown.org.mp3
[2026-03-06T11:14:22.485Z] Range: bytes=0-22527 -> Serving 22528 bytes for God's Plan_spotdown.org.mp3
[2026-03-06T11:14:22.499Z] Range: bytes=0-1023 -> Serving 1024 bytes for Godspeed_spotdown.org.mp3
[2026-03-06T11:14:22.503Z] Range: bytes=5043904-5044032 -> Serving 128 bytes for Godspeed_spotdown.org.mp3
[2026-03-06T11:14:22.639Z] Range: bytes=0-20479 -> Serving 20480 bytes for Godspeed_spotdown.org.mp3
[2026-03-06T11:14:22.661Z] Range: bytes=0-1023 -> Serving 1024 bytes for Going Bad (feat. Drake)_spotdown.org.mp3
[2026-03-06T11:14:22.663Z] Range: bytes=5781220-5781348 -> Serving 128 bytes for Going Bad (feat. Drake)_spotdown.org.mp3
[2026-03-06T11:14:22.687Z] Range: bytes=0-173055 -> Serving 173056 bytes for Going Bad (feat. Drake)_spotdown.org.mp3
[2026-03-06T11:14:22.735Z] Range: bytes=0-1023 -> Serving 1024 bytes for GREECE (feat. Drake)_spotdown.org.mp3
[2026-03-06T11:14:22.738Z] Range: bytes=6040909-6041037 -> Serving 128 bytes for GREECE (feat. Drake)_spotdown.org.mp3
[2026-03-06T11:14:22.760Z] Range: bytes=0-57343 -> Serving 57344 bytes for GREECE (feat. Drake)_spotdown.org.mp3
[2026-03-06T11:14:22.781Z] Range: bytes=0-1023 -> Serving 1024 bytes for Headlines_spotdown.org.mp3
[2026-03-06T11:14:22.783Z] Range: bytes=7072323-7072451 -> Serving 128 bytes for Headlines_spotdown.org.mp3
[2026-03-06T11:14:22.802Z] Range: bytes=0-38911 -> Serving 38912 bytes for Headlines_spotdown.org.mp3
[2026-03-06T11:14:22.825Z] Range: bytes=0-1023 -> Serving 1024 bytes for Her Way_spotdown.org.mp3
[2026-03-06T11:14:22.827Z] Range: bytes=6429457-6429585 -> Serving 128 bytes for Her Way_spotdown.org.mp3
[2026-03-06T11:14:22.849Z] Range: bytes=0-41983 -> Serving 41984 bytes for Her Way_spotdown.org.mp3
[2026-03-06T11:14:22.866Z] Range: bytes=0-1023 -> Serving 1024 bytes for Hold Me Down_spotdown.org.mp3
[2026-03-06T11:14:22.868Z] Range: bytes=6254602-6254730 -> Serving 128 bytes for Hold Me Down_spotdown.org.mp3
[2026-03-06T11:14:22.885Z] Range: bytes=0-16383 -> Serving 16384 bytes for Hold Me Down_spotdown.org.mp3
[2026-03-06T11:14:22.900Z] Range: bytes=0-1023 -> Serving 1024 bytes for Hold On, We're Going Home_spotdown.org.mp3
[2026-03-06T11:14:22.902Z] Range: bytes=6790347-6790475 -> Serving 128 bytes for Hold On, We're Going Home_spotdown.org.mp3
[2026-03-06T11:14:22.923Z] Range: bytes=0-25599 -> Serving 25600 bytes for Hold On, We're Going Home_spotdown.org.mp3
[2026-03-06T11:14:22.938Z] Range: bytes=0-1023 -> Serving 1024 bytes for Hotline Bling_spotdown.org.mp3
[2026-03-06T11:14:22.941Z] Range: bytes=3866148-3866276 -> Serving 128 bytes for Hotline Bling_spotdown.org.mp3
[2026-03-06T11:14:22.969Z] Range: bytes=0-21503 -> Serving 21504 bytes for Hotline Bling_spotdown.org.mp3
[2026-03-06T11:14:22.985Z] Range: bytes=0-1023 -> Serving 1024 bytes for I'M ON ONE (feat. Drake)_spotdown.org.mp3
[2026-03-06T11:14:22.988Z] Range: bytes=6950200-6950328 -> Serving 128 bytes for I'M ON ONE (feat. Drake)_spotdown.org.mp3
[2026-03-06T11:14:23.015Z] Range: bytes=0-23551 -> Serving 23552 bytes for I'M ON ONE (feat. Drake)_spotdown.org.mp3
[2026-03-06T11:14:23.030Z] Range: bytes=0-1023 -> Serving 1024 bytes for I'm Upset_spotdown.org.mp3
[2026-03-06T11:14:23.032Z] Range: bytes=6293819-6293947 -> Serving 128 bytes for I'm Upset_spotdown.org.mp3
[2026-03-06T11:14:23.069Z] Range: bytes=0-86015 -> Serving 86016 bytes for I'm Upset_spotdown.org.mp3
[2026-03-06T11:14:23.097Z] Range: bytes=0-1023 -> Serving 1024 bytes for IDGAF (feat. Yeat)_spotdown.org.mp3
[2026-03-06T11:14:23.098Z] Range: bytes=7378016-7378144 -> Serving 128 bytes for IDGAF (feat. Yeat)_spotdown.org.mp3
[2026-03-06T11:14:23.119Z] Range: bytes=0-18431 -> Serving 18432 bytes for IDGAF (feat. Yeat)_spotdown.org.mp3
[2026-03-06T11:14:23.137Z] Range: bytes=0-1023 -> Serving 1024 bytes for In My Feelings_spotdown.org.mp3
[2026-03-06T11:14:23.139Z] Range: bytes=6004215-6004343 -> Serving 128 bytes for In My Feelings_spotdown.org.mp3
[2026-03-06T11:14:23.159Z] Range: bytes=0-86015 -> Serving 86016 bytes for In My Feelings_spotdown.org.mp3
[2026-03-06T11:14:23.188Z] Range: bytes=0-1023 -> Serving 1024 bytes for In The Bible (with Lil Durk & Giveon)_spotdown.org.mp3
[2026-03-06T11:14:23.191Z] Range: bytes=8811152-8811280 -> Serving 128 bytes for In The Bible (with Lil Durk & Giveon)_spotdown.org.mp3
[2026-03-06T11:14:23.208Z] Range: bytes=0-23551 -> Serving 23552 bytes for In The Bible (with Lil Durk & Giveon)_spotdown.org.mp3
[2026-03-06T11:14:23.222Z] Range: bytes=0-1023 -> Serving 1024 bytes for Infrunami_spotdown.org.mp3
[2026-03-06T11:14:23.225Z] Range: bytes=4449858-4449986 -> Serving 128 bytes for Infrunami_spotdown.org.mp3
[2026-03-06T11:14:23.239Z] Range: bytes=0-37887 -> Serving 37888 bytes for Infrunami_spotdown.org.mp3
[2026-03-06T11:14:23.255Z] Range: bytes=0-1023 -> Serving 1024 bytes for Ivy_spotdown.org.mp3
[2026-03-06T11:14:23.258Z] Range: bytes=7533685-7533813 -> Serving 128 bytes for Ivy_spotdown.org.mp3
[2026-03-06T11:14:23.281Z] Range: bytes=0-20479 -> Serving 20480 bytes for Ivy_spotdown.org.mp3
[2026-03-06T11:14:23.296Z] Range: bytes=0-1023 -> Serving 1024 bytes for Jaded_spotdown.org.mp3
[2026-03-06T11:14:23.298Z] Range: bytes=8448464-8448592 -> Serving 128 bytes for Jaded_spotdown.org.mp3
[2026-03-06T11:14:23.318Z] Range: bytes=0-22527 -> Serving 22528 bytes for Jaded_spotdown.org.mp3
[2026-03-06T11:14:23.335Z] Range: bytes=0-1023 -> Serving 1024 bytes for Japanese Denim_spotdown.org.mp3
[2026-03-06T11:14:23.337Z] Range: bytes=7619790-7619918 -> Serving 128 bytes for Japanese Denim_spotdown.org.mp3
[2026-03-06T11:14:23.362Z] Range: bytes=0-47103 -> Serving 47104 bytes for Japanese Denim_spotdown.org.mp3
[2026-03-06T11:14:23.378Z] Range: bytes=0-1023 -> Serving 1024 bytes for Jimmy Cooks (feat. 21 Savage)_spotdown.org.mp3
[2026-03-06T11:14:23.380Z] Range: bytes=6590588-6590716 -> Serving 128 bytes for Jimmy Cooks (feat. 21 Savage)_spotdown.org.mp3
[2026-03-06T11:14:23.410Z] Range: bytes=0-30719 -> Serving 30720 bytes for Jimmy Cooks (feat. 21 Savage)_spotdown.org.mp3
[2026-03-06T11:14:23.430Z] Range: bytes=0-1023 -> Serving 1024 bytes for Jumpman_spotdown.org.mp3
[2026-03-06T11:14:23.432Z] Range: bytes=6159467-6159595 -> Serving 128 bytes for Jumpman_spotdown.org.mp3
[2026-03-06T11:14:23.452Z] Range: bytes=0-45055 -> Serving 45056 bytes for Jumpman_spotdown.org.mp3
[2026-03-06T11:14:23.473Z] Range: bytes=0-1023 -> Serving 1024 bytes for Knife Talk (with 21 Savage ft. Project Pat)_spotdown.org.mp3
[2026-03-06T11:14:23.477Z] Range: bytes=7371250-7371378 -> Serving 128 bytes for Knife Talk (with 21 Savage ft. Project Pat)_spotdown.org.mp3
[2026-03-06T11:14:23.493Z] Range: bytes=0-23551 -> Serving 23552 bytes for Knife Talk (with 21 Savage ft. Project Pat)_spotdown.org.mp3
[2026-03-06T11:14:23.510Z] Range: bytes=0-1023 -> Serving 1024 bytes for Know Yourself_spotdown.org.mp3
[2026-03-06T11:14:23.512Z] Range: bytes=6816421-6816549 -> Serving 128 bytes for Know Yourself_spotdown.org.mp3
[2026-03-06T11:14:23.535Z] Range: bytes=0-53247 -> Serving 53248 bytes for Know Yourself_spotdown.org.mp3
[2026-03-06T11:14:23.556Z] Range: bytes=0-1023 -> Serving 1024 bytes for Laugh Now Cry Later (feat. Lil Durk)_spotdown.org.mp3
[2026-03-06T11:14:23.558Z] Range: bytes=7313975-7314103 -> Serving 128 bytes for Laugh Now Cry Later (feat. Lil Durk)_spotdown.org.mp3
[2026-03-06T11:14:23.585Z] Range: bytes=0-34815 -> Serving 34816 bytes for Laugh Now Cry Later (feat. Lil Durk)_spotdown.org.mp3
[2026-03-06T11:14:23.610Z] Range: bytes=0-1023 -> Serving 1024 bytes for Legend_spotdown.org.mp3
[2026-03-06T11:14:23.612Z] Range: bytes=7423289-7423417 -> Serving 128 bytes for Legend_spotdown.org.mp3
[2026-03-06T11:14:23.636Z] Range: bytes=0-19455 -> Serving 19456 bytes for Legend_spotdown.org.mp3
[2026-03-06T11:14:23.651Z] Range: bytes=0-1023 -> Serving 1024 bytes for Life Is Good (feat. Drake)_spotdown.org.mp3
[2026-03-06T11:14:23.653Z] Range: bytes=6962900-6963028 -> Serving 128 bytes for Life Is Good (feat. Drake)_spotdown.org.mp3
[2026-03-06T11:14:23.679Z] Range: bytes=0-39935 -> Serving 39936 bytes for Life Is Good (feat. Drake)_spotdown.org.mp3
[2026-03-06T11:14:23.699Z] Range: bytes=0-1023 -> Serving 1024 bytes for Look Alive (feat. Drake)_spotdown.org.mp3
[2026-03-06T11:14:23.701Z] Range: bytes=5384505-5384633 -> Serving 128 bytes for Look Alive (feat. Drake)_spotdown.org.mp3
[2026-03-06T11:14:23.730Z] Range: bytes=0-69631 -> Serving 69632 bytes for Look Alive (feat. Drake)_spotdown.org.mp3
[2026-03-06T11:14:23.751Z] Range: bytes=0-1023 -> Serving 1024 bytes for Loose_spotdown.org.mp3
[2026-03-06T11:14:23.753Z] Range: bytes=4579606-4579734 -> Serving 128 bytes for Loose_spotdown.org.mp3
[2026-03-06T11:14:23.769Z] Range: bytes=0-84991 -> Serving 84992 bytes for Loose_spotdown.org.mp3
[2026-03-06T11:14:23.798Z] Range: bytes=0-1023 -> Serving 1024 bytes for Lost_spotdown.org.mp3
[2026-03-06T11:14:23.801Z] Range: bytes=6958074-6958202 -> Serving 128 bytes for Lost_spotdown.org.mp3
[2026-03-06T11:14:23.820Z] Range: bytes=0-21503 -> Serving 21504 bytes for Lost_spotdown.org.mp3
[2026-03-06T11:14:23.835Z] Range: bytes=0-1023 -> Serving 1024 bytes for Love Is Only a Feeling_spotdown.org.mp3
[2026-03-06T11:14:23.837Z] Range: bytes=3860145-3860273 -> Serving 128 bytes for Love Is Only a Feeling_spotdown.org.mp3
[2026-03-06T11:14:23.852Z] Range: bytes=0-41983 -> Serving 41984 bytes for Love Is Only a Feeling_spotdown.org.mp3
[2026-03-06T11:14:23.868Z] Range: bytes=0-1023 -> Serving 1024 bytes for LOVE. FEAT. ZACARI._spotdown.org.mp3
[2026-03-06T11:14:23.869Z] Range: bytes=5989775-5989903 -> Serving 128 bytes for LOVE. FEAT. ZACARI._spotdown.org.mp3
[2026-03-06T11:14:23.885Z] Range: bytes=0-32767 -> Serving 32768 bytes for LOVE. FEAT. ZACARI._spotdown.org.mp3
[2026-03-06T11:14:23.903Z] Range: bytes=0-1023 -> Serving 1024 bytes for Major Distribution_spotdown.org.mp3
[2026-03-06T11:14:23.905Z] Range: bytes=4365605-4365733 -> Serving 128 bytes for Major Distribution_spotdown.org.mp3
[2026-03-06T11:14:23.931Z] Range: bytes=0-33791 -> Serving 33792 bytes for Major Distribution_spotdown.org.mp3
[2026-03-06T11:14:23.946Z] Range: bytes=0-1023 -> Serving 1024 bytes for Marvins Room_spotdown.org.mp3
[2026-03-06T11:14:23.947Z] Range: bytes=9286084-9286212 -> Serving 128 bytes for Marvins Room_spotdown.org.mp3
[2026-03-06T11:14:23.969Z] Range: bytes=0-38911 -> Serving 38912 bytes for Marvins Room_spotdown.org.mp3
[2026-03-06T11:14:23.992Z] Range: bytes=0-1023 -> Serving 1024 bytes for Massive_spotdown.org.mp3
[2026-03-06T11:14:23.995Z] Range: bytes=9938064-9938192 -> Serving 128 bytes for Massive_spotdown.org.mp3
[2026-03-06T11:14:24.020Z] Range: bytes=0-96255 -> Serving 96256 bytes for Massive_spotdown.org.mp3
[2026-03-06T11:14:24.058Z] Range: bytes=0-1023 -> Serving 1024 bytes for MELTDOWN (feat. Drake)_spotdown.org.mp3
[2026-03-06T11:14:24.060Z] Range: bytes=7095525-7095653 -> Serving 128 bytes for MELTDOWN (feat. Drake)_spotdown.org.mp3
[2026-03-06T11:14:24.079Z] Range: bytes=0-9215 -> Serving 9216 bytes for MELTDOWN (feat. Drake)_spotdown.org.mp3
[2026-03-06T11:14:24.102Z] Range: bytes=0-1023 -> Serving 1024 bytes for MIA (feat. Drake)_spotdown.org.mp3
[2026-03-06T11:14:24.104Z] Range: bytes=6194048-6194176 -> Serving 128 bytes for MIA (feat. Drake)_spotdown.org.mp3
[2026-03-06T11:14:24.119Z] Range: bytes=0-16383 -> Serving 16384 bytes for MIA (feat. Drake)_spotdown.org.mp3
[2026-03-06T11:14:24.139Z] Range: bytes=0-1023 -> Serving 1024 bytes for Middle of the Ocean_spotdown.org.mp3
[2026-03-06T11:14:24.142Z] Range: bytes=5536043-5536171 -> Serving 128 bytes for Middle of the Ocean_spotdown.org.mp3
[2026-03-06T11:14:24.169Z] Range: bytes=0-33791 -> Serving 33792 bytes for Middle of the Ocean_spotdown.org.mp3
[2026-03-06T11:14:24.196Z] Range: bytes=0-1023 -> Serving 1024 bytes for Mob Ties_spotdown.org.mp3
[2026-03-06T11:14:24.198Z] Range: bytes=5722529-5722657 -> Serving 128 bytes for Mob Ties_spotdown.org.mp3
[2026-03-06T11:14:24.222Z] Range: bytes=0-22527 -> Serving 22528 bytes for Mob Ties_spotdown.org.mp3
[2026-03-06T11:14:24.238Z] Range: bytes=0-1023 -> Serving 1024 bytes for Money In The Grave (Drake ft. Rick Ross)_spotdown.org.mp3
[2026-03-06T11:14:24.242Z] Range: bytes=6132187-6132315 -> Serving 128 bytes for Money In The Grave (Drake ft. Rick Ross)_spotdown.org.mp3
[2026-03-06T11:14:24.263Z] Range: bytes=0-16383 -> Serving 16384 bytes for Money In The Grave (Drake ft. Rick Ross)_spotdown.org.mp3
[2026-03-06T11:14:24.282Z] Range: bytes=0-1023 -> Serving 1024 bytes for Mr. Right Now (feat. Drake)_spotdown.org.mp3
[2026-03-06T11:14:24.286Z] Range: bytes=6585681-6585809 -> Serving 128 bytes for Mr. Right Now (feat. Drake)_spotdown.org.mp3
[2026-03-06T11:14:24.314Z] Range: bytes=0-70655 -> Serving 70656 bytes for Mr. Right Now (feat. Drake)_spotdown.org.mp3
[2026-03-06T11:14:24.336Z] Range: bytes=0-1023 -> Serving 1024 bytes for My Way (feat. Monty)_spotdown.org.mp3
[2026-03-06T11:14:24.341Z] Range: bytes=6429737-6429865 -> Serving 128 bytes for My Way (feat. Monty)_spotdown.org.mp3
[2026-03-06T11:14:24.361Z] Range: bytes=0-113663 -> Serving 113664 bytes for My Way (feat. Monty)_spotdown.org.mp3
[2026-03-06T11:14:24.395Z] Range: bytes=0-1023 -> Serving 1024 bytes for N Side_spotdown.org.mp3
[2026-03-06T11:14:24.397Z] Range: bytes=7446338-7446466 -> Serving 128 bytes for N Side_spotdown.org.mp3
[2026-03-06T11:14:24.418Z] Range: bytes=0-20479 -> Serving 20480 bytes for N Side_spotdown.org.mp3
[2026-03-06T11:14:24.438Z] Range: bytes=0-1023 -> Serving 1024 bytes for Needle (feat. Drake)_spotdown.org.mp3
[2026-03-06T11:14:24.442Z] Range: bytes=7204589-7204717 -> Serving 128 bytes for Needle (feat. Drake)_spotdown.org.mp3
[2026-03-06T11:14:24.467Z] Range: bytes=0-127999 -> Serving 128000 bytes for Needle (feat. Drake)_spotdown.org.mp3
[2026-03-06T11:14:24.507Z] Range: bytes=0-1023 -> Serving 1024 bytes for Nice For What_spotdown.org.mp3
[2026-03-06T11:14:24.510Z] Range: bytes=5995567-5995695 -> Serving 128 bytes for Nice For What_spotdown.org.mp3
[2026-03-06T11:14:24.531Z] Range: bytes=0-22527 -> Serving 22528 bytes for Nice For What_spotdown.org.mp3
[2026-03-06T11:14:24.550Z] Range: bytes=0-1023 -> Serving 1024 bytes for Nights_spotdown.org.mp3
[2026-03-06T11:14:24.553Z] Range: bytes=8998451-8998579 -> Serving 128 bytes for Nights_spotdown.org.mp3
[2026-03-06T11:14:24.584Z] Range: bytes=0-82943 -> Serving 82944 bytes for Nights_spotdown.org.mp3
[2026-03-06T11:14:24.618Z] Range: bytes=0-1023 -> Serving 1024 bytes for No Guidance (feat. Drake)_spotdown.org.mp3
[2026-03-06T11:14:24.620Z] Range: bytes=7199968-7200096 -> Serving 128 bytes for No Guidance (feat. Drake)_spotdown.org.mp3
[2026-03-06T11:14:24.641Z] Range: bytes=0-129023 -> Serving 129024 bytes for No Guidance (feat. Drake)_spotdown.org.mp3
[2026-03-06T11:14:24.684Z] Range: bytes=0-1023 -> Serving 1024 bytes for Nonstop_spotdown.org.mp3
[2026-03-06T11:14:24.687Z] Range: bytes=6712667-6712795 -> Serving 128 bytes for Nonstop_spotdown.org.mp3
[2026-03-06T11:14:24.722Z] Range: bytes=0-22527 -> Serving 22528 bytes for Nonstop_spotdown.org.mp3
[2026-03-06T11:14:24.748Z] Range: bytes=0-1023 -> Serving 1024 bytes for Not You Too (feat. Chris Brown)_spotdown.org.mp3
[2026-03-06T11:14:24.751Z] Range: bytes=7665210-7665338 -> Serving 128 bytes for Not You Too (feat. Chris Brown)_spotdown.org.mp3
[2026-03-06T11:14:24.777Z] Range: bytes=0-41983 -> Serving 41984 bytes for Not You Too (feat. Chris Brown)_spotdown.org.mp3
[2026-03-06T11:14:24.801Z] Range: bytes=0-1023 -> Serving 1024 bytes for Omertà_spotdown.org.mp3
[2026-03-06T11:14:24.803Z] Range: bytes=6524785-6524913 -> Serving 128 bytes for Omertà_spotdown.org.mp3
[2026-03-06T11:14:24.824Z] Range: bytes=0-16383 -> Serving 16384 bytes for Omertà_spotdown.org.mp3
[2026-03-06T11:14:24.847Z] Range: bytes=0-1023 -> Serving 1024 bytes for On BS_spotdown.org.mp3
[2026-03-06T11:14:24.848Z] Range: bytes=7266820-7266948 -> Serving 128 bytes for On BS_spotdown.org.mp3
[2026-03-06T11:14:24.867Z] Range: bytes=0-133119 -> Serving 133120 bytes for On BS_spotdown.org.mp3
[2026-03-06T11:14:24.909Z] Range: bytes=0-1023 -> Serving 1024 bytes for One Dance_spotdown.org.mp3
[2026-03-06T11:14:24.910Z] Range: bytes=121250-121378 -> Serving 128 bytes for One Dance_spotdown.org.mp3
[2026-03-06T11:14:24.935Z] Range: bytes=0-21503 -> Serving 21504 bytes for One Dance_spotdown.org.mp3
[2026-03-06T11:14:24.954Z] Range: bytes=0-1023 -> Serving 1024 bytes for One Night Only_spotdown.org.mp3
[2026-03-06T11:14:24.957Z] Range: bytes=5993211-5993339 -> Serving 128 bytes for One Night Only_spotdown.org.mp3
[2026-03-06T11:14:24.990Z] Range: bytes=0-109567 -> Serving 109568 bytes for One Night Only_spotdown.org.mp3
[2026-03-06T11:14:25.026Z] Range: bytes=0-1023 -> Serving 1024 bytes for Passionfruit_spotdown.org.mp3
[2026-03-06T11:14:25.030Z] Range: bytes=8894277-8894405 -> Serving 128 bytes for Passionfruit_spotdown.org.mp3
[2026-03-06T11:14:25.051Z] Range: bytes=0-23551 -> Serving 23552 bytes for Passionfruit_spotdown.org.mp3
[2026-03-06T11:14:25.074Z] Range: bytes=0-1023 -> Serving 1024 bytes for Peak_spotdown.org.mp3
[2026-03-06T11:14:25.076Z] Range: bytes=6251988-6252116 -> Serving 128 bytes for Peak_spotdown.org.mp3
[2026-03-06T11:14:25.097Z] Range: bytes=0-22527 -> Serving 22528 bytes for Peak_spotdown.org.mp3
[2026-03-06T11:14:25.112Z] Range: bytes=0-1023 -> Serving 1024 bytes for Pink + White_spotdown.org.mp3
[2026-03-06T11:14:25.114Z] Range: bytes=5568324-5568452 -> Serving 128 bytes for Pink + White_spotdown.org.mp3
[2026-03-06T11:14:25.136Z] Range: bytes=0-20479 -> Serving 20480 bytes for Pink + White_spotdown.org.mp3
[2026-03-06T11:14:25.153Z] Range: bytes=0-1023 -> Serving 1024 bytes for Pink Matter_spotdown.org.mp3
[2026-03-06T11:14:25.155Z] Range: bytes=7174002-7174130 -> Serving 128 bytes for Pink Matter_spotdown.org.mp3
[2026-03-06T11:14:25.175Z] Range: bytes=0-22527 -> Serving 22528 bytes for Pink Matter_spotdown.org.mp3
[2026-03-06T11:14:25.188Z] Range: bytes=0-1023 -> Serving 1024 bytes for POPSTAR (feat. Drake)_spotdown.org.mp3
[2026-03-06T11:14:25.191Z] Range: bytes=5036815-5036943 -> Serving 128 bytes for POPSTAR (feat. Drake)_spotdown.org.mp3
[2026-03-06T11:14:25.217Z] Range: bytes=0-55295 -> Serving 55296 bytes for POPSTAR (feat. Drake)_spotdown.org.mp3
[2026-03-06T11:14:25.239Z] Range: bytes=0-1023 -> Serving 1024 bytes for Push Ups_spotdown.org.mp3
[2026-03-06T11:14:25.241Z] Range: bytes=6396747-6396875 -> Serving 128 bytes for Push Ups_spotdown.org.mp3
[2026-03-06T11:14:25.257Z] Range: bytes=0-102399 -> Serving 102400 bytes for Push Ups_spotdown.org.mp3
[2026-03-06T11:14:25.286Z] Range: bytes=0-1023 -> Serving 1024 bytes for Pussy & Millions (feat. Travis Scott)_spotdown.org.mp3
[2026-03-06T11:14:25.287Z] Range: bytes=2160278-2160406 -> Serving 128 bytes for Pussy & Millions (feat. Travis Scott)_spotdown.org.mp3
[2026-03-06T11:14:25.302Z] Range: bytes=0-33791 -> Serving 33792 bytes for Pussy & Millions (feat. Travis Scott)_spotdown.org.mp3
[2026-03-06T11:14:25.320Z] Range: bytes=0-1023 -> Serving 1024 bytes for Recognize (feat. Drake)_spotdown.org (1).mp3
[2026-03-06T11:14:25.322Z] Range: bytes=9251871-9251999 -> Serving 128 bytes for Recognize (feat. Drake)_spotdown.org (1).mp3
[2026-03-06T11:14:25.342Z] Range: bytes=0-41983 -> Serving 41984 bytes for Recognize (feat. Drake)_spotdown.org (1).mp3
[2026-03-06T11:14:25.358Z] Range: bytes=0-1023 -> Serving 1024 bytes for Recognize (feat. Drake)_spotdown.org.mp3
[2026-03-06T11:14:25.362Z] Range: bytes=9223868-9223996 -> Serving 128 bytes for Recognize (feat. Drake)_spotdown.org.mp3
[2026-03-06T11:14:25.382Z] Range: bytes=0-14335 -> Serving 14336 bytes for Recognize (feat. Drake)_spotdown.org.mp3
[2026-03-06T11:14:25.407Z] Range: bytes=0-1023 -> Serving 1024 bytes for Rich Baby Daddy (feat. Sexyy Red & SZA)_spotdown.org.mp3
[2026-03-06T11:14:25.409Z] Range: bytes=9544906-9545034 -> Serving 128 bytes for Rich Baby Daddy (feat. Sexyy Red & SZA)_spotdown.org.mp3
[2026-03-06T11:14:25.429Z] Range: bytes=0-18431 -> Serving 18432 bytes for Rich Baby Daddy (feat. Sexyy Red & SZA)_spotdown.org.mp3
[2026-03-06T11:14:25.447Z] Range: bytes=0-1023 -> Serving 1024 bytes for Rich Flex_spotdown.org.mp3
[2026-03-06T11:14:25.451Z] Range: bytes=6970132-6970260 -> Serving 128 bytes for Rich Flex_spotdown.org.mp3
[2026-03-06T11:14:25.470Z] Range: bytes=0-132095 -> Serving 132096 bytes for Rich Flex_spotdown.org.mp3
[2026-03-06T11:14:25.512Z] Range: bytes=0-1023 -> Serving 1024 bytes for Sativa_spotdown.org.mp3
[2026-03-06T11:14:25.514Z] Range: bytes=8435046-8435174 -> Serving 128 bytes for Sativa_spotdown.org.mp3
[2026-03-06T11:14:25.536Z] Range: bytes=0-214015 -> Serving 214016 bytes for Sativa_spotdown.org.mp3
[2026-03-06T11:14:25.601Z] Range: bytes=0-1023 -> Serving 1024 bytes for Search & Rescue_spotdown.org.mp3
[2026-03-06T11:14:25.605Z] Range: bytes=7666337-7666465 -> Serving 128 bytes for Search & Rescue_spotdown.org.mp3
[2026-03-06T11:14:25.620Z] Range: bytes=0-12287 -> Serving 12288 bytes for Search & Rescue_spotdown.org.mp3
[2026-03-06T11:14:25.644Z] Range: bytes=0-1023 -> Serving 1024 bytes for Self Control_spotdown.org.mp3
[2026-03-06T11:14:25.646Z] Range: bytes=6616223-6616351 -> Serving 128 bytes for Self Control_spotdown.org.mp3
[2026-03-06T11:14:25.669Z] Range: bytes=0-82943 -> Serving 82944 bytes for Self Control_spotdown.org.mp3
[2026-03-06T11:14:25.697Z] Range: bytes=0-1023 -> Serving 1024 bytes for She_spotdown.org.mp3
[2026-03-06T11:14:25.698Z] Range: bytes=7372052-7372180 -> Serving 128 bytes for She_spotdown.org.mp3
[2026-03-06T11:14:25.718Z] Range: bytes=0-147455 -> Serving 147456 bytes for She_spotdown.org.mp3
[2026-03-06T11:14:25.753Z] Range: bytes=0-1023 -> Serving 1024 bytes for Shot For Me_spotdown.org.mp3
[2026-03-06T11:14:25.756Z] Range: bytes=6146179-6146307 -> Serving 128 bytes for Shot For Me_spotdown.org.mp3
[2026-03-06T11:14:25.785Z] Range: bytes=0-38911 -> Serving 38912 bytes for Shot For Me_spotdown.org.mp3
[2026-03-06T11:14:25.837Z] Range: bytes=0-1023 -> Serving 1024 bytes for SICKO MODE_spotdown.org.mp3
[2026-03-06T11:14:25.840Z] Range: bytes=9408955-9409083 -> Serving 128 bytes for SICKO MODE_spotdown.org.mp3
[2026-03-06T11:14:25.852Z] Range: bytes=0-185343 -> Serving 185344 bytes for SICKO MODE_spotdown.org.mp3
[2026-03-06T11:14:25.903Z] Range: bytes=0-1023 -> Serving 1024 bytes for Sideways_spotdown.org.mp3
[2026-03-06T11:14:25.909Z] Range: bytes=8261138-8261266 -> Serving 128 bytes for Sideways_spotdown.org.mp3
[2026-03-06T11:14:25.935Z] Range: bytes=0-178175 -> Serving 178176 bytes for Sideways_spotdown.org.mp3
[2026-03-06T11:14:25.987Z] Range: bytes=0-1023 -> Serving 1024 bytes for Slide (feat. Frank Ocean & Migos)_spotdown.org.mp3
[2026-03-06T11:14:25.990Z] Range: bytes=6869276-6869404 -> Serving 128 bytes for Slide (feat. Frank Ocean & Migos)_spotdown.org.mp3
[2026-03-06T11:14:26.021Z] Range: bytes=0-28671 -> Serving 28672 bytes for Slide (feat. Frank Ocean & Migos)_spotdown.org.mp3
[2026-03-06T11:14:26.042Z] Range: bytes=0-1023 -> Serving 1024 bytes for Slime You Out (feat. SZA)_spotdown.org.mp3
[2026-03-06T11:14:26.045Z] Range: bytes=8438087-8438215 -> Serving 128 bytes for Slime You Out (feat. SZA)_spotdown.org.mp3
[2026-03-06T11:14:26.069Z] Range: bytes=0-75775 -> Serving 75776 bytes for Slime You Out (feat. SZA)_spotdown.org.mp3
[2026-03-06T11:14:26.103Z] Range: bytes=0-1023 -> Serving 1024 bytes for SLOW DANCING IN THE DARK_spotdown.org.mp3
[2026-03-06T11:14:26.106Z] Range: bytes=5685187-5685315 -> Serving 128 bytes for SLOW DANCING IN THE DARK_spotdown.org.mp3
[2026-03-06T11:14:26.138Z] Range: bytes=0-121855 -> Serving 121856 bytes for SLOW DANCING IN THE DARK_spotdown.org.mp3
[2026-03-06T11:14:26.181Z] Range: bytes=0-1023 -> Serving 1024 bytes for Small Worlds_spotdown.org.mp3
[2026-03-06T11:14:26.183Z] Range: bytes=8102302-8102430 -> Serving 128 bytes for Small Worlds_spotdown.org.mp3
[2026-03-06T11:14:26.202Z] Range: bytes=0-11263 -> Serving 11264 bytes for Small Worlds_spotdown.org.mp3
[2026-03-06T11:14:26.228Z] Range: bytes=0-1023 -> Serving 1024 bytes for Sooner Than Later_spotdown.org.mp3
[2026-03-06T11:14:26.231Z] Range: bytes=7020264-7020392 -> Serving 128 bytes for Sooner Than Later_spotdown.org.mp3
[2026-03-06T11:14:26.255Z] Range: bytes=0-11263 -> Serving 11264 bytes for Sooner Than Later_spotdown.org.mp3
[2026-03-06T11:14:26.277Z] Range: bytes=0-1023 -> Serving 1024 bytes for Spin Bout U_spotdown.org.mp3
[2026-03-06T11:14:26.278Z] Range: bytes=6578004-6578132 -> Serving 128 bytes for Spin Bout U_spotdown.org.mp3
[2026-03-06T11:14:26.318Z] Range: bytes=0-133119 -> Serving 133120 bytes for Spin Bout U_spotdown.org.mp3
[2026-03-06T11:14:26.355Z] Range: bytes=0-1023 -> Serving 1024 bytes for Started From the Bottom_spotdown.org.mp3
[2026-03-06T11:14:26.358Z] Range: bytes=4743159-4743287 -> Serving 128 bytes for Started From the Bottom_spotdown.org.mp3
[2026-03-06T11:14:26.385Z] Range: bytes=0-25599 -> Serving 25600 bytes for Started From the Bottom_spotdown.org.mp3
[2026-03-06T11:14:26.401Z] Range: bytes=0-1023 -> Serving 1024 bytes for Sticky_spotdown.org.mp3
[2026-03-06T11:14:26.403Z] Range: bytes=7108308-7108436 -> Serving 128 bytes for Sticky_spotdown.org.mp3
[2026-03-06T11:14:26.423Z] Range: bytes=0-30719 -> Serving 30720 bytes for Sticky_spotdown.org.mp3
[2026-03-06T11:14:26.445Z] Range: bytes=0-1023 -> Serving 1024 bytes for Sunday (feat. Frank Ocean)_spotdown.org.mp3
[2026-03-06T11:14:26.447Z] Range: bytes=6307517-6307645 -> Serving 128 bytes for Sunday (feat. Frank Ocean)_spotdown.org.mp3
[2026-03-06T11:14:26.484Z] Range: bytes=0-30719 -> Serving 30720 bytes for Sunday (feat. Frank Ocean)_spotdown.org.mp3
[2026-03-06T11:14:26.502Z] Range: bytes=0-1023 -> Serving 1024 bytes for Sunshine (feat. Fousheé)_spotdown.org.mp3
[2026-03-06T11:14:26.504Z] Range: bytes=9559776-9559904 -> Serving 128 bytes for Sunshine (feat. Fousheé)_spotdown.org.mp3
[2026-03-06T11:14:26.518Z] Range: bytes=0-31743 -> Serving 31744 bytes for Sunshine (feat. Fousheé)_spotdown.org.mp3
[2026-03-06T11:14:26.540Z] Range: bytes=0-1023 -> Serving 1024 bytes for Super Rich Kids_spotdown.org.mp3
[2026-03-06T11:14:26.544Z] Range: bytes=8814909-8815037 -> Serving 128 bytes for Super Rich Kids_spotdown.org.mp3
[2026-03-06T11:14:26.557Z] Range: bytes=0-22527 -> Serving 22528 bytes for Super Rich Kids_spotdown.org.mp3
[2026-03-06T11:14:26.580Z] Range: bytes=0-1023 -> Serving 1024 bytes for Superpower (feat. Frank Ocean)_spotdown.org.mp3
[2026-03-06T11:14:26.583Z] Range: bytes=7987819-7987947 -> Serving 128 bytes for Superpower (feat. Frank Ocean)_spotdown.org.mp3
[2026-03-06T11:14:26.605Z] Range: bytes=0-7167 -> Serving 7168 bytes for Superpower (feat. Frank Ocean)_spotdown.org.mp3
[2026-03-06T11:14:26.619Z] Range: bytes=0-1023 -> Serving 1024 bytes for Superpowers_spotdown.org.mp3
[2026-03-06T11:14:26.621Z] Range: bytes=5118888-5119016 -> Serving 128 bytes for Superpowers_spotdown.org.mp3
[2026-03-06T11:14:26.645Z] Range: bytes=0-33791 -> Serving 33792 bytes for Superpowers_spotdown.org.mp3
[2026-03-06T11:14:26.665Z] Range: bytes=0-1023 -> Serving 1024 bytes for Sure Thing_spotdown.org.mp3
[2026-03-06T11:14:26.668Z] Range: bytes=5995909-5996037 -> Serving 128 bytes for Sure Thing_spotdown.org.mp3
[2026-03-06T11:14:26.701Z] Range: bytes=0-29695 -> Serving 29696 bytes for Sure Thing_spotdown.org.mp3
[2026-03-06T11:14:26.722Z] Range: bytes=0-1023 -> Serving 1024 bytes for Talk Up (feat. Jay-Z)_spotdown.org.mp3
[2026-03-06T11:14:26.725Z] Range: bytes=3655528-3655656 -> Serving 128 bytes for Talk Up (feat. Jay-Z)_spotdown.org.mp3
[2026-03-06T11:14:26.752Z] Range: bytes=0-22527 -> Serving 22528 bytes for Talk Up (feat. Jay-Z)_spotdown.org.mp3
[2026-03-06T11:14:26.770Z] Range: bytes=0-1023 -> Serving 1024 bytes for That’s How You Feel_spotdown.org.mp3
[2026-03-06T11:14:26.773Z] Range: bytes=4297087-4297215 -> Serving 128 bytes for That’s How You Feel_spotdown.org.mp3
[2026-03-06T11:14:26.798Z] Range: bytes=0-22527 -> Serving 22528 bytes for That’s How You Feel_spotdown.org.mp3
[2026-03-06T11:14:26.824Z] Range: bytes=0-1023 -> Serving 1024 bytes for The Motto_spotdown.org.mp3
[2026-03-06T11:14:26.829Z] Range: bytes=4927975-4928103 -> Serving 128 bytes for The Motto_spotdown.org.mp3
[2026-03-06T11:14:26.864Z] Range: bytes=0-138239 -> Serving 138240 bytes for The Motto_spotdown.org.mp3
[2026-03-06T11:14:26.913Z] Range: bytes=0-1023 -> Serving 1024 bytes for Thinkin Bout You_spotdown.org.mp3
[2026-03-06T11:14:26.924Z] Range: bytes=5861879-5862007 -> Serving 128 bytes for Thinkin Bout You_spotdown.org.mp3
[2026-03-06T11:14:26.956Z] Range: bytes=0-22527 -> Serving 22528 bytes for Thinkin Bout You_spotdown.org.mp3
[2026-03-06T11:14:26.980Z] Range: bytes=0-1023 -> Serving 1024 bytes for Too Fast_spotdown.org.mp3
[2026-03-06T11:14:26.984Z] Range: bytes=8615192-8615320 -> Serving 128 bytes for Too Fast_spotdown.org.mp3
[2026-03-06T11:14:27.041Z] Range: bytes=0-27647 -> Serving 27648 bytes for Too Fast_spotdown.org.mp3
[2026-03-06T11:14:27.058Z] Range: bytes=0-1023 -> Serving 1024 bytes for Toosie Slide_spotdown.org.mp3
[2026-03-06T11:14:27.062Z] Range: bytes=6497720-6497848 -> Serving 128 bytes for Toosie Slide_spotdown.org.mp3
[2026-03-06T11:14:27.102Z] Range: bytes=0-41983 -> Serving 41984 bytes for Toosie Slide_spotdown.org.mp3
[2026-03-06T11:14:27.129Z] Range: bytes=0-1023 -> Serving 1024 bytes for Trust Issues_spotdown.org.mp3
[2026-03-06T11:14:27.131Z] Range: bytes=8069210-8069338 -> Serving 128 bytes for Trust Issues_spotdown.org.mp3
[2026-03-06T11:14:27.152Z] Range: bytes=0-70655 -> Serving 70656 bytes for Trust Issues_spotdown.org.mp3
[2026-03-06T11:14:27.177Z] Range: bytes=0-1023 -> Serving 1024 bytes for TSU_spotdown.org.mp3
[2026-03-06T11:14:27.179Z] Range: bytes=8987656-8987784 -> Serving 128 bytes for TSU_spotdown.org.mp3
[2026-03-06T11:14:27.202Z] Range: bytes=0-23551 -> Serving 23552 bytes for TSU_spotdown.org.mp3
[2026-03-06T11:14:27.226Z] Range: bytes=0-1023 -> Serving 1024 bytes for Virginia Beach_spotdown.org.mp3
[2026-03-06T11:14:27.228Z] Range: bytes=7022280-7022408 -> Serving 128 bytes for Virginia Beach_spotdown.org.mp3
[2026-03-06T11:14:27.252Z] Range: bytes=0-18431 -> Serving 18432 bytes for Virginia Beach_spotdown.org.mp3
[2026-03-06T11:14:27.268Z] Range: bytes=0-1023 -> Serving 1024 bytes for WAIT FOR U (feat. Drake & Tems)_spotdown.org.mp3
[2026-03-06T11:14:27.270Z] Range: bytes=5632773-5632901 -> Serving 128 bytes for WAIT FOR U (feat. Drake & Tems)_spotdown.org.mp3
[2026-03-06T11:14:27.293Z] Range: bytes=0-94207 -> Serving 94208 bytes for WAIT FOR U (feat. Drake & Tems)_spotdown.org.mp3
[2026-03-06T11:14:27.325Z] Range: bytes=0-1023 -> Serving 1024 bytes for Walk It Talk It_spotdown.org.mp3
[2026-03-06T11:14:27.327Z] Range: bytes=8235748-8235876 -> Serving 128 bytes for Walk It Talk It_spotdown.org.mp3
[2026-03-06T11:14:27.352Z] Range: bytes=0-105471 -> Serving 105472 bytes for Walk It Talk It_spotdown.org.mp3
[2026-03-06T11:14:27.396Z] Range: bytes=0-1023 -> Serving 1024 bytes for Wants and Needs (feat. Lil Baby)_spotdown.org.mp3
[2026-03-06T11:14:27.398Z] Range: bytes=5574923-5575051 -> Serving 128 bytes for Wants and Needs (feat. Lil Baby)_spotdown.org.mp3
[2026-03-06T11:14:27.418Z] Range: bytes=0-11263 -> Serving 11264 bytes for Wants and Needs (feat. Lil Baby)_spotdown.org.mp3
[2026-03-06T11:14:27.435Z] Range: bytes=0-1023 -> Serving 1024 bytes for Way 2 Sexy (with Future & Young Thug)_spotdown.org.mp3
[2026-03-06T11:14:27.439Z] Range: bytes=7357534-7357662 -> Serving 128 bytes for Way 2 Sexy (with Future & Young Thug)_spotdown.org.mp3
[2026-03-06T11:14:27.463Z] Range: bytes=0-64511 -> Serving 64512 bytes for Way 2 Sexy (with Future & Young Thug)_spotdown.org.mp3
[2026-03-06T11:14:27.483Z] Range: bytes=0-1023 -> Serving 1024 bytes for We Find Love_spotdown.org.mp3
[2026-03-06T11:14:27.486Z] Range: bytes=7215792-7215920 -> Serving 128 bytes for We Find Love_spotdown.org.mp3
[2026-03-06T11:14:27.509Z] Range: bytes=0-84991 -> Serving 84992 bytes for We Find Love_spotdown.org.mp3
[2026-03-06T11:14:27.533Z] Range: bytes=0-1023 -> Serving 1024 bytes for What You Heard_spotdown.org.mp3
[2026-03-06T11:14:27.535Z] Range: bytes=7035255-7035383 -> Serving 128 bytes for What You Heard_spotdown.org.mp3
[2026-03-06T11:14:27.551Z] Range: bytes=0-46079 -> Serving 46080 bytes for What You Heard_spotdown.org.mp3
[2026-03-06T11:14:27.596Z] Range: bytes=0-1023 -> Serving 1024 bytes for What's Next_spotdown.org.mp3
[2026-03-06T11:14:27.598Z] Range: bytes=5193809-5193937 -> Serving 128 bytes for What's Next_spotdown.org.mp3
[2026-03-06T11:14:27.626Z] Range: bytes=0-56319 -> Serving 56320 bytes for What's Next_spotdown.org.mp3
[2026-03-06T11:14:27.651Z] Range: bytes=0-1023 -> Serving 1024 bytes for White (feat. Frank Ocean)_spotdown.org.mp3
[2026-03-06T11:14:27.657Z] Range: bytes=3620157-3620285 -> Serving 128 bytes for White (feat. Frank Ocean)_spotdown.org.mp3
[2026-03-06T11:14:27.674Z] Range: bytes=0-29695 -> Serving 29696 bytes for White (feat. Frank Ocean)_spotdown.org.mp3
[2026-03-06T11:14:27.700Z] Range: bytes=0-1023 -> Serving 1024 bytes for Who Told You (feat. Drake)_spotdown.org.mp3
[2026-03-06T11:14:27.703Z] Range: bytes=5651484-5651612 -> Serving 128 bytes for Who Told You (feat. Drake)_spotdown.org.mp3
[2026-03-06T11:14:27.720Z] Range: bytes=0-25599 -> Serving 25600 bytes for Who Told You (feat. Drake)_spotdown.org.mp3
[2026-03-06T11:14:27.737Z] Range: bytes=0-1023 -> Serving 1024 bytes for Wildfire (feat. Frank Ocean)_spotdown.org.mp3
[2026-03-06T11:14:27.740Z] Range: bytes=2743259-2743387 -> Serving 128 bytes for Wildfire (feat. Frank Ocean)_spotdown.org.mp3
[2026-03-06T11:14:27.762Z] Range: bytes=0-94207 -> Serving 94208 bytes for Wildfire (feat. Frank Ocean)_spotdown.org.mp3
[2026-03-06T11:14:27.797Z] Range: bytes=0-1023 -> Serving 1024 bytes for Work_spotdown.org.mp3
[2026-03-06T11:14:27.800Z] Range: bytes=6253650-6253778 -> Serving 128 bytes for Work_spotdown.org.mp3
[2026-03-06T11:14:27.818Z] Range: bytes=0-24575 -> Serving 24576 bytes for Work_spotdown.org.mp3
[2026-03-06T11:14:27.840Z] Range: bytes=0-1023 -> Serving 1024 bytes for Yebba’s Heartbreak_spotdown.org.mp3
[2026-03-06T11:14:27.841Z] Range: bytes=3515846-3515974 -> Serving 128 bytes for Yebba’s Heartbreak_spotdown.org.mp3
[2026-03-06T11:14:27.858Z] Range: bytes=0-64511 -> Serving 64512 bytes for Yebba’s Heartbreak_spotdown.org.mp3
[2026-03-06T11:14:27.882Z] Range: bytes=0-1023 -> Serving 1024 bytes for You Broke My Heart_spotdown.org.mp3
[2026-03-06T11:14:27.884Z] Range: bytes=6654251-6654379 -> Serving 128 bytes for You Broke My Heart_spotdown.org.mp3
[2026-03-06T11:14:27.904Z] Range: bytes=0-21503 -> Serving 21504 bytes for You Broke My Heart_spotdown.org.mp3
[2026-03-06T11:15:28.700Z] Range: bytes=0-1023 -> Serving 1024 bytes for 8 Out Of 10_spotdown.org.mp3
[2026-03-06T11:15:28.703Z] Range: bytes=2939260-2939388 -> Serving 128 bytes for 8 Out Of 10_spotdown.org.mp3
[2026-03-06T11:15:28.720Z] Range: bytes=0-22527 -> Serving 22528 bytes for 8 Out Of 10_spotdown.org.mp3
[2026-03-06T11:15:28.746Z] Range: bytes=0-1023 -> Serving 1024 bytes for A Keeper_spotdown.org.mp3
[2026-03-06T11:15:28.748Z] Range: bytes=4759998-4760126 -> Serving 128 bytes for A Keeper_spotdown.org.mp3
[2026-03-06T11:15:28.758Z] Range: bytes=0-30719 -> Serving 30720 bytes for A Keeper_spotdown.org.mp3
[2026-03-06T11:15:28.833Z] Range: bytes=0-1023 -> Serving 1024 bytes for act ii_ date @ 8 (feat. Drake) - remix_spotdown.org.mp3
[2026-03-06T11:15:28.835Z] Range: bytes=6731275-6731403 -> Serving 128 bytes for act ii_ date @ 8 (feat. Drake) - remix_spotdown.org.mp3
[2026-03-06T11:15:28.863Z] Range: bytes=0-32767 -> Serving 32768 bytes for act ii_ date @ 8 (feat. Drake) - remix_spotdown.org.mp3
[2026-03-06T11:15:28.880Z] Range: bytes=0-1023 -> Serving 1024 bytes for All I Want Is You (feat. J. Cole)_spotdown.org.mp3
[2026-03-06T11:15:28.882Z] Range: bytes=8639723-8639851 -> Serving 128 bytes for All I Want Is You (feat. J. Cole)_spotdown.org.mp3
[2026-03-06T11:15:28.906Z] Range: bytes=0-29695 -> Serving 29696 bytes for All I Want Is You (feat. J. Cole)_spotdown.org.mp3
[2026-03-06T11:15:28.926Z] Range: bytes=0-1023 -> Serving 1024 bytes for Another Late Night (feat. Lil Yachty)_spotdown.org.mp3
[2026-03-06T11:15:28.928Z] Range: bytes=4839235-4839363 -> Serving 128 bytes for Another Late Night (feat. Lil Yachty)_spotdown.org.mp3
[2026-03-06T11:15:28.939Z] Range: bytes=0-18431 -> Serving 18432 bytes for Another Late Night (feat. Lil Yachty)_spotdown.org.mp3
[2026-03-06T11:15:28.968Z] Range: bytes=0-1023 -> Serving 1024 bytes for Bahamas Promises_spotdown.org.mp3
[2026-03-06T11:15:28.983Z] Range: bytes=5410627-5410755 -> Serving 128 bytes for Bahamas Promises_spotdown.org.mp3
[2026-03-06T11:15:29.005Z] Range: bytes=0-75775 -> Serving 75776 bytes for Bahamas Promises_spotdown.org.mp3
[2026-03-06T11:15:29.169Z] Range: bytes=0-1023 -> Serving 1024 bytes for Belong to the City_spotdown.org.mp3
[2026-03-06T11:15:29.188Z] Range: bytes=2818785-2818913 -> Serving 128 bytes for Belong to the City_spotdown.org.mp3
[2026-03-06T11:15:29.236Z] Range: bytes=0-41983 -> Serving 41984 bytes for Belong to the City_spotdown.org.mp3
[2026-03-06T11:15:29.277Z] Range: bytes=0-1023 -> Serving 1024 bytes for Blessings_spotdown.org.mp3
[2026-03-06T11:15:29.282Z] Range: bytes=7408901-7409029 -> Serving 128 bytes for Blessings_spotdown.org.mp3
[2026-03-06T11:15:29.322Z] Range: bytes=0-30719 -> Serving 30720 bytes for Blessings_spotdown.org.mp3
[2026-03-06T11:15:29.344Z] Range: bytes=0-1023 -> Serving 1024 bytes for Both (feat. Drake)_spotdown.org.mp3
[2026-03-06T11:15:29.348Z] Range: bytes=5810471-5810599 -> Serving 128 bytes for Both (feat. Drake)_spotdown.org.mp3
[2026-03-06T11:15:29.380Z] Range: bytes=0-36863 -> Serving 36864 bytes for Both (feat. Drake)_spotdown.org.mp3
[2026-03-06T11:15:29.402Z] Range: bytes=0-1023 -> Serving 1024 bytes for Break from Toronto_spotdown.org.mp3
[2026-03-06T11:15:29.405Z] Range: bytes=2999595-2999723 -> Serving 128 bytes for Break from Toronto_spotdown.org.mp3
[2026-03-06T11:15:29.432Z] Range: bytes=0-72703 -> Serving 72704 bytes for Break from Toronto_spotdown.org.mp3
[2026-03-06T11:15:29.467Z] Range: bytes=0-1023 -> Serving 1024 bytes for C U Girl_spotdown.org.mp3
[2026-03-06T11:15:29.471Z] Range: bytes=3684122-3684250 -> Serving 128 bytes for C U Girl_spotdown.org.mp3
[2026-03-06T11:15:29.495Z] Range: bytes=0-34815 -> Serving 34816 bytes for C U Girl_spotdown.org.mp3
[2026-03-06T11:15:29.535Z] Range: bytes=0-1023 -> Serving 1024 bytes for Calling My Name_spotdown.org.mp3
[2026-03-06T11:15:29.538Z] Range: bytes=3648444-3648572 -> Serving 128 bytes for Calling My Name_spotdown.org.mp3
[2026-03-06T11:15:29.561Z] Range: bytes=0-30719 -> Serving 30720 bytes for Calling My Name_spotdown.org.mp3
[2026-03-06T11:15:29.612Z] Range: bytes=0-1023 -> Serving 1024 bytes for Can’t Take A Joke_spotdown.org.mp3
[2026-03-06T11:15:29.616Z] Range: bytes=5324221-5324349 -> Serving 128 bytes for Can’t Take A Joke_spotdown.org.mp3
[2026-03-06T11:15:29.650Z] Range: bytes=0-22527 -> Serving 22528 bytes for Can’t Take A Joke_spotdown.org.mp3
[2026-03-06T11:15:29.678Z] Range: bytes=0-1023 -> Serving 1024 bytes for Chanel_spotdown.org.mp3
[2026-03-06T11:15:29.682Z] Range: bytes=6040688-6040816 -> Serving 128 bytes for Chanel_spotdown.org.mp3
[2026-03-06T11:15:29.699Z] Range: bytes=0-23551 -> Serving 23552 bytes for Chanel_spotdown.org.mp3
[2026-03-06T11:15:29.730Z] Range: bytes=0-1023 -> Serving 1024 bytes for coffee_spotdown.org.mp3
[2026-03-06T11:15:29.733Z] Range: bytes=9894520-9894648 -> Serving 128 bytes for coffee_spotdown.org.mp3
[2026-03-06T11:15:29.751Z] Range: bytes=0-35839 -> Serving 35840 bytes for coffee_spotdown.org.mp3
[2026-03-06T11:15:29.773Z] Range: bytes=0-1023 -> Serving 1024 bytes for Come and See Me (feat. Drake)_spotdown.org.mp3
[2026-03-06T11:15:29.781Z] Range: bytes=7276477-7276605 -> Serving 128 bytes for Come and See Me (feat. Drake)_spotdown.org.mp3
[2026-03-06T11:15:29.802Z] Range: bytes=0-31743 -> Serving 31744 bytes for Come and See Me (feat. Drake)_spotdown.org.mp3
[2026-03-06T11:15:29.825Z] Range: bytes=0-1023 -> Serving 1024 bytes for Come Back to Earth_spotdown.org.mp3
[2026-03-06T11:15:29.827Z] Range: bytes=4707052-4707180 -> Serving 128 bytes for Come Back to Earth_spotdown.org.mp3
[2026-03-06T11:15:29.847Z] Range: bytes=0-11263 -> Serving 11264 bytes for Come Back to Earth_spotdown.org.mp3
[2026-03-06T11:15:29.871Z] Range: bytes=0-1023 -> Serving 1024 bytes for Congratulations (feat. Bilal)_spotdown.org.mp3
[2026-03-06T11:15:29.872Z] Range: bytes=7275114-7275242 -> Serving 128 bytes for Congratulations (feat. Bilal)_spotdown.org.mp3
[2026-03-06T11:15:29.893Z] Range: bytes=0-22527 -> Serving 22528 bytes for Congratulations (feat. Bilal)_spotdown.org.mp3
[2026-03-06T11:15:29.914Z] Range: bytes=466086-466214 -> Serving 128 bytes for Controlla_spotdown.org.mp3
[2026-03-06T11:15:29.916Z] Range: bytes=0-1023 -> Serving 1024 bytes for Controlla_spotdown.org.mp3
[2026-03-06T11:15:29.932Z] Range: bytes=0-21503 -> Serving 21504 bytes for Controlla_spotdown.org.mp3
[2026-03-06T11:15:29.955Z] Range: bytes=0-1023 -> Serving 1024 bytes for Crew Love_spotdown.org.mp3
[2026-03-06T11:15:29.959Z] Range: bytes=5817656-5817784 -> Serving 128 bytes for Crew Love_spotdown.org.mp3
[2026-03-06T11:15:29.981Z] Range: bytes=0-38911 -> Serving 38912 bytes for Crew Love_spotdown.org.mp3
[2026-03-06T11:15:30.002Z] Range: bytes=0-1023 -> Serving 1024 bytes for CYANIDE_spotdown.org.mp3
[2026-03-06T11:15:30.006Z] Range: bytes=5592186-5592314 -> Serving 128 bytes for CYANIDE_spotdown.org.mp3
[2026-03-06T11:15:30.032Z] Range: bytes=0-115711 -> Serving 115712 bytes for CYANIDE_spotdown.org.mp3
[2026-03-06T11:15:30.077Z] Range: bytes=0-1023 -> Serving 1024 bytes for Dark Red_spotdown.org.mp3
[2026-03-06T11:15:30.080Z] Range: bytes=4963719-4963847 -> Serving 128 bytes for Dark Red_spotdown.org.mp3
[2026-03-06T11:15:30.104Z] Range: bytes=0-112639 -> Serving 112640 bytes for Dark Red_spotdown.org.mp3
[2026-03-06T11:15:30.142Z] Range: bytes=0-1023 -> Serving 1024 bytes for Drama (feat. Drake)_spotdown.org.mp3
[2026-03-06T11:15:30.144Z] Range: bytes=7265013-7265141 -> Serving 128 bytes for Drama (feat. Drake)_spotdown.org.mp3
[2026-03-06T11:15:30.170Z] Range: bytes=0-21503 -> Serving 21504 bytes for Drama (feat. Drake)_spotdown.org.mp3
[2026-03-06T11:15:30.194Z] Range: bytes=0-1023 -> Serving 1024 bytes for Ela É do Tipo (feat. Drake) - Remix_spotdown.org.mp3
[2026-03-06T11:15:30.200Z] Range: bytes=5822010-5822138 -> Serving 128 bytes for Ela É do Tipo (feat. Drake) - Remix_spotdown.org.mp3
[2026-03-06T11:15:30.221Z] Range: bytes=0-228351 -> Serving 228352 bytes for Ela É do Tipo (feat. Drake) - Remix_spotdown.org.mp3
[2026-03-06T11:15:30.290Z] Range: bytes=0-1023 -> Serving 1024 bytes for Elevate_spotdown.org.mp3
[2026-03-06T11:15:30.295Z] Range: bytes=5531735-5531863 -> Serving 128 bytes for Elevate_spotdown.org.mp3
[2026-03-06T11:15:30.322Z] Range: bytes=0-86015 -> Serving 86016 bytes for Elevate_spotdown.org.mp3
[2026-03-06T11:15:30.355Z] Range: bytes=0-1023 -> Serving 1024 bytes for Emotionless_spotdown.org.mp3
[2026-03-06T11:15:30.357Z] Range: bytes=7019717-7019845 -> Serving 128 bytes for Emotionless_spotdown.org.mp3
[2026-03-06T11:15:30.378Z] Range: bytes=0-22527 -> Serving 22528 bytes for Emotionless_spotdown.org.mp3
[2026-03-06T11:15:30.398Z] Range: bytes=0-1023 -> Serving 1024 bytes for Energy_spotdown.org.mp3
[2026-03-06T11:15:30.400Z] Range: bytes=4842910-4843038 -> Serving 128 bytes for Energy_spotdown.org.mp3
[2026-03-06T11:15:30.427Z] Range: bytes=0-19455 -> Serving 19456 bytes for Energy_spotdown.org.mp3
[2026-03-06T11:15:30.454Z] Range: bytes=0-1023 -> Serving 1024 bytes for Evergreen (You Didn’t Deserve Me At All)_spotdown.org.mp3
[2026-03-06T11:15:30.456Z] Range: bytes=6086025-6086153 -> Serving 128 bytes for Evergreen (You Didn’t Deserve Me At All)_spotdown.org.mp3
[2026-03-06T11:15:30.481Z] Range: bytes=0-14335 -> Serving 14336 bytes for Evergreen (You Didn’t Deserve Me At All)_spotdown.org.mp3
[2026-03-06T11:15:30.501Z] Range: bytes=0-1023 -> Serving 1024 bytes for Fair Trade (with Travis Scott)_spotdown.org.mp3
[2026-03-06T11:15:30.503Z] Range: bytes=8534605-8534733 -> Serving 128 bytes for Fair Trade (with Travis Scott)_spotdown.org.mp3
[2026-03-06T11:15:30.520Z] Range: bytes=0-64511 -> Serving 64512 bytes for Fair Trade (with Travis Scott)_spotdown.org.mp3
[2026-03-06T11:15:30.568Z] Range: bytes=0-1023 -> Serving 1024 bytes for Fake Love_spotdown.org.mp3
[2026-03-06T11:15:30.570Z] Range: bytes=6069277-6069405 -> Serving 128 bytes for Fake Love_spotdown.org.mp3
[2026-03-06T11:15:30.595Z] Range: bytes=0-23551 -> Serving 23552 bytes for Fake Love_spotdown.org.mp3
[2026-03-06T11:15:30.635Z] Range: bytes=0-1023 -> Serving 1024 bytes for Falling Back_spotdown.org.mp3
[2026-03-06T11:15:30.637Z] Range: bytes=8678156-8678284 -> Serving 128 bytes for Falling Back_spotdown.org.mp3
[2026-03-06T11:15:30.663Z] Range: bytes=0-30719 -> Serving 30720 bytes for Falling Back_spotdown.org.mp3
[2026-03-06T11:15:30.688Z] Range: bytes=0-1023 -> Serving 1024 bytes for Fancy_spotdown.org.mp3
[2026-03-06T11:15:30.691Z] Range: bytes=8759798-8759926 -> Serving 128 bytes for Fancy_spotdown.org.mp3
[2026-03-06T11:15:30.707Z] Range: bytes=0-30719 -> Serving 30720 bytes for Fancy_spotdown.org.mp3
[2026-03-06T11:15:30.734Z] Range: bytes=0-1023 -> Serving 1024 bytes for Feel No Ways_spotdown.org.mp3
[2026-03-06T11:15:30.737Z] Range: bytes=488852-488980 -> Serving 128 bytes for Feel No Ways_spotdown.org.mp3
[2026-03-06T11:15:30.761Z] Range: bytes=0-21503 -> Serving 21504 bytes for Feel No Ways_spotdown.org.mp3
[2026-03-06T11:15:30.778Z] Range: bytes=0-1023 -> Serving 1024 bytes for First Person Shooter (feat. J. Cole)_spotdown.org.mp3
[2026-03-06T11:15:30.780Z] Range: bytes=7053518-7053646 -> Serving 128 bytes for First Person Shooter (feat. J. Cole)_spotdown.org.mp3
[2026-03-06T11:15:30.796Z] Range: bytes=0-18431 -> Serving 18432 bytes for First Person Shooter (feat. J. Cole)_spotdown.org.mp3
[2026-03-06T11:15:30.818Z] Range: bytes=0-1023 -> Serving 1024 bytes for For Free_spotdown.org.mp3
[2026-03-06T11:15:30.822Z] Range: bytes=5481472-5481600 -> Serving 128 bytes for For Free_spotdown.org.mp3
[2026-03-06T11:15:30.839Z] Range: bytes=0-40959 -> Serving 40960 bytes for For Free_spotdown.org.mp3
[2026-03-06T11:15:30.870Z] Range: bytes=0-1023 -> Serving 1024 bytes for Gently (feat. Bad Bunny)_spotdown.org.mp3
[2026-03-06T11:15:30.871Z] Range: bytes=3759832-3759960 -> Serving 128 bytes for Gently (feat. Bad Bunny)_spotdown.org.mp3
[2026-03-06T11:15:30.889Z] Range: bytes=0-18431 -> Serving 18432 bytes for Gently (feat. Bad Bunny)_spotdown.org.mp3
[2026-03-06T11:15:30.904Z] Range: bytes=0-1023 -> Serving 1024 bytes for Get It Together_spotdown.org.mp3
[2026-03-06T11:15:30.909Z] Range: bytes=7580282-7580410 -> Serving 128 bytes for Get It Together_spotdown.org.mp3
[2026-03-06T11:15:30.927Z] Range: bytes=0-73727 -> Serving 73728 bytes for Get It Together_spotdown.org.mp3
[2026-03-06T11:15:30.961Z] Range: bytes=0-1023 -> Serving 1024 bytes for Get You (feat. Kali Uchis)_spotdown.org.mp3
[2026-03-06T11:15:30.966Z] Range: bytes=7640243-7640371 -> Serving 128 bytes for Get You (feat. Kali Uchis)_spotdown.org.mp3
[2026-03-06T11:15:30.982Z] Range: bytes=0-16383 -> Serving 16384 bytes for Get You (feat. Kali Uchis)_spotdown.org.mp3
[2026-03-06T11:15:31.005Z] Range: bytes=0-1023 -> Serving 1024 bytes for Girl With The Tattoo Enter.lewd_spotdown.org.mp3
[2026-03-06T11:15:31.007Z] Range: bytes=2829828-2829956 -> Serving 128 bytes for Girl With The Tattoo Enter.lewd_spotdown.org.mp3
[2026-03-06T11:15:31.027Z] Range: bytes=0-29695 -> Serving 29696 bytes for Girl With The Tattoo Enter.lewd_spotdown.org.mp3
[2026-03-06T11:15:31.052Z] Range: bytes=0-1023 -> Serving 1024 bytes for Girls Need Love (with Drake) - Remix_spotdown.org.mp3
[2026-03-06T11:15:31.056Z] Range: bytes=6393161-6393289 -> Serving 128 bytes for Girls Need Love (with Drake) - Remix_spotdown.org.mp3
[2026-03-06T11:15:31.082Z] Range: bytes=0-21503 -> Serving 21504 bytes for Girls Need Love (with Drake) - Remix_spotdown.org.mp3
[2026-03-06T11:15:31.111Z] Range: bytes=0-1023 -> Serving 1024 bytes for Girls Want Girls (with Lil Baby)_spotdown.org.mp3
[2026-03-06T11:15:31.115Z] Range: bytes=6524485-6524613 -> Serving 128 bytes for Girls Want Girls (with Lil Baby)_spotdown.org.mp3
[2026-03-06T11:15:31.182Z] Range: bytes=0-23551 -> Serving 23552 bytes for Girls Want Girls (with Lil Baby)_spotdown.org.mp3
[2026-03-06T11:15:31.212Z] Range: bytes=0-1023 -> Serving 1024 bytes for Give You the World_spotdown.org.mp3
[2026-03-06T11:15:31.213Z] Range: bytes=6969154-6969282 -> Serving 128 bytes for Give You the World_spotdown.org.mp3
[2026-03-06T11:15:31.236Z] Range: bytes=0-31743 -> Serving 31744 bytes for Give You the World_spotdown.org.mp3
[2026-03-06T11:15:31.261Z] Range: bytes=0-1023 -> Serving 1024 bytes for God's Plan_spotdown.org.mp3
[2026-03-06T11:15:31.263Z] Range: bytes=6357433-6357561 -> Serving 128 bytes for God's Plan_spotdown.org.mp3
[2026-03-06T11:15:31.277Z] Range: bytes=0-22527 -> Serving 22528 bytes for God's Plan_spotdown.org.mp3
[2026-03-06T11:15:31.299Z] Range: bytes=0-1023 -> Serving 1024 bytes for Godspeed_spotdown.org.mp3
[2026-03-06T11:15:31.305Z] Range: bytes=5043904-5044032 -> Serving 128 bytes for Godspeed_spotdown.org.mp3
[2026-03-06T11:15:31.330Z] Range: bytes=0-20479 -> Serving 20480 bytes for Godspeed_spotdown.org.mp3
[2026-03-06T11:15:31.352Z] Range: bytes=0-1023 -> Serving 1024 bytes for Going Bad (feat. Drake)_spotdown.org.mp3
[2026-03-06T11:15:31.361Z] Range: bytes=5781220-5781348 -> Serving 128 bytes for Going Bad (feat. Drake)_spotdown.org.mp3
[2026-03-06T11:15:31.380Z] Range: bytes=0-173055 -> Serving 173056 bytes for Going Bad (feat. Drake)_spotdown.org.mp3
[2026-03-06T11:15:31.428Z] Range: bytes=0-1023 -> Serving 1024 bytes for GREECE (feat. Drake)_spotdown.org.mp3
[2026-03-06T11:15:31.431Z] Range: bytes=6040909-6041037 -> Serving 128 bytes for GREECE (feat. Drake)_spotdown.org.mp3
[2026-03-06T11:15:31.450Z] Range: bytes=0-57343 -> Serving 57344 bytes for GREECE (feat. Drake)_spotdown.org.mp3
[2026-03-06T11:15:31.487Z] Range: bytes=0-1023 -> Serving 1024 bytes for Headlines_spotdown.org.mp3
[2026-03-06T11:15:31.490Z] Range: bytes=7072323-7072451 -> Serving 128 bytes for Headlines_spotdown.org.mp3
[2026-03-06T11:15:31.508Z] Range: bytes=0-38911 -> Serving 38912 bytes for Headlines_spotdown.org.mp3
[2026-03-06T11:15:31.529Z] Range: bytes=0-1023 -> Serving 1024 bytes for Her Way_spotdown.org.mp3
[2026-03-06T11:15:31.531Z] Range: bytes=6429457-6429585 -> Serving 128 bytes for Her Way_spotdown.org.mp3
[2026-03-06T11:15:31.547Z] Range: bytes=0-41983 -> Serving 41984 bytes for Her Way_spotdown.org.mp3
[2026-03-06T11:15:31.564Z] Range: bytes=0-1023 -> Serving 1024 bytes for Hold Me Down_spotdown.org.mp3
[2026-03-06T11:15:31.566Z] Range: bytes=6254602-6254730 -> Serving 128 bytes for Hold Me Down_spotdown.org.mp3
[2026-03-06T11:15:31.593Z] Range: bytes=0-16383 -> Serving 16384 bytes for Hold Me Down_spotdown.org.mp3
[2026-03-06T11:15:31.611Z] Range: bytes=0-1023 -> Serving 1024 bytes for Hold On, We're Going Home_spotdown.org.mp3
[2026-03-06T11:15:31.614Z] Range: bytes=6790347-6790475 -> Serving 128 bytes for Hold On, We're Going Home_spotdown.org.mp3
[2026-03-06T11:15:31.639Z] Range: bytes=0-25599 -> Serving 25600 bytes for Hold On, We're Going Home_spotdown.org.mp3
[2026-03-06T11:15:31.659Z] Range: bytes=0-1023 -> Serving 1024 bytes for Hotline Bling_spotdown.org.mp3
[2026-03-06T11:15:31.661Z] Range: bytes=3866148-3866276 -> Serving 128 bytes for Hotline Bling_spotdown.org.mp3
[2026-03-06T11:15:31.686Z] Range: bytes=0-21503 -> Serving 21504 bytes for Hotline Bling_spotdown.org.mp3
[2026-03-06T11:15:31.701Z] Range: bytes=0-1023 -> Serving 1024 bytes for I'M ON ONE (feat. Drake)_spotdown.org.mp3
[2026-03-06T11:15:31.703Z] Range: bytes=6950200-6950328 -> Serving 128 bytes for I'M ON ONE (feat. Drake)_spotdown.org.mp3
[2026-03-06T11:15:31.727Z] Range: bytes=0-23551 -> Serving 23552 bytes for I'M ON ONE (feat. Drake)_spotdown.org.mp3
[2026-03-06T11:15:31.744Z] Range: bytes=0-1023 -> Serving 1024 bytes for I'm Upset_spotdown.org.mp3
[2026-03-06T11:15:31.746Z] Range: bytes=6293819-6293947 -> Serving 128 bytes for I'm Upset_spotdown.org.mp3
[2026-03-06T11:15:31.760Z] Range: bytes=0-86015 -> Serving 86016 bytes for I'm Upset_spotdown.org.mp3
[2026-03-06T11:15:31.788Z] Range: bytes=0-1023 -> Serving 1024 bytes for IDGAF (feat. Yeat)_spotdown.org.mp3
[2026-03-06T11:15:31.793Z] Range: bytes=7378016-7378144 -> Serving 128 bytes for IDGAF (feat. Yeat)_spotdown.org.mp3
[2026-03-06T11:15:31.819Z] Range: bytes=0-18431 -> Serving 18432 bytes for IDGAF (feat. Yeat)_spotdown.org.mp3
[2026-03-06T11:15:31.839Z] Range: bytes=0-1023 -> Serving 1024 bytes for In My Feelings_spotdown.org.mp3
[2026-03-06T11:15:31.841Z] Range: bytes=6004215-6004343 -> Serving 128 bytes for In My Feelings_spotdown.org.mp3
[2026-03-06T11:15:31.859Z] Range: bytes=0-86015 -> Serving 86016 bytes for In My Feelings_spotdown.org.mp3
[2026-03-06T11:15:31.892Z] Range: bytes=0-1023 -> Serving 1024 bytes for In The Bible (with Lil Durk & Giveon)_spotdown.org.mp3
[2026-03-06T11:15:31.897Z] Range: bytes=8811152-8811280 -> Serving 128 bytes for In The Bible (with Lil Durk & Giveon)_spotdown.org.mp3
[2026-03-06T11:15:31.921Z] Range: bytes=0-23551 -> Serving 23552 bytes for In The Bible (with Lil Durk & Giveon)_spotdown.org.mp3
[2026-03-06T11:15:31.934Z] Range: bytes=0-1023 -> Serving 1024 bytes for Infrunami_spotdown.org.mp3
[2026-03-06T11:15:31.936Z] Range: bytes=4449858-4449986 -> Serving 128 bytes for Infrunami_spotdown.org.mp3
[2026-03-06T11:15:31.960Z] Range: bytes=0-37887 -> Serving 37888 bytes for Infrunami_spotdown.org.mp3
[2026-03-06T11:15:31.979Z] Range: bytes=0-1023 -> Serving 1024 bytes for Ivy_spotdown.org.mp3
[2026-03-06T11:15:31.981Z] Range: bytes=7533685-7533813 -> Serving 128 bytes for Ivy_spotdown.org.mp3
[2026-03-06T11:15:32.009Z] Range: bytes=0-20479 -> Serving 20480 bytes for Ivy_spotdown.org.mp3
[2026-03-06T11:15:32.030Z] Range: bytes=0-1023 -> Serving 1024 bytes for Jaded_spotdown.org.mp3
[2026-03-06T11:15:32.032Z] Range: bytes=8448464-8448592 -> Serving 128 bytes for Jaded_spotdown.org.mp3
[2026-03-06T11:15:32.045Z] Range: bytes=0-22527 -> Serving 22528 bytes for Jaded_spotdown.org.mp3
[2026-03-06T11:15:32.064Z] Range: bytes=0-1023 -> Serving 1024 bytes for Japanese Denim_spotdown.org.mp3
[2026-03-06T11:15:32.067Z] Range: bytes=7619790-7619918 -> Serving 128 bytes for Japanese Denim_spotdown.org.mp3
[2026-03-06T11:15:32.085Z] Range: bytes=0-47103 -> Serving 47104 bytes for Japanese Denim_spotdown.org.mp3
[2026-03-06T11:15:32.108Z] Range: bytes=0-1023 -> Serving 1024 bytes for Jimmy Cooks (feat. 21 Savage)_spotdown.org.mp3
[2026-03-06T11:15:32.116Z] Range: bytes=6590588-6590716 -> Serving 128 bytes for Jimmy Cooks (feat. 21 Savage)_spotdown.org.mp3
[2026-03-06T11:15:32.133Z] Range: bytes=0-30719 -> Serving 30720 bytes for Jimmy Cooks (feat. 21 Savage)_spotdown.org.mp3
[2026-03-06T11:15:32.172Z] Range: bytes=6159467-6159595 -> Serving 128 bytes for Jumpman_spotdown.org.mp3
[2026-03-06T11:15:32.180Z] Range: bytes=0-1023 -> Serving 1024 bytes for Jumpman_spotdown.org.mp3
[2026-03-06T11:15:32.221Z] Range: bytes=0-45055 -> Serving 45056 bytes for Jumpman_spotdown.org.mp3
[2026-03-06T11:15:32.255Z] Range: bytes=0-1023 -> Serving 1024 bytes for Knife Talk (with 21 Savage ft. Project Pat)_spotdown.org.mp3
[2026-03-06T11:15:32.267Z] Range: bytes=7371250-7371378 -> Serving 128 bytes for Knife Talk (with 21 Savage ft. Project Pat)_spotdown.org.mp3
[2026-03-06T11:15:32.295Z] Range: bytes=0-23551 -> Serving 23552 bytes for Knife Talk (with 21 Savage ft. Project Pat)_spotdown.org.mp3
[2026-03-06T11:15:32.320Z] Range: bytes=0-1023 -> Serving 1024 bytes for Know Yourself_spotdown.org.mp3
[2026-03-06T11:15:32.322Z] Range: bytes=6816421-6816549 -> Serving 128 bytes for Know Yourself_spotdown.org.mp3
[2026-03-06T11:15:32.351Z] Range: bytes=0-53247 -> Serving 53248 bytes for Know Yourself_spotdown.org.mp3
[2026-03-06T11:15:32.385Z] Range: bytes=0-1023 -> Serving 1024 bytes for Laugh Now Cry Later (feat. Lil Durk)_spotdown.org.mp3
[2026-03-06T11:15:32.387Z] Range: bytes=7313975-7314103 -> Serving 128 bytes for Laugh Now Cry Later (feat. Lil Durk)_spotdown.org.mp3
[2026-03-06T11:15:32.411Z] Range: bytes=0-34815 -> Serving 34816 bytes for Laugh Now Cry Later (feat. Lil Durk)_spotdown.org.mp3
[2026-03-06T11:15:32.439Z] Range: bytes=0-1023 -> Serving 1024 bytes for Legend_spotdown.org.mp3
[2026-03-06T11:15:32.442Z] Range: bytes=7423289-7423417 -> Serving 128 bytes for Legend_spotdown.org.mp3
[2026-03-06T11:15:32.459Z] Range: bytes=0-19455 -> Serving 19456 bytes for Legend_spotdown.org.mp3
[2026-03-06T11:15:32.480Z] Range: bytes=0-1023 -> Serving 1024 bytes for Life Is Good (feat. Drake)_spotdown.org.mp3
[2026-03-06T11:15:32.488Z] Range: bytes=6962900-6963028 -> Serving 128 bytes for Life Is Good (feat. Drake)_spotdown.org.mp3
[2026-03-06T11:15:32.513Z] Range: bytes=0-39935 -> Serving 39936 bytes for Life Is Good (feat. Drake)_spotdown.org.mp3
[2026-03-06T11:15:32.537Z] Range: bytes=0-1023 -> Serving 1024 bytes for Look Alive (feat. Drake)_spotdown.org.mp3
[2026-03-06T11:15:32.539Z] Range: bytes=5384505-5384633 -> Serving 128 bytes for Look Alive (feat. Drake)_spotdown.org.mp3
[2026-03-06T11:15:32.578Z] Range: bytes=0-69631 -> Serving 69632 bytes for Look Alive (feat. Drake)_spotdown.org.mp3
[2026-03-06T11:15:32.621Z] Range: bytes=0-1023 -> Serving 1024 bytes for Loose_spotdown.org.mp3
[2026-03-06T11:15:32.626Z] Range: bytes=4579606-4579734 -> Serving 128 bytes for Loose_spotdown.org.mp3
[2026-03-06T11:15:32.650Z] Range: bytes=0-84991 -> Serving 84992 bytes for Loose_spotdown.org.mp3
[2026-03-06T11:15:32.687Z] Range: bytes=0-1023 -> Serving 1024 bytes for Lost_spotdown.org.mp3
[2026-03-06T11:15:32.690Z] Range: bytes=6958074-6958202 -> Serving 128 bytes for Lost_spotdown.org.mp3
[2026-03-06T11:15:32.715Z] Range: bytes=0-21503 -> Serving 21504 bytes for Lost_spotdown.org.mp3
[2026-03-06T11:15:32.740Z] Range: bytes=0-1023 -> Serving 1024 bytes for Love Is Only a Feeling_spotdown.org.mp3
[2026-03-06T11:15:32.749Z] Range: bytes=3860145-3860273 -> Serving 128 bytes for Love Is Only a Feeling_spotdown.org.mp3
[2026-03-06T11:15:32.766Z] Range: bytes=0-41983 -> Serving 41984 bytes for Love Is Only a Feeling_spotdown.org.mp3
[2026-03-06T11:15:32.794Z] Range: bytes=0-1023 -> Serving 1024 bytes for LOVE. FEAT. ZACARI._spotdown.org.mp3
[2026-03-06T11:15:32.796Z] Range: bytes=5989775-5989903 -> Serving 128 bytes for LOVE. FEAT. ZACARI._spotdown.org.mp3
[2026-03-06T11:15:32.820Z] Range: bytes=0-32767 -> Serving 32768 bytes for LOVE. FEAT. ZACARI._spotdown.org.mp3
[2026-03-06T11:15:32.845Z] Range: bytes=0-1023 -> Serving 1024 bytes for Major Distribution_spotdown.org.mp3
[2026-03-06T11:15:32.851Z] Range: bytes=4365605-4365733 -> Serving 128 bytes for Major Distribution_spotdown.org.mp3
[2026-03-06T11:15:32.872Z] Range: bytes=0-33791 -> Serving 33792 bytes for Major Distribution_spotdown.org.mp3
[2026-03-06T11:15:32.899Z] Range: bytes=0-1023 -> Serving 1024 bytes for Marvins Room_spotdown.org.mp3
[2026-03-06T11:15:32.903Z] Range: bytes=9286084-9286212 -> Serving 128 bytes for Marvins Room_spotdown.org.mp3
[2026-03-06T11:15:32.918Z] Range: bytes=0-38911 -> Serving 38912 bytes for Marvins Room_spotdown.org.mp3
[2026-03-06T11:15:32.938Z] Range: bytes=0-1023 -> Serving 1024 bytes for Massive_spotdown.org.mp3
[2026-03-06T11:15:32.941Z] Range: bytes=9938064-9938192 -> Serving 128 bytes for Massive_spotdown.org.mp3
[2026-03-06T11:15:32.963Z] Range: bytes=0-96255 -> Serving 96256 bytes for Massive_spotdown.org.mp3
[2026-03-06T11:15:32.995Z] Range: bytes=0-1023 -> Serving 1024 bytes for MELTDOWN (feat. Drake)_spotdown.org.mp3
[2026-03-06T11:15:32.998Z] Range: bytes=7095525-7095653 -> Serving 128 bytes for MELTDOWN (feat. Drake)_spotdown.org.mp3
[2026-03-06T11:15:33.016Z] Range: bytes=0-9215 -> Serving 9216 bytes for MELTDOWN (feat. Drake)_spotdown.org.mp3
[2026-03-06T11:15:33.038Z] Range: bytes=0-1023 -> Serving 1024 bytes for MIA (feat. Drake)_spotdown.org.mp3
[2026-03-06T11:15:33.042Z] Range: bytes=6194048-6194176 -> Serving 128 bytes for MIA (feat. Drake)_spotdown.org.mp3
[2026-03-06T11:15:33.063Z] Range: bytes=0-16383 -> Serving 16384 bytes for MIA (feat. Drake)_spotdown.org.mp3
[2026-03-06T11:15:33.079Z] Range: bytes=0-1023 -> Serving 1024 bytes for Middle of the Ocean_spotdown.org.mp3
[2026-03-06T11:15:33.082Z] Range: bytes=5536043-5536171 -> Serving 128 bytes for Middle of the Ocean_spotdown.org.mp3
[2026-03-06T11:15:33.101Z] Range: bytes=0-33791 -> Serving 33792 bytes for Middle of the Ocean_spotdown.org.mp3
[2026-03-06T11:15:33.147Z] Range: bytes=0-1023 -> Serving 1024 bytes for Mob Ties_spotdown.org.mp3
[2026-03-06T11:15:33.150Z] Range: bytes=5722529-5722657 -> Serving 128 bytes for Mob Ties_spotdown.org.mp3
[2026-03-06T11:15:33.177Z] Range: bytes=0-22527 -> Serving 22528 bytes for Mob Ties_spotdown.org.mp3
[2026-03-06T11:15:33.198Z] Range: bytes=0-1023 -> Serving 1024 bytes for Money In The Grave (Drake ft. Rick Ross)_spotdown.org.mp3
[2026-03-06T11:15:33.203Z] Range: bytes=6132187-6132315 -> Serving 128 bytes for Money In The Grave (Drake ft. Rick Ross)_spotdown.org.mp3
[2026-03-06T11:15:33.231Z] Range: bytes=0-16383 -> Serving 16384 bytes for Money In The Grave (Drake ft. Rick Ross)_spotdown.org.mp3
[2026-03-06T11:15:33.255Z] Range: bytes=0-1023 -> Serving 1024 bytes for Mr. Right Now (feat. Drake)_spotdown.org.mp3
[2026-03-06T11:15:33.259Z] Range: bytes=6585681-6585809 -> Serving 128 bytes for Mr. Right Now (feat. Drake)_spotdown.org.mp3
[2026-03-06T11:15:33.278Z] Range: bytes=0-70655 -> Serving 70656 bytes for Mr. Right Now (feat. Drake)_spotdown.org.mp3
[2026-03-06T11:15:33.311Z] Range: bytes=0-1023 -> Serving 1024 bytes for My Way (feat. Monty)_spotdown.org.mp3
[2026-03-06T11:15:33.316Z] Range: bytes=6429737-6429865 -> Serving 128 bytes for My Way (feat. Monty)_spotdown.org.mp3
[2026-03-06T11:15:33.333Z] Range: bytes=0-113663 -> Serving 113664 bytes for My Way (feat. Monty)_spotdown.org.mp3
[2026-03-06T11:15:33.377Z] Range: bytes=0-1023 -> Serving 1024 bytes for N Side_spotdown.org.mp3
[2026-03-06T11:15:33.381Z] Range: bytes=7446338-7446466 -> Serving 128 bytes for N Side_spotdown.org.mp3
[2026-03-06T11:15:33.407Z] Range: bytes=0-20479 -> Serving 20480 bytes for N Side_spotdown.org.mp3
[2026-03-06T11:15:33.436Z] Range: bytes=0-1023 -> Serving 1024 bytes for Needle (feat. Drake)_spotdown.org.mp3
[2026-03-06T11:15:33.439Z] Range: bytes=7204589-7204717 -> Serving 128 bytes for Needle (feat. Drake)_spotdown.org.mp3
[2026-03-06T11:15:33.463Z] Range: bytes=0-127999 -> Serving 128000 bytes for Needle (feat. Drake)_spotdown.org.mp3
[2026-03-06T11:15:33.503Z] Range: bytes=0-1023 -> Serving 1024 bytes for Nice For What_spotdown.org.mp3
[2026-03-06T11:15:33.505Z] Range: bytes=5995567-5995695 -> Serving 128 bytes for Nice For What_spotdown.org.mp3
[2026-03-06T11:15:33.532Z] Range: bytes=0-22527 -> Serving 22528 bytes for Nice For What_spotdown.org.mp3
[2026-03-06T11:15:33.554Z] Range: bytes=0-1023 -> Serving 1024 bytes for Nights_spotdown.org.mp3
[2026-03-06T11:15:33.561Z] Range: bytes=8998451-8998579 -> Serving 128 bytes for Nights_spotdown.org.mp3
[2026-03-06T11:15:33.581Z] Range: bytes=0-82943 -> Serving 82944 bytes for Nights_spotdown.org.mp3
[2026-03-06T11:15:33.613Z] Range: bytes=0-1023 -> Serving 1024 bytes for No Guidance (feat. Drake)_spotdown.org.mp3
[2026-03-06T11:15:33.615Z] Range: bytes=7199968-7200096 -> Serving 128 bytes for No Guidance (feat. Drake)_spotdown.org.mp3
[2026-03-06T11:15:33.634Z] Range: bytes=0-129023 -> Serving 129024 bytes for No Guidance (feat. Drake)_spotdown.org.mp3
[2026-03-06T11:15:33.678Z] Range: bytes=0-1023 -> Serving 1024 bytes for Nonstop_spotdown.org.mp3
[2026-03-06T11:15:33.681Z] Range: bytes=6712667-6712795 -> Serving 128 bytes for Nonstop_spotdown.org.mp3
[2026-03-06T11:15:33.710Z] Range: bytes=0-22527 -> Serving 22528 bytes for Nonstop_spotdown.org.mp3
[2026-03-06T11:15:33.731Z] Range: bytes=0-1023 -> Serving 1024 bytes for Not You Too (feat. Chris Brown)_spotdown.org.mp3
[2026-03-06T11:15:33.734Z] Range: bytes=7665210-7665338 -> Serving 128 bytes for Not You Too (feat. Chris Brown)_spotdown.org.mp3
[2026-03-06T11:15:33.752Z] Range: bytes=0-41983 -> Serving 41984 bytes for Not You Too (feat. Chris Brown)_spotdown.org.mp3
[2026-03-06T11:15:33.773Z] Range: bytes=0-1023 -> Serving 1024 bytes for Omertà_spotdown.org.mp3
[2026-03-06T11:15:33.780Z] Range: bytes=6524785-6524913 -> Serving 128 bytes for Omertà_spotdown.org.mp3
[2026-03-06T11:15:33.803Z] Range: bytes=0-16383 -> Serving 16384 bytes for Omertà_spotdown.org.mp3
[2026-03-06T11:15:33.820Z] Range: bytes=0-1023 -> Serving 1024 bytes for On BS_spotdown.org.mp3
[2026-03-06T11:15:33.827Z] Range: bytes=7266820-7266948 -> Serving 128 bytes for On BS_spotdown.org.mp3
[2026-03-06T11:15:33.850Z] Range: bytes=0-133119 -> Serving 133120 bytes for On BS_spotdown.org.mp3
[2026-03-06T11:15:33.890Z] Range: bytes=0-1023 -> Serving 1024 bytes for One Dance_spotdown.org.mp3
[2026-03-06T11:15:33.897Z] Range: bytes=121250-121378 -> Serving 128 bytes for One Dance_spotdown.org.mp3
[2026-03-06T11:15:33.923Z] Range: bytes=0-21503 -> Serving 21504 bytes for One Dance_spotdown.org.mp3
[2026-03-06T11:15:33.943Z] Range: bytes=0-1023 -> Serving 1024 bytes for One Night Only_spotdown.org.mp3
[2026-03-06T11:15:33.946Z] Range: bytes=5993211-5993339 -> Serving 128 bytes for One Night Only_spotdown.org.mp3
[2026-03-06T11:15:33.964Z] Range: bytes=0-109567 -> Serving 109568 bytes for One Night Only_spotdown.org.mp3
[2026-03-06T11:15:34.002Z] Range: bytes=0-1023 -> Serving 1024 bytes for Passionfruit_spotdown.org.mp3
[2026-03-06T11:15:34.004Z] Range: bytes=8894277-8894405 -> Serving 128 bytes for Passionfruit_spotdown.org.mp3
[2026-03-06T11:15:34.025Z] Range: bytes=0-23551 -> Serving 23552 bytes for Passionfruit_spotdown.org.mp3
[2026-03-06T11:15:34.046Z] Range: bytes=0-1023 -> Serving 1024 bytes for Peak_spotdown.org.mp3
[2026-03-06T11:15:34.050Z] Range: bytes=6251988-6252116 -> Serving 128 bytes for Peak_spotdown.org.mp3
[2026-03-06T11:15:34.068Z] Range: bytes=0-22527 -> Serving 22528 bytes for Peak_spotdown.org.mp3
[2026-03-06T11:15:34.094Z] Range: bytes=5568324-5568452 -> Serving 128 bytes for Pink + White_spotdown.org.mp3
[2026-03-06T11:15:34.099Z] Range: bytes=0-1023 -> Serving 1024 bytes for Pink + White_spotdown.org.mp3
[2026-03-06T11:15:34.127Z] Range: bytes=0-20479 -> Serving 20480 bytes for Pink + White_spotdown.org.mp3
[2026-03-06T11:15:34.147Z] Range: bytes=0-1023 -> Serving 1024 bytes for Pink Matter_spotdown.org.mp3
[2026-03-06T11:15:34.150Z] Range: bytes=7174002-7174130 -> Serving 128 bytes for Pink Matter_spotdown.org.mp3
[2026-03-06T11:15:34.168Z] Range: bytes=0-22527 -> Serving 22528 bytes for Pink Matter_spotdown.org.mp3
[2026-03-06T11:15:34.193Z] Range: bytes=0-1023 -> Serving 1024 bytes for POPSTAR (feat. Drake)_spotdown.org.mp3
[2026-03-06T11:15:34.200Z] Range: bytes=5036815-5036943 -> Serving 128 bytes for POPSTAR (feat. Drake)_spotdown.org.mp3
[2026-03-06T11:15:34.220Z] Range: bytes=0-55295 -> Serving 55296 bytes for POPSTAR (feat. Drake)_spotdown.org.mp3
[2026-03-06T11:15:34.243Z] Range: bytes=0-1023 -> Serving 1024 bytes for Push Ups_spotdown.org.mp3
[2026-03-06T11:15:34.245Z] Range: bytes=6396747-6396875 -> Serving 128 bytes for Push Ups_spotdown.org.mp3
[2026-03-06T11:15:34.265Z] Range: bytes=0-102399 -> Serving 102400 bytes for Push Ups_spotdown.org.mp3
[2026-03-06T11:15:34.306Z] Range: bytes=0-1023 -> Serving 1024 bytes for Pussy & Millions (feat. Travis Scott)_spotdown.org.mp3
[2026-03-06T11:15:34.311Z] Range: bytes=2160278-2160406 -> Serving 128 bytes for Pussy & Millions (feat. Travis Scott)_spotdown.org.mp3
[2026-03-06T11:15:34.333Z] Range: bytes=0-33791 -> Serving 33792 bytes for Pussy & Millions (feat. Travis Scott)_spotdown.org.mp3
[2026-03-06T11:15:34.356Z] Range: bytes=0-1023 -> Serving 1024 bytes for Recognize (feat. Drake)_spotdown.org (1).mp3
[2026-03-06T11:15:34.360Z] Range: bytes=9251871-9251999 -> Serving 128 bytes for Recognize (feat. Drake)_spotdown.org (1).mp3
[2026-03-06T11:15:34.390Z] Range: bytes=0-41983 -> Serving 41984 bytes for Recognize (feat. Drake)_spotdown.org (1).mp3
[2026-03-06T11:15:34.425Z] Range: bytes=0-1023 -> Serving 1024 bytes for Recognize (feat. Drake)_spotdown.org.mp3
[2026-03-06T11:15:34.428Z] Range: bytes=9223868-9223996 -> Serving 128 bytes for Recognize (feat. Drake)_spotdown.org.mp3
[2026-03-06T11:15:34.447Z] Range: bytes=0-14335 -> Serving 14336 bytes for Recognize (feat. Drake)_spotdown.org.mp3
[2026-03-06T11:15:34.466Z] Range: bytes=0-1023 -> Serving 1024 bytes for Rich Baby Daddy (feat. Sexyy Red & SZA)_spotdown.org.mp3
[2026-03-06T11:15:34.470Z] Range: bytes=9544906-9545034 -> Serving 128 bytes for Rich Baby Daddy (feat. Sexyy Red & SZA)_spotdown.org.mp3
[2026-03-06T11:15:34.485Z] Range: bytes=0-18431 -> Serving 18432 bytes for Rich Baby Daddy (feat. Sexyy Red & SZA)_spotdown.org.mp3
[2026-03-06T11:15:34.509Z] Range: bytes=0-1023 -> Serving 1024 bytes for Rich Flex_spotdown.org.mp3
[2026-03-06T11:15:34.513Z] Range: bytes=6970132-6970260 -> Serving 128 bytes for Rich Flex_spotdown.org.mp3
[2026-03-06T11:15:34.535Z] Range: bytes=0-132095 -> Serving 132096 bytes for Rich Flex_spotdown.org.mp3
[2026-03-06T11:15:34.571Z] Range: bytes=0-1023 -> Serving 1024 bytes for Sativa_spotdown.org.mp3
[2026-03-06T11:15:34.573Z] Range: bytes=8435046-8435174 -> Serving 128 bytes for Sativa_spotdown.org.mp3
[2026-03-06T11:15:34.602Z] Range: bytes=0-214015 -> Serving 214016 bytes for Sativa_spotdown.org.mp3
[2026-03-06T11:15:34.664Z] Range: bytes=0-1023 -> Serving 1024 bytes for Search & Rescue_spotdown.org.mp3
[2026-03-06T11:15:34.666Z] Range: bytes=7666337-7666465 -> Serving 128 bytes for Search & Rescue_spotdown.org.mp3
[2026-03-06T11:15:34.679Z] Range: bytes=0-12287 -> Serving 12288 bytes for Search & Rescue_spotdown.org.mp3
[2026-03-06T11:15:34.708Z] Range: bytes=0-1023 -> Serving 1024 bytes for Self Control_spotdown.org.mp3
[2026-03-06T11:15:34.710Z] Range: bytes=6616223-6616351 -> Serving 128 bytes for Self Control_spotdown.org.mp3
[2026-03-06T11:15:34.728Z] Range: bytes=0-82943 -> Serving 82944 bytes for Self Control_spotdown.org.mp3
[2026-03-06T11:15:34.763Z] Range: bytes=0-1023 -> Serving 1024 bytes for She_spotdown.org.mp3
[2026-03-06T11:15:34.767Z] Range: bytes=7372052-7372180 -> Serving 128 bytes for She_spotdown.org.mp3
[2026-03-06T11:15:34.789Z] Range: bytes=0-147455 -> Serving 147456 bytes for She_spotdown.org.mp3
[2026-03-06T11:15:34.843Z] Range: bytes=0-1023 -> Serving 1024 bytes for Shot For Me_spotdown.org.mp3
[2026-03-06T11:15:34.845Z] Range: bytes=6146179-6146307 -> Serving 128 bytes for Shot For Me_spotdown.org.mp3
[2026-03-06T11:15:34.862Z] Range: bytes=0-38911 -> Serving 38912 bytes for Shot For Me_spotdown.org.mp3
[2026-03-06T11:15:34.886Z] Range: bytes=0-1023 -> Serving 1024 bytes for SICKO MODE_spotdown.org.mp3
[2026-03-06T11:15:34.891Z] Range: bytes=9408955-9409083 -> Serving 128 bytes for SICKO MODE_spotdown.org.mp3
[2026-03-06T11:15:34.926Z] Range: bytes=0-185343 -> Serving 185344 bytes for SICKO MODE_spotdown.org.mp3
[2026-03-06T11:15:34.980Z] Range: bytes=0-1023 -> Serving 1024 bytes for Sideways_spotdown.org.mp3
[2026-03-06T11:15:34.988Z] Range: bytes=8261138-8261266 -> Serving 128 bytes for Sideways_spotdown.org.mp3
[2026-03-06T11:15:35.014Z] Range: bytes=0-178175 -> Serving 178176 bytes for Sideways_spotdown.org.mp3
[2026-03-06T11:15:35.067Z] Range: bytes=0-1023 -> Serving 1024 bytes for Slide (feat. Frank Ocean & Migos)_spotdown.org.mp3
[2026-03-06T11:15:35.069Z] Range: bytes=6869276-6869404 -> Serving 128 bytes for Slide (feat. Frank Ocean & Migos)_spotdown.org.mp3
[2026-03-06T11:15:35.089Z] Range: bytes=0-28671 -> Serving 28672 bytes for Slide (feat. Frank Ocean & Migos)_spotdown.org.mp3
[2026-03-06T11:15:35.107Z] Range: bytes=0-1023 -> Serving 1024 bytes for Slime You Out (feat. SZA)_spotdown.org.mp3
[2026-03-06T11:15:35.120Z] Range: bytes=8438087-8438215 -> Serving 128 bytes for Slime You Out (feat. SZA)_spotdown.org.mp3
[2026-03-06T11:15:35.151Z] Range: bytes=0-75775 -> Serving 75776 bytes for Slime You Out (feat. SZA)_spotdown.org.mp3
[2026-03-06T11:15:35.195Z] Range: bytes=0-1023 -> Serving 1024 bytes for SLOW DANCING IN THE DARK_spotdown.org.mp3
[2026-03-06T11:15:35.198Z] Range: bytes=5685187-5685315 -> Serving 128 bytes for SLOW DANCING IN THE DARK_spotdown.org.mp3
[2026-03-06T11:15:35.228Z] Range: bytes=0-121855 -> Serving 121856 bytes for SLOW DANCING IN THE DARK_spotdown.org.mp3
[2026-03-06T11:15:35.292Z] Range: bytes=0-1023 -> Serving 1024 bytes for Small Worlds_spotdown.org.mp3
[2026-03-06T11:15:35.296Z] Range: bytes=8102302-8102430 -> Serving 128 bytes for Small Worlds_spotdown.org.mp3
[2026-03-06T11:15:35.326Z] Range: bytes=0-11263 -> Serving 11264 bytes for Small Worlds_spotdown.org.mp3
[2026-03-06T11:15:35.348Z] Range: bytes=0-1023 -> Serving 1024 bytes for Sooner Than Later_spotdown.org.mp3
[2026-03-06T11:15:35.351Z] Range: bytes=7020264-7020392 -> Serving 128 bytes for Sooner Than Later_spotdown.org.mp3
[2026-03-06T11:15:35.365Z] Range: bytes=0-11263 -> Serving 11264 bytes for Sooner Than Later_spotdown.org.mp3
[2026-03-06T11:15:35.387Z] Range: bytes=0-1023 -> Serving 1024 bytes for Spin Bout U_spotdown.org.mp3
[2026-03-06T11:15:35.389Z] Range: bytes=6578004-6578132 -> Serving 128 bytes for Spin Bout U_spotdown.org.mp3
[2026-03-06T11:15:35.412Z] Range: bytes=0-133119 -> Serving 133120 bytes for Spin Bout U_spotdown.org.mp3
[2026-03-06T11:15:35.466Z] Range: bytes=0-1023 -> Serving 1024 bytes for Started From the Bottom_spotdown.org.mp3
[2026-03-06T11:15:35.468Z] Range: bytes=4743159-4743287 -> Serving 128 bytes for Started From the Bottom_spotdown.org.mp3
[2026-03-06T11:15:35.484Z] Range: bytes=0-25599 -> Serving 25600 bytes for Started From the Bottom_spotdown.org.mp3
[2026-03-06T11:15:35.504Z] Range: bytes=0-1023 -> Serving 1024 bytes for Sticky_spotdown.org.mp3
[2026-03-06T11:15:35.512Z] Range: bytes=7108308-7108436 -> Serving 128 bytes for Sticky_spotdown.org.mp3
[2026-03-06T11:15:35.545Z] Range: bytes=0-30719 -> Serving 30720 bytes for Sticky_spotdown.org.mp3
[2026-03-06T11:15:35.572Z] Range: bytes=0-1023 -> Serving 1024 bytes for Sunday (feat. Frank Ocean)_spotdown.org.mp3
[2026-03-06T11:15:35.574Z] Range: bytes=6307517-6307645 -> Serving 128 bytes for Sunday (feat. Frank Ocean)_spotdown.org.mp3
[2026-03-06T11:15:35.593Z] Range: bytes=0-30719 -> Serving 30720 bytes for Sunday (feat. Frank Ocean)_spotdown.org.mp3
[2026-03-06T11:15:35.622Z] Range: bytes=0-1023 -> Serving 1024 bytes for Sunshine (feat. Fousheé)_spotdown.org.mp3
[2026-03-06T11:15:35.626Z] Range: bytes=9559776-9559904 -> Serving 128 bytes for Sunshine (feat. Fousheé)_spotdown.org.mp3
[2026-03-06T11:15:35.652Z] Range: bytes=0-31743 -> Serving 31744 bytes for Sunshine (feat. Fousheé)_spotdown.org.mp3
[2026-03-06T11:15:35.673Z] Range: bytes=0-1023 -> Serving 1024 bytes for Super Rich Kids_spotdown.org.mp3
[2026-03-06T11:15:35.677Z] Range: bytes=8814909-8815037 -> Serving 128 bytes for Super Rich Kids_spotdown.org.mp3
[2026-03-06T11:15:35.699Z] Range: bytes=0-22527 -> Serving 22528 bytes for Super Rich Kids_spotdown.org.mp3
[2026-03-06T11:15:35.722Z] Range: bytes=0-1023 -> Serving 1024 bytes for Superpower (feat. Frank Ocean)_spotdown.org.mp3
[2026-03-06T11:15:35.726Z] Range: bytes=7987819-7987947 -> Serving 128 bytes for Superpower (feat. Frank Ocean)_spotdown.org.mp3
[2026-03-06T11:15:35.744Z] Range: bytes=0-7167 -> Serving 7168 bytes for Superpower (feat. Frank Ocean)_spotdown.org.mp3
[2026-03-06T11:15:35.765Z] Range: bytes=0-1023 -> Serving 1024 bytes for Superpowers_spotdown.org.mp3
[2026-03-06T11:15:35.769Z] Range: bytes=5118888-5119016 -> Serving 128 bytes for Superpowers_spotdown.org.mp3
[2026-03-06T11:15:35.792Z] Range: bytes=0-33791 -> Serving 33792 bytes for Superpowers_spotdown.org.mp3
[2026-03-06T11:15:35.812Z] Range: bytes=0-1023 -> Serving 1024 bytes for Sure Thing_spotdown.org.mp3
[2026-03-06T11:15:35.814Z] Range: bytes=5995909-5996037 -> Serving 128 bytes for Sure Thing_spotdown.org.mp3
[2026-03-06T11:15:35.850Z] Range: bytes=0-29695 -> Serving 29696 bytes for Sure Thing_spotdown.org.mp3
[2026-03-06T11:15:35.874Z] Range: bytes=0-1023 -> Serving 1024 bytes for Talk Up (feat. Jay-Z)_spotdown.org.mp3
[2026-03-06T11:15:35.877Z] Range: bytes=3655528-3655656 -> Serving 128 bytes for Talk Up (feat. Jay-Z)_spotdown.org.mp3
[2026-03-06T11:15:35.897Z] Range: bytes=0-22527 -> Serving 22528 bytes for Talk Up (feat. Jay-Z)_spotdown.org.mp3
[2026-03-06T11:15:35.919Z] Range: bytes=0-1023 -> Serving 1024 bytes for That’s How You Feel_spotdown.org.mp3
[2026-03-06T11:15:35.921Z] Range: bytes=4297087-4297215 -> Serving 128 bytes for That’s How You Feel_spotdown.org.mp3
[2026-03-06T11:15:35.943Z] Range: bytes=0-22527 -> Serving 22528 bytes for That’s How You Feel_spotdown.org.mp3
[2026-03-06T11:15:35.962Z] Range: bytes=0-1023 -> Serving 1024 bytes for The Motto_spotdown.org.mp3
[2026-03-06T11:15:35.965Z] Range: bytes=4927975-4928103 -> Serving 128 bytes for The Motto_spotdown.org.mp3
[2026-03-06T11:15:35.989Z] Range: bytes=0-138239 -> Serving 138240 bytes for The Motto_spotdown.org.mp3
[2026-03-06T11:15:36.037Z] Range: bytes=0-1023 -> Serving 1024 bytes for Thinkin Bout You_spotdown.org.mp3
[2026-03-06T11:15:36.039Z] Range: bytes=5861879-5862007 -> Serving 128 bytes for Thinkin Bout You_spotdown.org.mp3
[2026-03-06T11:15:36.060Z] Range: bytes=0-22527 -> Serving 22528 bytes for Thinkin Bout You_spotdown.org.mp3
[2026-03-06T11:15:36.078Z] Range: bytes=0-1023 -> Serving 1024 bytes for Too Fast_spotdown.org.mp3
[2026-03-06T11:15:36.080Z] Range: bytes=8615192-8615320 -> Serving 128 bytes for Too Fast_spotdown.org.mp3
[2026-03-06T11:15:36.099Z] Range: bytes=0-27647 -> Serving 27648 bytes for Too Fast_spotdown.org.mp3
[2026-03-06T11:15:36.115Z] Range: bytes=0-1023 -> Serving 1024 bytes for Toosie Slide_spotdown.org.mp3
[2026-03-06T11:15:36.117Z] Range: bytes=6497720-6497848 -> Serving 128 bytes for Toosie Slide_spotdown.org.mp3
[2026-03-06T11:15:36.135Z] Range: bytes=0-41983 -> Serving 41984 bytes for Toosie Slide_spotdown.org.mp3
[2026-03-06T11:15:36.157Z] Range: bytes=0-1023 -> Serving 1024 bytes for Trust Issues_spotdown.org.mp3
[2026-03-06T11:15:36.159Z] Range: bytes=8069210-8069338 -> Serving 128 bytes for Trust Issues_spotdown.org.mp3
[2026-03-06T11:15:36.180Z] Range: bytes=0-70655 -> Serving 70656 bytes for Trust Issues_spotdown.org.mp3
[2026-03-06T11:15:36.214Z] Range: bytes=0-1023 -> Serving 1024 bytes for TSU_spotdown.org.mp3
[2026-03-06T11:15:36.217Z] Range: bytes=8987656-8987784 -> Serving 128 bytes for TSU_spotdown.org.mp3
[2026-03-06T11:15:36.230Z] Range: bytes=0-23551 -> Serving 23552 bytes for TSU_spotdown.org.mp3
[2026-03-06T11:15:36.250Z] Range: bytes=0-1023 -> Serving 1024 bytes for Virginia Beach_spotdown.org.mp3
[2026-03-06T11:15:36.252Z] Range: bytes=7022280-7022408 -> Serving 128 bytes for Virginia Beach_spotdown.org.mp3
[2026-03-06T11:15:36.268Z] Range: bytes=0-18431 -> Serving 18432 bytes for Virginia Beach_spotdown.org.mp3
[2026-03-06T11:15:36.284Z] Range: bytes=0-1023 -> Serving 1024 bytes for WAIT FOR U (feat. Drake & Tems)_spotdown.org.mp3
[2026-03-06T11:15:36.287Z] Range: bytes=5632773-5632901 -> Serving 128 bytes for WAIT FOR U (feat. Drake & Tems)_spotdown.org.mp3
[2026-03-06T11:15:36.308Z] Range: bytes=0-94207 -> Serving 94208 bytes for WAIT FOR U (feat. Drake & Tems)_spotdown.org.mp3
[2026-03-06T11:15:36.337Z] Range: bytes=0-1023 -> Serving 1024 bytes for Walk It Talk It_spotdown.org.mp3
[2026-03-06T11:15:36.339Z] Range: bytes=8235748-8235876 -> Serving 128 bytes for Walk It Talk It_spotdown.org.mp3
[2026-03-06T11:15:36.360Z] Range: bytes=0-105471 -> Serving 105472 bytes for Walk It Talk It_spotdown.org.mp3
[2026-03-06T11:15:36.389Z] Range: bytes=0-1023 -> Serving 1024 bytes for Wants and Needs (feat. Lil Baby)_spotdown.org.mp3
[2026-03-06T11:15:36.392Z] Range: bytes=5574923-5575051 -> Serving 128 bytes for Wants and Needs (feat. Lil Baby)_spotdown.org.mp3
[2026-03-06T11:15:36.414Z] Range: bytes=0-11263 -> Serving 11264 bytes for Wants and Needs (feat. Lil Baby)_spotdown.org.mp3
[2026-03-06T11:15:36.426Z] Range: bytes=0-1023 -> Serving 1024 bytes for Way 2 Sexy (with Future & Young Thug)_spotdown.org.mp3
[2026-03-06T11:15:36.429Z] Range: bytes=7357534-7357662 -> Serving 128 bytes for Way 2 Sexy (with Future & Young Thug)_spotdown.org.mp3
[2026-03-06T11:15:36.447Z] Range: bytes=0-64511 -> Serving 64512 bytes for Way 2 Sexy (with Future & Young Thug)_spotdown.org.mp3
[2026-03-06T11:15:36.469Z] Range: bytes=0-1023 -> Serving 1024 bytes for We Find Love_spotdown.org.mp3
[2026-03-06T11:15:36.471Z] Range: bytes=7215792-7215920 -> Serving 128 bytes for We Find Love_spotdown.org.mp3
[2026-03-06T11:15:36.487Z] Range: bytes=0-84991 -> Serving 84992 bytes for We Find Love_spotdown.org.mp3
[2026-03-06T11:15:36.509Z] Range: bytes=0-1023 -> Serving 1024 bytes for What You Heard_spotdown.org.mp3
[2026-03-06T11:15:36.512Z] Range: bytes=7035255-7035383 -> Serving 128 bytes for What You Heard_spotdown.org.mp3
[2026-03-06T11:15:36.532Z] Range: bytes=0-46079 -> Serving 46080 bytes for What You Heard_spotdown.org.mp3
[2026-03-06T11:15:36.554Z] Range: bytes=0-1023 -> Serving 1024 bytes for What's Next_spotdown.org.mp3
[2026-03-06T11:15:36.555Z] Range: bytes=5193809-5193937 -> Serving 128 bytes for What's Next_spotdown.org.mp3
[2026-03-06T11:15:36.573Z] Range: bytes=0-56319 -> Serving 56320 bytes for What's Next_spotdown.org.mp3
[2026-03-06T11:15:36.599Z] Range: bytes=0-1023 -> Serving 1024 bytes for White (feat. Frank Ocean)_spotdown.org.mp3
[2026-03-06T11:15:36.600Z] Range: bytes=3620157-3620285 -> Serving 128 bytes for White (feat. Frank Ocean)_spotdown.org.mp3
[2026-03-06T11:15:36.617Z] Range: bytes=0-29695 -> Serving 29696 bytes for White (feat. Frank Ocean)_spotdown.org.mp3
[2026-03-06T11:15:36.638Z] Range: bytes=0-1023 -> Serving 1024 bytes for Who Told You (feat. Drake)_spotdown.org.mp3
[2026-03-06T11:15:36.640Z] Range: bytes=5651484-5651612 -> Serving 128 bytes for Who Told You (feat. Drake)_spotdown.org.mp3
[2026-03-06T11:15:36.670Z] Range: bytes=0-25599 -> Serving 25600 bytes for Who Told You (feat. Drake)_spotdown.org.mp3
[2026-03-06T11:15:36.716Z] Range: bytes=0-1023 -> Serving 1024 bytes for Wildfire (feat. Frank Ocean)_spotdown.org.mp3
[2026-03-06T11:15:36.737Z] Range: bytes=2743259-2743387 -> Serving 128 bytes for Wildfire (feat. Frank Ocean)_spotdown.org.mp3
[2026-03-06T11:15:36.762Z] Range: bytes=0-94207 -> Serving 94208 bytes for Wildfire (feat. Frank Ocean)_spotdown.org.mp3
[2026-03-06T11:15:36.817Z] Range: bytes=0-1023 -> Serving 1024 bytes for Work_spotdown.org.mp3
[2026-03-06T11:15:36.820Z] Range: bytes=6253650-6253778 -> Serving 128 bytes for Work_spotdown.org.mp3
[2026-03-06T11:15:36.847Z] Range: bytes=0-24575 -> Serving 24576 bytes for Work_spotdown.org.mp3
[2026-03-06T11:15:36.895Z] Range: bytes=0-1023 -> Serving 1024 bytes for Yebba’s Heartbreak_spotdown.org.mp3
[2026-03-06T11:15:36.897Z] Range: bytes=3515846-3515974 -> Serving 128 bytes for Yebba’s Heartbreak_spotdown.org.mp3
[2026-03-06T11:15:36.925Z] Range: bytes=0-64511 -> Serving 64512 bytes for Yebba’s Heartbreak_spotdown.org.mp3
[2026-03-06T11:15:36.958Z] Range: bytes=0-1023 -> Serving 1024 bytes for You Broke My Heart_spotdown.org.mp3
[2026-03-06T11:15:36.964Z] Range: bytes=6654251-6654379 -> Serving 128 bytes for You Broke My Heart_spotdown.org.mp3
[2026-03-06T11:15:36.984Z] Range: bytes=0-21503 -> Serving 21504 bytes for You Broke My Heart_spotdown.org.mp3
[2026-03-06T11:18:02.349Z] Range: bytes=0-1023 -> Serving 1024 bytes for 8 Out Of 10_spotdown.org.mp3
[2026-03-06T11:18:02.351Z] Range: bytes=2939260-2939388 -> Serving 128 bytes for 8 Out Of 10_spotdown.org.mp3
[2026-03-06T11:18:02.383Z] Range: bytes=0-22527 -> Serving 22528 bytes for 8 Out Of 10_spotdown.org.mp3
[2026-03-06T11:18:02.433Z] Range: bytes=0-1023 -> Serving 1024 bytes for A Keeper_spotdown.org.mp3
[2026-03-06T11:18:02.435Z] Range: bytes=4759998-4760126 -> Serving 128 bytes for A Keeper_spotdown.org.mp3
[2026-03-06T11:18:02.472Z] Range: bytes=0-30719 -> Serving 30720 bytes for A Keeper_spotdown.org.mp3
[2026-03-06T11:18:02.521Z] Range: bytes=0-1023 -> Serving 1024 bytes for act ii_ date @ 8 (feat. Drake) - remix_spotdown.org.mp3
[2026-03-06T11:18:02.523Z] Range: bytes=6731275-6731403 -> Serving 128 bytes for act ii_ date @ 8 (feat. Drake) - remix_spotdown.org.mp3
[2026-03-06T11:18:02.550Z] Range: bytes=0-32767 -> Serving 32768 bytes for act ii_ date @ 8 (feat. Drake) - remix_spotdown.org.mp3
[2026-03-06T11:18:02.576Z] Range: bytes=0-1023 -> Serving 1024 bytes for All I Want Is You (feat. J. Cole)_spotdown.org.mp3
[2026-03-06T11:18:02.578Z] Range: bytes=8639723-8639851 -> Serving 128 bytes for All I Want Is You (feat. J. Cole)_spotdown.org.mp3
[2026-03-06T11:18:02.611Z] Range: bytes=0-29695 -> Serving 29696 bytes for All I Want Is You (feat. J. Cole)_spotdown.org.mp3
[2026-03-06T11:18:02.645Z] Range: bytes=0-1023 -> Serving 1024 bytes for Another Late Night (feat. Lil Yachty)_spotdown.org.mp3
[2026-03-06T11:18:02.646Z] Range: bytes=4839235-4839363 -> Serving 128 bytes for Another Late Night (feat. Lil Yachty)_spotdown.org.mp3
[2026-03-06T11:18:02.662Z] Range: bytes=0-18431 -> Serving 18432 bytes for Another Late Night (feat. Lil Yachty)_spotdown.org.mp3
[2026-03-06T11:18:02.698Z] Range: bytes=0-1023 -> Serving 1024 bytes for Bahamas Promises_spotdown.org.mp3
[2026-03-06T11:18:02.699Z] Range: bytes=5410627-5410755 -> Serving 128 bytes for Bahamas Promises_spotdown.org.mp3
[2026-03-06T11:18:02.732Z] Range: bytes=0-75775 -> Serving 75776 bytes for Bahamas Promises_spotdown.org.mp3
[2026-03-06T11:18:02.767Z] Range: bytes=0-1023 -> Serving 1024 bytes for Belong to the City_spotdown.org.mp3
[2026-03-06T11:18:02.769Z] Range: bytes=2818785-2818913 -> Serving 128 bytes for Belong to the City_spotdown.org.mp3
[2026-03-06T11:18:02.802Z] Range: bytes=0-41983 -> Serving 41984 bytes for Belong to the City_spotdown.org.mp3
[2026-03-06T11:18:02.828Z] Range: bytes=0-1023 -> Serving 1024 bytes for Blessings_spotdown.org.mp3
[2026-03-06T11:18:02.829Z] Range: bytes=7408901-7409029 -> Serving 128 bytes for Blessings_spotdown.org.mp3
[2026-03-06T11:18:02.871Z] Range: bytes=0-30719 -> Serving 30720 bytes for Blessings_spotdown.org.mp3
[2026-03-06T11:18:02.895Z] Range: bytes=0-1023 -> Serving 1024 bytes for Both (feat. Drake)_spotdown.org.mp3
[2026-03-06T11:18:02.898Z] Range: bytes=5810471-5810599 -> Serving 128 bytes for Both (feat. Drake)_spotdown.org.mp3
[2026-03-06T11:18:02.941Z] Range: bytes=0-36863 -> Serving 36864 bytes for Both (feat. Drake)_spotdown.org.mp3
[2026-03-06T11:18:02.965Z] Range: bytes=0-1023 -> Serving 1024 bytes for Break from Toronto_spotdown.org.mp3
[2026-03-06T11:18:02.968Z] Range: bytes=2999595-2999723 -> Serving 128 bytes for Break from Toronto_spotdown.org.mp3
[2026-03-06T11:18:03.008Z] Range: bytes=0-72703 -> Serving 72704 bytes for Break from Toronto_spotdown.org.mp3
[2026-03-06T11:18:03.078Z] Range: bytes=0-1023 -> Serving 1024 bytes for C U Girl_spotdown.org.mp3
[2026-03-06T11:18:03.080Z] Range: bytes=3684122-3684250 -> Serving 128 bytes for C U Girl_spotdown.org.mp3
[2026-03-06T11:18:03.105Z] Range: bytes=0-34815 -> Serving 34816 bytes for C U Girl_spotdown.org.mp3
[2026-03-06T11:18:03.154Z] Range: bytes=0-1023 -> Serving 1024 bytes for Calling My Name_spotdown.org.mp3
[2026-03-06T11:18:03.156Z] Range: bytes=3648444-3648572 -> Serving 128 bytes for Calling My Name_spotdown.org.mp3
[2026-03-06T11:18:03.178Z] Range: bytes=0-30719 -> Serving 30720 bytes for Calling My Name_spotdown.org.mp3
[2026-03-06T11:18:03.230Z] Range: bytes=0-1023 -> Serving 1024 bytes for Can’t Take A Joke_spotdown.org.mp3
[2026-03-06T11:18:03.232Z] Range: bytes=5324221-5324349 -> Serving 128 bytes for Can’t Take A Joke_spotdown.org.mp3
[2026-03-06T11:18:03.311Z] Range: bytes=0-22527 -> Serving 22528 bytes for Can’t Take A Joke_spotdown.org.mp3
[2026-03-06T11:18:03.366Z] Range: bytes=0-1023 -> Serving 1024 bytes for Chanel_spotdown.org.mp3
[2026-03-06T11:18:03.368Z] Range: bytes=6040688-6040816 -> Serving 128 bytes for Chanel_spotdown.org.mp3
[2026-03-06T11:18:03.393Z] Range: bytes=0-23551 -> Serving 23552 bytes for Chanel_spotdown.org.mp3
[2026-03-06T11:18:03.432Z] Range: bytes=0-1023 -> Serving 1024 bytes for coffee_spotdown.org.mp3
[2026-03-06T11:18:03.434Z] Range: bytes=9894520-9894648 -> Serving 128 bytes for coffee_spotdown.org.mp3
[2026-03-06T11:18:03.481Z] Range: bytes=0-35839 -> Serving 35840 bytes for coffee_spotdown.org.mp3
[2026-03-06T11:18:03.527Z] Range: bytes=0-1023 -> Serving 1024 bytes for Come and See Me (feat. Drake)_spotdown.org.mp3
[2026-03-06T11:18:03.529Z] Range: bytes=7276477-7276605 -> Serving 128 bytes for Come and See Me (feat. Drake)_spotdown.org.mp3
[2026-03-06T11:18:03.550Z] Range: bytes=0-31743 -> Serving 31744 bytes for Come and See Me (feat. Drake)_spotdown.org.mp3
[2026-03-06T11:18:03.585Z] Range: bytes=0-1023 -> Serving 1024 bytes for Come Back to Earth_spotdown.org.mp3
[2026-03-06T11:18:03.587Z] Range: bytes=4707052-4707180 -> Serving 128 bytes for Come Back to Earth_spotdown.org.mp3
[2026-03-06T11:18:03.626Z] Range: bytes=0-11263 -> Serving 11264 bytes for Come Back to Earth_spotdown.org.mp3
[2026-03-06T11:18:03.692Z] Range: bytes=0-1023 -> Serving 1024 bytes for Congratulations (feat. Bilal)_spotdown.org.mp3
[2026-03-06T11:18:03.698Z] Range: bytes=7275114-7275242 -> Serving 128 bytes for Congratulations (feat. Bilal)_spotdown.org.mp3
[2026-03-06T11:18:03.733Z] Range: bytes=0-22527 -> Serving 22528 bytes for Congratulations (feat. Bilal)_spotdown.org.mp3
[2026-03-06T11:18:03.754Z] Range: bytes=0-1023 -> Serving 1024 bytes for Controlla_spotdown.org.mp3
[2026-03-06T11:18:03.758Z] Range: bytes=466086-466214 -> Serving 128 bytes for Controlla_spotdown.org.mp3
[2026-03-06T11:18:03.783Z] Range: bytes=0-21503 -> Serving 21504 bytes for Controlla_spotdown.org.mp3
[2026-03-06T11:18:03.814Z] Range: bytes=0-1023 -> Serving 1024 bytes for Crew Love_spotdown.org.mp3
[2026-03-06T11:18:03.816Z] Range: bytes=5817656-5817784 -> Serving 128 bytes for Crew Love_spotdown.org.mp3
[2026-03-06T11:18:03.862Z] Range: bytes=0-38911 -> Serving 38912 bytes for Crew Love_spotdown.org.mp3
[2026-03-06T11:18:03.882Z] Range: bytes=0-1023 -> Serving 1024 bytes for CYANIDE_spotdown.org.mp3
[2026-03-06T11:18:03.884Z] Range: bytes=5592186-5592314 -> Serving 128 bytes for CYANIDE_spotdown.org.mp3
[2026-03-06T11:18:03.927Z] Range: bytes=0-115711 -> Serving 115712 bytes for CYANIDE_spotdown.org.mp3
[2026-03-06T11:18:03.969Z] Range: bytes=0-1023 -> Serving 1024 bytes for Dark Red_spotdown.org.mp3
[2026-03-06T11:18:03.971Z] Range: bytes=4963719-4963847 -> Serving 128 bytes for Dark Red_spotdown.org.mp3
[2026-03-06T11:18:03.998Z] Range: bytes=0-112639 -> Serving 112640 bytes for Dark Red_spotdown.org.mp3
[2026-03-06T11:18:04.049Z] Range: bytes=0-1023 -> Serving 1024 bytes for Drama (feat. Drake)_spotdown.org.mp3
[2026-03-06T11:18:04.050Z] Range: bytes=7265013-7265141 -> Serving 128 bytes for Drama (feat. Drake)_spotdown.org.mp3
[2026-03-06T11:18:04.078Z] Range: bytes=0-21503 -> Serving 21504 bytes for Drama (feat. Drake)_spotdown.org.mp3
[2026-03-06T11:18:04.095Z] Range: bytes=0-1023 -> Serving 1024 bytes for Ela É do Tipo (feat. Drake) - Remix_spotdown.org.mp3
[2026-03-06T11:18:04.097Z] Range: bytes=5822010-5822138 -> Serving 128 bytes for Ela É do Tipo (feat. Drake) - Remix_spotdown.org.mp3
[2026-03-06T11:18:04.117Z] Range: bytes=0-228351 -> Serving 228352 bytes for Ela É do Tipo (feat. Drake) - Remix_spotdown.org.mp3
[2026-03-06T11:18:04.211Z] Range: bytes=0-1023 -> Serving 1024 bytes for Elevate_spotdown.org.mp3
[2026-03-06T11:18:04.212Z] Range: bytes=5531735-5531863 -> Serving 128 bytes for Elevate_spotdown.org.mp3
[2026-03-06T11:18:04.244Z] Range: bytes=0-86015 -> Serving 86016 bytes for Elevate_spotdown.org.mp3
[2026-03-06T11:18:04.282Z] Range: bytes=0-1023 -> Serving 1024 bytes for Emotionless_spotdown.org.mp3
[2026-03-06T11:18:04.284Z] Range: bytes=7019717-7019845 -> Serving 128 bytes for Emotionless_spotdown.org.mp3
[2026-03-06T11:18:04.312Z] Range: bytes=0-22527 -> Serving 22528 bytes for Emotionless_spotdown.org.mp3
[2026-03-06T11:18:04.347Z] Range: bytes=0-1023 -> Serving 1024 bytes for Energy_spotdown.org.mp3
[2026-03-06T11:18:04.348Z] Range: bytes=4842910-4843038 -> Serving 128 bytes for Energy_spotdown.org.mp3
[2026-03-06T11:18:04.371Z] Range: bytes=0-19455 -> Serving 19456 bytes for Energy_spotdown.org.mp3
[2026-03-06T11:18:04.392Z] Range: bytes=0-1023 -> Serving 1024 bytes for Evergreen (You Didn’t Deserve Me At All)_spotdown.org.mp3
[2026-03-06T11:18:04.393Z] Range: bytes=6086025-6086153 -> Serving 128 bytes for Evergreen (You Didn’t Deserve Me At All)_spotdown.org.mp3
[2026-03-06T11:18:04.416Z] Range: bytes=0-14335 -> Serving 14336 bytes for Evergreen (You Didn’t Deserve Me At All)_spotdown.org.mp3
[2026-03-06T11:18:04.429Z] Range: bytes=0-1023 -> Serving 1024 bytes for Fair Trade (with Travis Scott)_spotdown.org.mp3
[2026-03-06T11:18:04.431Z] Range: bytes=8534605-8534733 -> Serving 128 bytes for Fair Trade (with Travis Scott)_spotdown.org.mp3
[2026-03-06T11:18:04.457Z] Range: bytes=0-64511 -> Serving 64512 bytes for Fair Trade (with Travis Scott)_spotdown.org.mp3
[2026-03-06T11:18:04.495Z] Range: bytes=0-1023 -> Serving 1024 bytes for Fake Love_spotdown.org.mp3
[2026-03-06T11:18:04.497Z] Range: bytes=6069277-6069405 -> Serving 128 bytes for Fake Love_spotdown.org.mp3
[2026-03-06T11:18:04.517Z] Range: bytes=0-23551 -> Serving 23552 bytes for Fake Love_spotdown.org.mp3
[2026-03-06T11:18:04.538Z] Range: bytes=0-1023 -> Serving 1024 bytes for Falling Back_spotdown.org.mp3
[2026-03-06T11:18:04.540Z] Range: bytes=8678156-8678284 -> Serving 128 bytes for Falling Back_spotdown.org.mp3
[2026-03-06T11:18:04.562Z] Range: bytes=0-30719 -> Serving 30720 bytes for Falling Back_spotdown.org.mp3
[2026-03-06T11:18:04.579Z] Range: bytes=0-1023 -> Serving 1024 bytes for Fancy_spotdown.org.mp3
[2026-03-06T11:18:04.580Z] Range: bytes=8759798-8759926 -> Serving 128 bytes for Fancy_spotdown.org.mp3
[2026-03-06T11:18:04.598Z] Range: bytes=0-30719 -> Serving 30720 bytes for Fancy_spotdown.org.mp3
[2026-03-06T11:18:04.621Z] Range: bytes=0-1023 -> Serving 1024 bytes for Feel No Ways_spotdown.org.mp3
[2026-03-06T11:18:04.624Z] Range: bytes=488852-488980 -> Serving 128 bytes for Feel No Ways_spotdown.org.mp3
[2026-03-06T11:18:04.641Z] Range: bytes=0-21503 -> Serving 21504 bytes for Feel No Ways_spotdown.org.mp3
[2026-03-06T11:18:04.670Z] Range: bytes=0-1023 -> Serving 1024 bytes for First Person Shooter (feat. J. Cole)_spotdown.org.mp3
[2026-03-06T11:18:04.673Z] Range: bytes=7053518-7053646 -> Serving 128 bytes for First Person Shooter (feat. J. Cole)_spotdown.org.mp3
[2026-03-06T11:18:04.692Z] Range: bytes=0-18431 -> Serving 18432 bytes for First Person Shooter (feat. J. Cole)_spotdown.org.mp3
[2026-03-06T11:18:04.721Z] Range: bytes=0-1023 -> Serving 1024 bytes for For Free_spotdown.org.mp3
[2026-03-06T11:18:04.723Z] Range: bytes=5481472-5481600 -> Serving 128 bytes for For Free_spotdown.org.mp3
[2026-03-06T11:18:04.754Z] Range: bytes=0-40959 -> Serving 40960 bytes for For Free_spotdown.org.mp3
[2026-03-06T11:18:04.781Z] Range: bytes=0-1023 -> Serving 1024 bytes for Gently (feat. Bad Bunny)_spotdown.org.mp3
[2026-03-06T11:18:04.784Z] Range: bytes=3759832-3759960 -> Serving 128 bytes for Gently (feat. Bad Bunny)_spotdown.org.mp3
[2026-03-06T11:18:04.799Z] Range: bytes=0-18431 -> Serving 18432 bytes for Gently (feat. Bad Bunny)_spotdown.org.mp3
[2026-03-06T11:18:04.816Z] Range: bytes=0-1023 -> Serving 1024 bytes for Get It Together_spotdown.org.mp3
[2026-03-06T11:18:04.818Z] Range: bytes=7580282-7580410 -> Serving 128 bytes for Get It Together_spotdown.org.mp3
[2026-03-06T11:18:04.962Z] Range: bytes=0-73727 -> Serving 73728 bytes for Get It Together_spotdown.org.mp3
[2026-03-06T11:18:05.027Z] Range: bytes=0-1023 -> Serving 1024 bytes for Get You (feat. Kali Uchis)_spotdown.org.mp3
[2026-03-06T11:18:05.029Z] Range: bytes=7640243-7640371 -> Serving 128 bytes for Get You (feat. Kali Uchis)_spotdown.org.mp3
[2026-03-06T11:18:05.054Z] Range: bytes=0-16383 -> Serving 16384 bytes for Get You (feat. Kali Uchis)_spotdown.org.mp3
[2026-03-06T11:18:05.120Z] Range: bytes=0-1023 -> Serving 1024 bytes for Girl With The Tattoo Enter.lewd_spotdown.org.mp3
[2026-03-06T11:18:05.127Z] Range: bytes=2829828-2829956 -> Serving 128 bytes for Girl With The Tattoo Enter.lewd_spotdown.org.mp3
[2026-03-06T11:18:05.168Z] Range: bytes=0-29695 -> Serving 29696 bytes for Girl With The Tattoo Enter.lewd_spotdown.org.mp3
[2026-03-06T11:18:05.207Z] Range: bytes=0-1023 -> Serving 1024 bytes for Girls Need Love (with Drake) - Remix_spotdown.org.mp3
[2026-03-06T11:18:05.212Z] Range: bytes=6393161-6393289 -> Serving 128 bytes for Girls Need Love (with Drake) - Remix_spotdown.org.mp3
[2026-03-06T11:18:05.291Z] Range: bytes=0-21503 -> Serving 21504 bytes for Girls Need Love (with Drake) - Remix_spotdown.org.mp3
[2026-03-06T11:18:05.371Z] Range: bytes=0-1023 -> Serving 1024 bytes for Girls Want Girls (with Lil Baby)_spotdown.org.mp3
[2026-03-06T11:18:05.374Z] Range: bytes=6524485-6524613 -> Serving 128 bytes for Girls Want Girls (with Lil Baby)_spotdown.org.mp3
[2026-03-06T11:18:05.416Z] Range: bytes=0-23551 -> Serving 23552 bytes for Girls Want Girls (with Lil Baby)_spotdown.org.mp3
[2026-03-06T11:18:05.454Z] Range: bytes=0-1023 -> Serving 1024 bytes for Give You the World_spotdown.org.mp3
[2026-03-06T11:18:05.465Z] Range: bytes=6969154-6969282 -> Serving 128 bytes for Give You the World_spotdown.org.mp3
[2026-03-06T11:18:05.493Z] Range: bytes=0-31743 -> Serving 31744 bytes for Give You the World_spotdown.org.mp3
[2026-03-06T11:18:05.663Z] Range: bytes=0-1023 -> Serving 1024 bytes for God's Plan_spotdown.org.mp3
[2026-03-06T11:18:05.668Z] Range: bytes=6357433-6357561 -> Serving 128 bytes for God's Plan_spotdown.org.mp3
[2026-03-06T11:18:05.721Z] Range: bytes=0-22527 -> Serving 22528 bytes for God's Plan_spotdown.org.mp3
[2026-03-06T11:18:05.746Z] Range: bytes=0-1023 -> Serving 1024 bytes for Godspeed_spotdown.org.mp3
[2026-03-06T11:18:05.749Z] Range: bytes=5043904-5044032 -> Serving 128 bytes for Godspeed_spotdown.org.mp3
[2026-03-06T11:18:05.782Z] Range: bytes=0-20479 -> Serving 20480 bytes for Godspeed_spotdown.org.mp3
[2026-03-06T11:18:05.814Z] Range: bytes=0-1023 -> Serving 1024 bytes for Going Bad (feat. Drake)_spotdown.org.mp3
[2026-03-06T11:18:05.819Z] Range: bytes=5781220-5781348 -> Serving 128 bytes for Going Bad (feat. Drake)_spotdown.org.mp3
[2026-03-06T11:18:05.838Z] Range: bytes=0-173055 -> Serving 173056 bytes for Going Bad (feat. Drake)_spotdown.org.mp3
[2026-03-06T11:18:05.910Z] Range: bytes=0-1023 -> Serving 1024 bytes for GREECE (feat. Drake)_spotdown.org.mp3
[2026-03-06T11:18:05.917Z] Range: bytes=6040909-6041037 -> Serving 128 bytes for GREECE (feat. Drake)_spotdown.org.mp3
[2026-03-06T11:18:05.942Z] Range: bytes=0-57343 -> Serving 57344 bytes for GREECE (feat. Drake)_spotdown.org.mp3
[2026-03-06T11:18:05.975Z] Range: bytes=0-1023 -> Serving 1024 bytes for Headlines_spotdown.org.mp3
[2026-03-06T11:18:05.980Z] Range: bytes=7072323-7072451 -> Serving 128 bytes for Headlines_spotdown.org.mp3
[2026-03-06T11:18:05.991Z] Range: bytes=0-38911 -> Serving 38912 bytes for Headlines_spotdown.org.mp3
[2026-03-06T11:18:06.017Z] Range: bytes=0-1023 -> Serving 1024 bytes for Her Way_spotdown.org.mp3
[2026-03-06T11:18:06.021Z] Range: bytes=6429457-6429585 -> Serving 128 bytes for Her Way_spotdown.org.mp3
[2026-03-06T11:18:06.039Z] Range: bytes=0-41983 -> Serving 41984 bytes for Her Way_spotdown.org.mp3
[2026-03-06T11:18:06.067Z] Range: bytes=0-1023 -> Serving 1024 bytes for Hold Me Down_spotdown.org.mp3
[2026-03-06T11:18:06.069Z] Range: bytes=6254602-6254730 -> Serving 128 bytes for Hold Me Down_spotdown.org.mp3
[2026-03-06T11:18:06.088Z] Range: bytes=0-16383 -> Serving 16384 bytes for Hold Me Down_spotdown.org.mp3
[2026-03-06T11:18:06.106Z] Range: bytes=0-1023 -> Serving 1024 bytes for Hold On, We're Going Home_spotdown.org.mp3
[2026-03-06T11:18:06.110Z] Range: bytes=6790347-6790475 -> Serving 128 bytes for Hold On, We're Going Home_spotdown.org.mp3
[2026-03-06T11:18:06.134Z] Range: bytes=0-25599 -> Serving 25600 bytes for Hold On, We're Going Home_spotdown.org.mp3
[2026-03-06T11:18:06.160Z] Range: bytes=0-1023 -> Serving 1024 bytes for Hotline Bling_spotdown.org.mp3
[2026-03-06T11:18:06.162Z] Range: bytes=3866148-3866276 -> Serving 128 bytes for Hotline Bling_spotdown.org.mp3
[2026-03-06T11:18:06.173Z] Range: bytes=0-21503 -> Serving 21504 bytes for Hotline Bling_spotdown.org.mp3
[2026-03-06T11:18:06.205Z] Range: bytes=0-1023 -> Serving 1024 bytes for I'M ON ONE (feat. Drake)_spotdown.org.mp3
[2026-03-06T11:18:06.207Z] Range: bytes=6950200-6950328 -> Serving 128 bytes for I'M ON ONE (feat. Drake)_spotdown.org.mp3
[2026-03-06T11:18:06.229Z] Range: bytes=0-23551 -> Serving 23552 bytes for I'M ON ONE (feat. Drake)_spotdown.org.mp3
[2026-03-06T11:18:06.264Z] Range: bytes=0-1023 -> Serving 1024 bytes for I'm Upset_spotdown.org.mp3
[2026-03-06T11:18:06.287Z] Range: bytes=6293819-6293947 -> Serving 128 bytes for I'm Upset_spotdown.org.mp3
[2026-03-06T11:18:06.307Z] Range: bytes=0-86015 -> Serving 86016 bytes for I'm Upset_spotdown.org.mp3
[2026-03-06T11:18:06.348Z] Range: bytes=0-1023 -> Serving 1024 bytes for IDGAF (feat. Yeat)_spotdown.org.mp3
[2026-03-06T11:18:06.350Z] Range: bytes=7378016-7378144 -> Serving 128 bytes for IDGAF (feat. Yeat)_spotdown.org.mp3
[2026-03-06T11:18:06.373Z] Range: bytes=0-18431 -> Serving 18432 bytes for IDGAF (feat. Yeat)_spotdown.org.mp3
[2026-03-06T11:18:06.403Z] Range: bytes=0-1023 -> Serving 1024 bytes for In My Feelings_spotdown.org.mp3
[2026-03-06T11:18:06.405Z] Range: bytes=6004215-6004343 -> Serving 128 bytes for In My Feelings_spotdown.org.mp3
[2026-03-06T11:18:06.424Z] Range: bytes=0-86015 -> Serving 86016 bytes for In My Feelings_spotdown.org.mp3
[2026-03-06T11:18:06.459Z] Range: bytes=0-1023 -> Serving 1024 bytes for In The Bible (with Lil Durk & Giveon)_spotdown.org.mp3
[2026-03-06T11:18:06.463Z] Range: bytes=8811152-8811280 -> Serving 128 bytes for In The Bible (with Lil Durk & Giveon)_spotdown.org.mp3
[2026-03-06T11:18:06.485Z] Range: bytes=0-23551 -> Serving 23552 bytes for In The Bible (with Lil Durk & Giveon)_spotdown.org.mp3
[2026-03-06T11:18:06.506Z] Range: bytes=0-1023 -> Serving 1024 bytes for Infrunami_spotdown.org.mp3
[2026-03-06T11:18:06.513Z] Range: bytes=4449858-4449986 -> Serving 128 bytes for Infrunami_spotdown.org.mp3
[2026-03-06T11:18:06.538Z] Range: bytes=0-37887 -> Serving 37888 bytes for Infrunami_spotdown.org.mp3
[2026-03-06T11:18:06.564Z] Range: bytes=0-1023 -> Serving 1024 bytes for Ivy_spotdown.org.mp3
[2026-03-06T11:18:06.566Z] Range: bytes=7533685-7533813 -> Serving 128 bytes for Ivy_spotdown.org.mp3
[2026-03-06T11:18:06.730Z] Range: bytes=0-20479 -> Serving 20480 bytes for Ivy_spotdown.org.mp3
[2026-03-06T11:18:06.757Z] Range: bytes=0-1023 -> Serving 1024 bytes for Jaded_spotdown.org.mp3
[2026-03-06T11:18:06.760Z] Range: bytes=8448464-8448592 -> Serving 128 bytes for Jaded_spotdown.org.mp3
[2026-03-06T11:18:06.832Z] Range: bytes=0-22527 -> Serving 22528 bytes for Jaded_spotdown.org.mp3
[2026-03-06T11:18:06.868Z] Range: bytes=0-1023 -> Serving 1024 bytes for Japanese Denim_spotdown.org.mp3
[2026-03-06T11:18:06.876Z] Range: bytes=7619790-7619918 -> Serving 128 bytes for Japanese Denim_spotdown.org.mp3
[2026-03-06T11:18:06.911Z] Range: bytes=0-47103 -> Serving 47104 bytes for Japanese Denim_spotdown.org.mp3
[2026-03-06T11:18:06.934Z] Range: bytes=0-1023 -> Serving 1024 bytes for Jimmy Cooks (feat. 21 Savage)_spotdown.org.mp3
[2026-03-06T11:18:06.937Z] Range: bytes=6590588-6590716 -> Serving 128 bytes for Jimmy Cooks (feat. 21 Savage)_spotdown.org.mp3
[2026-03-06T11:18:06.955Z] Range: bytes=0-30719 -> Serving 30720 bytes for Jimmy Cooks (feat. 21 Savage)_spotdown.org.mp3
[2026-03-06T11:18:06.978Z] Range: bytes=0-1023 -> Serving 1024 bytes for Jumpman_spotdown.org.mp3
[2026-03-06T11:18:06.980Z] Range: bytes=6159467-6159595 -> Serving 128 bytes for Jumpman_spotdown.org.mp3
[2026-03-06T11:18:07.004Z] Range: bytes=0-45055 -> Serving 45056 bytes for Jumpman_spotdown.org.mp3
[2026-03-06T11:18:07.030Z] Range: bytes=0-1023 -> Serving 1024 bytes for Knife Talk (with 21 Savage ft. Project Pat)_spotdown.org.mp3
[2026-03-06T11:18:07.032Z] Range: bytes=7371250-7371378 -> Serving 128 bytes for Knife Talk (with 21 Savage ft. Project Pat)_spotdown.org.mp3
[2026-03-06T11:18:07.047Z] Range: bytes=0-23551 -> Serving 23552 bytes for Knife Talk (with 21 Savage ft. Project Pat)_spotdown.org.mp3
[2026-03-06T11:18:07.066Z] Range: bytes=0-1023 -> Serving 1024 bytes for Know Yourself_spotdown.org.mp3
[2026-03-06T11:18:07.068Z] Range: bytes=6816421-6816549 -> Serving 128 bytes for Know Yourself_spotdown.org.mp3
[2026-03-06T11:18:07.089Z] Range: bytes=0-53247 -> Serving 53248 bytes for Know Yourself_spotdown.org.mp3
[2026-03-06T11:18:07.126Z] Range: bytes=0-1023 -> Serving 1024 bytes for Laugh Now Cry Later (feat. Lil Durk)_spotdown.org.mp3
[2026-03-06T11:18:07.128Z] Range: bytes=7313975-7314103 -> Serving 128 bytes for Laugh Now Cry Later (feat. Lil Durk)_spotdown.org.mp3
[2026-03-06T11:18:07.151Z] Range: bytes=0-34815 -> Serving 34816 bytes for Laugh Now Cry Later (feat. Lil Durk)_spotdown.org.mp3
[2026-03-06T11:18:07.177Z] Range: bytes=0-1023 -> Serving 1024 bytes for Legend_spotdown.org.mp3
[2026-03-06T11:18:07.179Z] Range: bytes=7423289-7423417 -> Serving 128 bytes for Legend_spotdown.org.mp3
[2026-03-06T11:18:07.199Z] Range: bytes=0-19455 -> Serving 19456 bytes for Legend_spotdown.org.mp3
[2026-03-06T11:18:07.225Z] Range: bytes=0-1023 -> Serving 1024 bytes for Life Is Good (feat. Drake)_spotdown.org.mp3
[2026-03-06T11:18:07.227Z] Range: bytes=6962900-6963028 -> Serving 128 bytes for Life Is Good (feat. Drake)_spotdown.org.mp3
[2026-03-06T11:18:07.257Z] Range: bytes=0-39935 -> Serving 39936 bytes for Life Is Good (feat. Drake)_spotdown.org.mp3
[2026-03-06T11:18:07.283Z] Range: bytes=0-1023 -> Serving 1024 bytes for Look Alive (feat. Drake)_spotdown.org.mp3
[2026-03-06T11:18:07.286Z] Range: bytes=5384505-5384633 -> Serving 128 bytes for Look Alive (feat. Drake)_spotdown.org.mp3
[2026-03-06T11:18:07.323Z] Range: bytes=0-69631 -> Serving 69632 bytes for Look Alive (feat. Drake)_spotdown.org.mp3
[2026-03-06T11:18:07.367Z] Range: bytes=0-1023 -> Serving 1024 bytes for Loose_spotdown.org.mp3
[2026-03-06T11:18:07.370Z] Range: bytes=4579606-4579734 -> Serving 128 bytes for Loose_spotdown.org.mp3
[2026-03-06T11:18:07.388Z] Range: bytes=0-84991 -> Serving 84992 bytes for Loose_spotdown.org.mp3
[2026-03-06T11:18:07.429Z] Range: bytes=0-1023 -> Serving 1024 bytes for Lost_spotdown.org.mp3
[2026-03-06T11:18:07.431Z] Range: bytes=6958074-6958202 -> Serving 128 bytes for Lost_spotdown.org.mp3
[2026-03-06T11:18:07.455Z] Range: bytes=0-21503 -> Serving 21504 bytes for Lost_spotdown.org.mp3
[2026-03-06T11:18:07.475Z] Range: bytes=0-1023 -> Serving 1024 bytes for Love Is Only a Feeling_spotdown.org.mp3
[2026-03-06T11:18:07.478Z] Range: bytes=3860145-3860273 -> Serving 128 bytes for Love Is Only a Feeling_spotdown.org.mp3
[2026-03-06T11:18:07.490Z] Range: bytes=0-41983 -> Serving 41984 bytes for Love Is Only a Feeling_spotdown.org.mp3
[2026-03-06T11:18:07.519Z] Range: bytes=0-1023 -> Serving 1024 bytes for LOVE. FEAT. ZACARI._spotdown.org.mp3
[2026-03-06T11:18:07.522Z] Range: bytes=5989775-5989903 -> Serving 128 bytes for LOVE. FEAT. ZACARI._spotdown.org.mp3
[2026-03-06T11:18:07.554Z] Range: bytes=0-32767 -> Serving 32768 bytes for LOVE. FEAT. ZACARI._spotdown.org.mp3
[2026-03-06T11:18:07.586Z] Range: bytes=0-1023 -> Serving 1024 bytes for Major Distribution_spotdown.org.mp3
[2026-03-06T11:18:07.595Z] Range: bytes=4365605-4365733 -> Serving 128 bytes for Major Distribution_spotdown.org.mp3
[2026-03-06T11:18:07.618Z] Range: bytes=0-33791 -> Serving 33792 bytes for Major Distribution_spotdown.org.mp3
[2026-03-06T11:18:07.643Z] Range: bytes=0-1023 -> Serving 1024 bytes for Marvins Room_spotdown.org.mp3
[2026-03-06T11:18:07.644Z] Range: bytes=9286084-9286212 -> Serving 128 bytes for Marvins Room_spotdown.org.mp3
[2026-03-06T11:18:07.667Z] Range: bytes=0-38911 -> Serving 38912 bytes for Marvins Room_spotdown.org.mp3
[2026-03-06T11:18:07.699Z] Range: bytes=0-1023 -> Serving 1024 bytes for Massive_spotdown.org.mp3
[2026-03-06T11:18:07.700Z] Range: bytes=9938064-9938192 -> Serving 128 bytes for Massive_spotdown.org.mp3
[2026-03-06T11:18:07.730Z] Range: bytes=0-96255 -> Serving 96256 bytes for Massive_spotdown.org.mp3
[2026-03-06T11:18:07.772Z] Range: bytes=0-1023 -> Serving 1024 bytes for MELTDOWN (feat. Drake)_spotdown.org.mp3
[2026-03-06T11:18:07.776Z] Range: bytes=7095525-7095653 -> Serving 128 bytes for MELTDOWN (feat. Drake)_spotdown.org.mp3
[2026-03-06T11:18:07.788Z] Range: bytes=0-9215 -> Serving 9216 bytes for MELTDOWN (feat. Drake)_spotdown.org.mp3
[2026-03-06T11:18:07.805Z] Range: bytes=0-1023 -> Serving 1024 bytes for MIA (feat. Drake)_spotdown.org.mp3
[2026-03-06T11:18:07.807Z] Range: bytes=6194048-6194176 -> Serving 128 bytes for MIA (feat. Drake)_spotdown.org.mp3
[2026-03-06T11:18:07.822Z] Range: bytes=0-16383 -> Serving 16384 bytes for MIA (feat. Drake)_spotdown.org.mp3
[2026-03-06T11:18:07.841Z] Range: bytes=0-1023 -> Serving 1024 bytes for Middle of the Ocean_spotdown.org.mp3
[2026-03-06T11:18:07.843Z] Range: bytes=5536043-5536171 -> Serving 128 bytes for Middle of the Ocean_spotdown.org.mp3
[2026-03-06T11:18:07.855Z] Range: bytes=0-33791 -> Serving 33792 bytes for Middle of the Ocean_spotdown.org.mp3
[2026-03-06T11:18:07.876Z] Range: bytes=0-1023 -> Serving 1024 bytes for Mob Ties_spotdown.org.mp3
[2026-03-06T11:18:07.877Z] Range: bytes=5722529-5722657 -> Serving 128 bytes for Mob Ties_spotdown.org.mp3
[2026-03-06T11:18:07.900Z] Range: bytes=0-22527 -> Serving 22528 bytes for Mob Ties_spotdown.org.mp3
[2026-03-06T11:18:07.916Z] Range: bytes=0-1023 -> Serving 1024 bytes for Money In The Grave (Drake ft. Rick Ross)_spotdown.org.mp3
[2026-03-06T11:18:07.919Z] Range: bytes=6132187-6132315 -> Serving 128 bytes for Money In The Grave (Drake ft. Rick Ross)_spotdown.org.mp3
[2026-03-06T11:18:07.941Z] Range: bytes=0-16383 -> Serving 16384 bytes for Money In The Grave (Drake ft. Rick Ross)_spotdown.org.mp3
[2026-03-06T11:18:07.964Z] Range: bytes=0-1023 -> Serving 1024 bytes for Mr. Right Now (feat. Drake)_spotdown.org.mp3
[2026-03-06T11:18:07.967Z] Range: bytes=6585681-6585809 -> Serving 128 bytes for Mr. Right Now (feat. Drake)_spotdown.org.mp3
[2026-03-06T11:18:07.989Z] Range: bytes=0-70655 -> Serving 70656 bytes for Mr. Right Now (feat. Drake)_spotdown.org.mp3
[2026-03-06T11:18:08.012Z] Range: bytes=0-1023 -> Serving 1024 bytes for My Way (feat. Monty)_spotdown.org.mp3
[2026-03-06T11:18:08.014Z] Range: bytes=6429737-6429865 -> Serving 128 bytes for My Way (feat. Monty)_spotdown.org.mp3
[2026-03-06T11:18:08.030Z] Range: bytes=0-113663 -> Serving 113664 bytes for My Way (feat. Monty)_spotdown.org.mp3
[2026-03-06T11:18:08.069Z] Range: bytes=0-1023 -> Serving 1024 bytes for N Side_spotdown.org.mp3
[2026-03-06T11:18:08.075Z] Range: bytes=7446338-7446466 -> Serving 128 bytes for N Side_spotdown.org.mp3
[2026-03-06T11:18:08.097Z] Range: bytes=0-20479 -> Serving 20480 bytes for N Side_spotdown.org.mp3
[2026-03-06T11:18:08.121Z] Range: bytes=0-1023 -> Serving 1024 bytes for Needle (feat. Drake)_spotdown.org.mp3
[2026-03-06T11:18:08.124Z] Range: bytes=7204589-7204717 -> Serving 128 bytes for Needle (feat. Drake)_spotdown.org.mp3
[2026-03-06T11:18:08.143Z] Range: bytes=0-127999 -> Serving 128000 bytes for Needle (feat. Drake)_spotdown.org.mp3
[2026-03-06T11:18:08.188Z] Range: bytes=0-1023 -> Serving 1024 bytes for Nice For What_spotdown.org.mp3
[2026-03-06T11:18:08.191Z] Range: bytes=5995567-5995695 -> Serving 128 bytes for Nice For What_spotdown.org.mp3
[2026-03-06T11:18:08.206Z] Range: bytes=0-22527 -> Serving 22528 bytes for Nice For What_spotdown.org.mp3
[2026-03-06T11:18:08.224Z] Range: bytes=0-1023 -> Serving 1024 bytes for Nights_spotdown.org.mp3
[2026-03-06T11:18:08.228Z] Range: bytes=8998451-8998579 -> Serving 128 bytes for Nights_spotdown.org.mp3
[2026-03-06T11:18:08.259Z] Range: bytes=0-82943 -> Serving 82944 bytes for Nights_spotdown.org.mp3
[2026-03-06T11:18:08.298Z] Range: bytes=0-1023 -> Serving 1024 bytes for No Guidance (feat. Drake)_spotdown.org.mp3
[2026-03-06T11:18:08.300Z] Range: bytes=7199968-7200096 -> Serving 128 bytes for No Guidance (feat. Drake)_spotdown.org.mp3
[2026-03-06T11:18:08.341Z] Range: bytes=0-129023 -> Serving 129024 bytes for No Guidance (feat. Drake)_spotdown.org.mp3
[2026-03-06T11:18:08.400Z] Range: bytes=0-1023 -> Serving 1024 bytes for Nonstop_spotdown.org.mp3
[2026-03-06T11:18:08.403Z] Range: bytes=6712667-6712795 -> Serving 128 bytes for Nonstop_spotdown.org.mp3
[2026-03-06T11:18:08.421Z] Range: bytes=0-22527 -> Serving 22528 bytes for Nonstop_spotdown.org.mp3
[2026-03-06T11:18:08.440Z] Range: bytes=0-1023 -> Serving 1024 bytes for Not You Too (feat. Chris Brown)_spotdown.org.mp3
[2026-03-06T11:18:08.442Z] Range: bytes=7665210-7665338 -> Serving 128 bytes for Not You Too (feat. Chris Brown)_spotdown.org.mp3
[2026-03-06T11:18:08.464Z] Range: bytes=0-41983 -> Serving 41984 bytes for Not You Too (feat. Chris Brown)_spotdown.org.mp3
[2026-03-06T11:18:08.483Z] Range: bytes=0-1023 -> Serving 1024 bytes for Omertà_spotdown.org.mp3
[2026-03-06T11:18:08.487Z] Range: bytes=6524785-6524913 -> Serving 128 bytes for Omertà_spotdown.org.mp3
[2026-03-06T11:18:08.509Z] Range: bytes=0-16383 -> Serving 16384 bytes for Omertà_spotdown.org.mp3
[2026-03-06T11:18:08.528Z] Range: bytes=0-1023 -> Serving 1024 bytes for On BS_spotdown.org.mp3
[2026-03-06T11:18:08.534Z] Range: bytes=7266820-7266948 -> Serving 128 bytes for On BS_spotdown.org.mp3
[2026-03-06T11:18:08.555Z] Range: bytes=0-133119 -> Serving 133120 bytes for On BS_spotdown.org.mp3
[2026-03-06T11:18:08.605Z] Range: bytes=0-1023 -> Serving 1024 bytes for One Dance_spotdown.org.mp3
[2026-03-06T11:18:08.609Z] Range: bytes=121250-121378 -> Serving 128 bytes for One Dance_spotdown.org.mp3
[2026-03-06T11:18:08.639Z] Range: bytes=0-21503 -> Serving 21504 bytes for One Dance_spotdown.org.mp3
[2026-03-06T11:18:08.659Z] Range: bytes=0-1023 -> Serving 1024 bytes for One Night Only_spotdown.org.mp3
[2026-03-06T11:18:08.661Z] Range: bytes=5993211-5993339 -> Serving 128 bytes for One Night Only_spotdown.org.mp3
[2026-03-06T11:18:08.677Z] Range: bytes=0-109567 -> Serving 109568 bytes for One Night Only_spotdown.org.mp3
[2026-03-06T11:18:08.727Z] Range: bytes=0-1023 -> Serving 1024 bytes for Passionfruit_spotdown.org.mp3
[2026-03-06T11:18:08.733Z] Range: bytes=8894277-8894405 -> Serving 128 bytes for Passionfruit_spotdown.org.mp3
[2026-03-06T11:18:08.759Z] Range: bytes=0-23551 -> Serving 23552 bytes for Passionfruit_spotdown.org.mp3
[2026-03-06T11:18:08.790Z] Range: bytes=0-1023 -> Serving 1024 bytes for Peak_spotdown.org.mp3
[2026-03-06T11:18:08.792Z] Range: bytes=6251988-6252116 -> Serving 128 bytes for Peak_spotdown.org.mp3
[2026-03-06T11:18:08.815Z] Range: bytes=0-22527 -> Serving 22528 bytes for Peak_spotdown.org.mp3
[2026-03-06T11:18:08.831Z] Range: bytes=0-1023 -> Serving 1024 bytes for Pink + White_spotdown.org.mp3
[2026-03-06T11:18:08.834Z] Range: bytes=5568324-5568452 -> Serving 128 bytes for Pink + White_spotdown.org.mp3
[2026-03-06T11:18:08.864Z] Range: bytes=0-20479 -> Serving 20480 bytes for Pink + White_spotdown.org.mp3
[2026-03-06T11:18:08.881Z] Range: bytes=0-1023 -> Serving 1024 bytes for Pink Matter_spotdown.org.mp3
[2026-03-06T11:18:08.883Z] Range: bytes=7174002-7174130 -> Serving 128 bytes for Pink Matter_spotdown.org.mp3
[2026-03-06T11:18:08.904Z] Range: bytes=0-22527 -> Serving 22528 bytes for Pink Matter_spotdown.org.mp3
[2026-03-06T11:18:08.927Z] Range: bytes=0-1023 -> Serving 1024 bytes for POPSTAR (feat. Drake)_spotdown.org.mp3
[2026-03-06T11:18:08.930Z] Range: bytes=5036815-5036943 -> Serving 128 bytes for POPSTAR (feat. Drake)_spotdown.org.mp3
[2026-03-06T11:18:08.949Z] Range: bytes=0-55295 -> Serving 55296 bytes for POPSTAR (feat. Drake)_spotdown.org.mp3
[2026-03-06T11:18:08.975Z] Range: bytes=0-1023 -> Serving 1024 bytes for Push Ups_spotdown.org.mp3
[2026-03-06T11:18:08.977Z] Range: bytes=6396747-6396875 -> Serving 128 bytes for Push Ups_spotdown.org.mp3
[2026-03-06T11:18:08.995Z] Range: bytes=0-102399 -> Serving 102400 bytes for Push Ups_spotdown.org.mp3
[2026-03-06T11:18:09.036Z] Range: bytes=0-1023 -> Serving 1024 bytes for Pussy & Millions (feat. Travis Scott)_spotdown.org.mp3
[2026-03-06T11:18:09.040Z] Range: bytes=2160278-2160406 -> Serving 128 bytes for Pussy & Millions (feat. Travis Scott)_spotdown.org.mp3
[2026-03-06T11:18:09.063Z] Range: bytes=0-33791 -> Serving 33792 bytes for Pussy & Millions (feat. Travis Scott)_spotdown.org.mp3
[2026-03-06T11:18:09.079Z] Range: bytes=0-1023 -> Serving 1024 bytes for Recognize (feat. Drake)_spotdown.org (1).mp3
[2026-03-06T11:18:09.082Z] Range: bytes=9251871-9251999 -> Serving 128 bytes for Recognize (feat. Drake)_spotdown.org (1).mp3
[2026-03-06T11:18:09.104Z] Range: bytes=0-41983 -> Serving 41984 bytes for Recognize (feat. Drake)_spotdown.org (1).mp3
[2026-03-06T11:18:09.134Z] Range: bytes=0-1023 -> Serving 1024 bytes for Recognize (feat. Drake)_spotdown.org.mp3
[2026-03-06T11:18:09.137Z] Range: bytes=9223868-9223996 -> Serving 128 bytes for Recognize (feat. Drake)_spotdown.org.mp3
[2026-03-06T11:18:09.163Z] Range: bytes=0-14335 -> Serving 14336 bytes for Recognize (feat. Drake)_spotdown.org.mp3
[2026-03-06T11:18:09.182Z] Range: bytes=0-1023 -> Serving 1024 bytes for Rich Baby Daddy (feat. Sexyy Red & SZA)_spotdown.org.mp3
[2026-03-06T11:18:09.184Z] Range: bytes=9544906-9545034 -> Serving 128 bytes for Rich Baby Daddy (feat. Sexyy Red & SZA)_spotdown.org.mp3
[2026-03-06T11:18:09.221Z] Range: bytes=0-18431 -> Serving 18432 bytes for Rich Baby Daddy (feat. Sexyy Red & SZA)_spotdown.org.mp3
[2026-03-06T11:18:09.249Z] Range: bytes=0-1023 -> Serving 1024 bytes for Rich Flex_spotdown.org.mp3
[2026-03-06T11:18:09.253Z] Range: bytes=6970132-6970260 -> Serving 128 bytes for Rich Flex_spotdown.org.mp3
[2026-03-06T11:18:09.272Z] Range: bytes=0-132095 -> Serving 132096 bytes for Rich Flex_spotdown.org.mp3
[2026-03-06T11:18:09.321Z] Range: bytes=0-1023 -> Serving 1024 bytes for Sativa_spotdown.org.mp3
[2026-03-06T11:18:09.324Z] Range: bytes=8435046-8435174 -> Serving 128 bytes for Sativa_spotdown.org.mp3
[2026-03-06T11:18:09.345Z] Range: bytes=0-214015 -> Serving 214016 bytes for Sativa_spotdown.org.mp3
[2026-03-06T11:18:09.410Z] Range: bytes=0-1023 -> Serving 1024 bytes for Search & Rescue_spotdown.org.mp3
[2026-03-06T11:18:09.413Z] Range: bytes=7666337-7666465 -> Serving 128 bytes for Search & Rescue_spotdown.org.mp3
[2026-03-06T11:18:09.434Z] Range: bytes=0-12287 -> Serving 12288 bytes for Search & Rescue_spotdown.org.mp3
[2026-03-06T11:18:09.454Z] Range: bytes=0-1023 -> Serving 1024 bytes for Self Control_spotdown.org.mp3
[2026-03-06T11:18:09.456Z] Range: bytes=6616223-6616351 -> Serving 128 bytes for Self Control_spotdown.org.mp3
[2026-03-06T11:18:09.472Z] Range: bytes=0-82943 -> Serving 82944 bytes for Self Control_spotdown.org.mp3
[2026-03-06T11:18:09.508Z] Range: bytes=0-1023 -> Serving 1024 bytes for She_spotdown.org.mp3
[2026-03-06T11:18:09.510Z] Range: bytes=7372052-7372180 -> Serving 128 bytes for She_spotdown.org.mp3
[2026-03-06T11:18:09.532Z] Range: bytes=0-147455 -> Serving 147456 bytes for She_spotdown.org.mp3
[2026-03-06T11:18:09.592Z] Range: bytes=0-1023 -> Serving 1024 bytes for Shot For Me_spotdown.org.mp3
[2026-03-06T11:18:09.597Z] Range: bytes=6146179-6146307 -> Serving 128 bytes for Shot For Me_spotdown.org.mp3
[2026-03-06T11:18:09.622Z] Range: bytes=0-38911 -> Serving 38912 bytes for Shot For Me_spotdown.org.mp3
[2026-03-06T11:18:09.654Z] Range: bytes=0-1023 -> Serving 1024 bytes for SICKO MODE_spotdown.org.mp3
[2026-03-06T11:18:09.658Z] Range: bytes=9408955-9409083 -> Serving 128 bytes for SICKO MODE_spotdown.org.mp3
[2026-03-06T11:18:09.688Z] Range: bytes=0-185343 -> Serving 185344 bytes for SICKO MODE_spotdown.org.mp3
[2026-03-06T11:18:09.787Z] Range: bytes=0-1023 -> Serving 1024 bytes for Sideways_spotdown.org.mp3
[2026-03-06T11:18:09.789Z] Range: bytes=8261138-8261266 -> Serving 128 bytes for Sideways_spotdown.org.mp3
[2026-03-06T11:18:09.808Z] Range: bytes=0-178175 -> Serving 178176 bytes for Sideways_spotdown.org.mp3
[2026-03-06T11:18:09.885Z] Range: bytes=0-1023 -> Serving 1024 bytes for Slide (feat. Frank Ocean & Migos)_spotdown.org.mp3
[2026-03-06T11:18:09.888Z] Range: bytes=6869276-6869404 -> Serving 128 bytes for Slide (feat. Frank Ocean & Migos)_spotdown.org.mp3
[2026-03-06T11:18:09.914Z] Range: bytes=0-28671 -> Serving 28672 bytes for Slide (feat. Frank Ocean & Migos)_spotdown.org.mp3
[2026-03-06T11:18:09.939Z] Range: bytes=0-1023 -> Serving 1024 bytes for Slime You Out (feat. SZA)_spotdown.org.mp3
[2026-03-06T11:18:09.941Z] Range: bytes=8438087-8438215 -> Serving 128 bytes for Slime You Out (feat. SZA)_spotdown.org.mp3
[2026-03-06T11:18:09.964Z] Range: bytes=0-75775 -> Serving 75776 bytes for Slime You Out (feat. SZA)_spotdown.org.mp3
[2026-03-06T11:18:10.002Z] Range: bytes=0-1023 -> Serving 1024 bytes for SLOW DANCING IN THE DARK_spotdown.org.mp3
[2026-03-06T11:18:10.004Z] Range: bytes=5685187-5685315 -> Serving 128 bytes for SLOW DANCING IN THE DARK_spotdown.org.mp3
[2026-03-06T11:18:10.017Z] Range: bytes=0-121855 -> Serving 121856 bytes for SLOW DANCING IN THE DARK_spotdown.org.mp3
[2026-03-06T11:18:10.066Z] Range: bytes=0-1023 -> Serving 1024 bytes for Small Worlds_spotdown.org.mp3
[2026-03-06T11:18:10.068Z] Range: bytes=8102302-8102430 -> Serving 128 bytes for Small Worlds_spotdown.org.mp3
[2026-03-06T11:18:10.080Z] Range: bytes=0-11263 -> Serving 11264 bytes for Small Worlds_spotdown.org.mp3
[2026-03-06T11:18:10.094Z] Range: bytes=0-1023 -> Serving 1024 bytes for Sooner Than Later_spotdown.org.mp3
[2026-03-06T11:18:10.095Z] Range: bytes=7020264-7020392 -> Serving 128 bytes for Sooner Than Later_spotdown.org.mp3
[2026-03-06T11:18:10.112Z] Range: bytes=0-11263 -> Serving 11264 bytes for Sooner Than Later_spotdown.org.mp3
[2026-03-06T11:18:10.128Z] Range: bytes=0-1023 -> Serving 1024 bytes for Spin Bout U_spotdown.org.mp3
[2026-03-06T11:18:10.129Z] Range: bytes=6578004-6578132 -> Serving 128 bytes for Spin Bout U_spotdown.org.mp3
[2026-03-06T11:18:10.155Z] Range: bytes=0-133119 -> Serving 133120 bytes for Spin Bout U_spotdown.org.mp3
[2026-03-06T11:18:10.225Z] Range: bytes=0-1023 -> Serving 1024 bytes for Started From the Bottom_spotdown.org.mp3
[2026-03-06T11:18:10.228Z] Range: bytes=4743159-4743287 -> Serving 128 bytes for Started From the Bottom_spotdown.org.mp3
[2026-03-06T11:18:10.251Z] Range: bytes=0-25599 -> Serving 25600 bytes for Started From the Bottom_spotdown.org.mp3
[2026-03-06T11:18:10.280Z] Range: bytes=0-1023 -> Serving 1024 bytes for Sticky_spotdown.org.mp3
[2026-03-06T11:18:10.283Z] Range: bytes=7108308-7108436 -> Serving 128 bytes for Sticky_spotdown.org.mp3
[2026-03-06T11:18:10.312Z] Range: bytes=0-30719 -> Serving 30720 bytes for Sticky_spotdown.org.mp3
[2026-03-06T11:18:10.342Z] Range: bytes=0-1023 -> Serving 1024 bytes for Sunday (feat. Frank Ocean)_spotdown.org.mp3
[2026-03-06T11:18:10.344Z] Range: bytes=6307517-6307645 -> Serving 128 bytes for Sunday (feat. Frank Ocean)_spotdown.org.mp3
[2026-03-06T11:18:10.371Z] Range: bytes=0-30719 -> Serving 30720 bytes for Sunday (feat. Frank Ocean)_spotdown.org.mp3
[2026-03-06T11:18:10.396Z] Range: bytes=0-1023 -> Serving 1024 bytes for Sunshine (feat. Fousheé)_spotdown.org.mp3
[2026-03-06T11:18:10.403Z] Range: bytes=9559776-9559904 -> Serving 128 bytes for Sunshine (feat. Fousheé)_spotdown.org.mp3
[2026-03-06T11:18:10.422Z] Range: bytes=0-31743 -> Serving 31744 bytes for Sunshine (feat. Fousheé)_spotdown.org.mp3
[2026-03-06T11:18:10.450Z] Range: bytes=0-1023 -> Serving 1024 bytes for Super Rich Kids_spotdown.org.mp3
[2026-03-06T11:18:10.456Z] Range: bytes=8814909-8815037 -> Serving 128 bytes for Super Rich Kids_spotdown.org.mp3
[2026-03-06T11:18:10.490Z] Range: bytes=0-22527 -> Serving 22528 bytes for Super Rich Kids_spotdown.org.mp3
[2026-03-06T11:18:10.516Z] Range: bytes=0-1023 -> Serving 1024 bytes for Superpower (feat. Frank Ocean)_spotdown.org.mp3
[2026-03-06T11:18:10.518Z] Range: bytes=7987819-7987947 -> Serving 128 bytes for Superpower (feat. Frank Ocean)_spotdown.org.mp3
[2026-03-06T11:18:10.543Z] Range: bytes=0-7167 -> Serving 7168 bytes for Superpower (feat. Frank Ocean)_spotdown.org.mp3
[2026-03-06T11:18:10.563Z] Range: bytes=0-1023 -> Serving 1024 bytes for Superpowers_spotdown.org.mp3
[2026-03-06T11:18:10.565Z] Range: bytes=5118888-5119016 -> Serving 128 bytes for Superpowers_spotdown.org.mp3
[2026-03-06T11:18:10.590Z] Range: bytes=0-33791 -> Serving 33792 bytes for Superpowers_spotdown.org.mp3
[2026-03-06T11:18:10.628Z] Range: bytes=0-1023 -> Serving 1024 bytes for Sure Thing_spotdown.org.mp3
[2026-03-06T11:18:10.631Z] Range: bytes=5995909-5996037 -> Serving 128 bytes for Sure Thing_spotdown.org.mp3
[2026-03-06T11:18:10.663Z] Range: bytes=0-29695 -> Serving 29696 bytes for Sure Thing_spotdown.org.mp3
[2026-03-06T11:18:10.700Z] Range: bytes=0-1023 -> Serving 1024 bytes for Talk Up (feat. Jay-Z)_spotdown.org.mp3
[2026-03-06T11:18:10.705Z] Range: bytes=3655528-3655656 -> Serving 128 bytes for Talk Up (feat. Jay-Z)_spotdown.org.mp3
[2026-03-06T11:18:10.728Z] Range: bytes=0-22527 -> Serving 22528 bytes for Talk Up (feat. Jay-Z)_spotdown.org.mp3
[2026-03-06T11:18:10.765Z] Range: bytes=0-1023 -> Serving 1024 bytes for That’s How You Feel_spotdown.org.mp3
[2026-03-06T11:18:10.769Z] Range: bytes=4297087-4297215 -> Serving 128 bytes for That’s How You Feel_spotdown.org.mp3
[2026-03-06T11:18:10.792Z] Range: bytes=0-22527 -> Serving 22528 bytes for That’s How You Feel_spotdown.org.mp3
[2026-03-06T11:18:10.841Z] Range: bytes=0-1023 -> Serving 1024 bytes for The Motto_spotdown.org.mp3
[2026-03-06T11:18:10.843Z] Range: bytes=4927975-4928103 -> Serving 128 bytes for The Motto_spotdown.org.mp3
[2026-03-06T11:18:10.867Z] Range: bytes=0-138239 -> Serving 138240 bytes for The Motto_spotdown.org.mp3
[2026-03-06T11:18:10.962Z] Range: bytes=0-1023 -> Serving 1024 bytes for Thinkin Bout You_spotdown.org.mp3
[2026-03-06T11:18:10.963Z] Range: bytes=5861879-5862007 -> Serving 128 bytes for Thinkin Bout You_spotdown.org.mp3
[2026-03-06T11:18:10.991Z] Range: bytes=0-22527 -> Serving 22528 bytes for Thinkin Bout You_spotdown.org.mp3
[2026-03-06T11:18:11.018Z] Range: bytes=0-1023 -> Serving 1024 bytes for Too Fast_spotdown.org.mp3
[2026-03-06T11:18:11.023Z] Range: bytes=8615192-8615320 -> Serving 128 bytes for Too Fast_spotdown.org.mp3
[2026-03-06T11:18:11.046Z] Range: bytes=0-27647 -> Serving 27648 bytes for Too Fast_spotdown.org.mp3
[2026-03-06T11:18:11.071Z] Range: bytes=0-1023 -> Serving 1024 bytes for Toosie Slide_spotdown.org.mp3
[2026-03-06T11:18:11.075Z] Range: bytes=6497720-6497848 -> Serving 128 bytes for Toosie Slide_spotdown.org.mp3
[2026-03-06T11:18:11.088Z] Range: bytes=0-41983 -> Serving 41984 bytes for Toosie Slide_spotdown.org.mp3
[2026-03-06T11:18:11.118Z] Range: bytes=0-1023 -> Serving 1024 bytes for Trust Issues_spotdown.org.mp3
[2026-03-06T11:18:11.122Z] Range: bytes=8069210-8069338 -> Serving 128 bytes for Trust Issues_spotdown.org.mp3
[2026-03-06T11:18:11.144Z] Range: bytes=0-70655 -> Serving 70656 bytes for Trust Issues_spotdown.org.mp3
[2026-03-06T11:18:11.191Z] Range: bytes=0-1023 -> Serving 1024 bytes for TSU_spotdown.org.mp3
[2026-03-06T11:18:11.193Z] Range: bytes=8987656-8987784 -> Serving 128 bytes for TSU_spotdown.org.mp3
[2026-03-06T11:18:11.226Z] Range: bytes=0-23551 -> Serving 23552 bytes for TSU_spotdown.org.mp3
[2026-03-06T11:18:11.244Z] Range: bytes=0-1023 -> Serving 1024 bytes for Virginia Beach_spotdown.org.mp3
[2026-03-06T11:18:11.246Z] Range: bytes=7022280-7022408 -> Serving 128 bytes for Virginia Beach_spotdown.org.mp3
[2026-03-06T11:18:11.279Z] Range: bytes=0-18431 -> Serving 18432 bytes for Virginia Beach_spotdown.org.mp3
[2026-03-06T11:18:11.319Z] Range: bytes=0-1023 -> Serving 1024 bytes for WAIT FOR U (feat. Drake & Tems)_spotdown.org.mp3
[2026-03-06T11:18:11.325Z] Range: bytes=5632773-5632901 -> Serving 128 bytes for WAIT FOR U (feat. Drake & Tems)_spotdown.org.mp3
[2026-03-06T11:18:11.352Z] Range: bytes=0-94207 -> Serving 94208 bytes for WAIT FOR U (feat. Drake & Tems)_spotdown.org.mp3
[2026-03-06T11:18:11.399Z] Range: bytes=0-1023 -> Serving 1024 bytes for Walk It Talk It_spotdown.org.mp3
[2026-03-06T11:18:11.413Z] Range: bytes=8235748-8235876 -> Serving 128 bytes for Walk It Talk It_spotdown.org.mp3
[2026-03-06T11:18:11.455Z] Range: bytes=0-105471 -> Serving 105472 bytes for Walk It Talk It_spotdown.org.mp3
[2026-03-06T11:18:11.508Z] Range: bytes=0-1023 -> Serving 1024 bytes for Wants and Needs (feat. Lil Baby)_spotdown.org.mp3
[2026-03-06T11:18:11.513Z] Range: bytes=5574923-5575051 -> Serving 128 bytes for Wants and Needs (feat. Lil Baby)_spotdown.org.mp3
[2026-03-06T11:18:11.539Z] Range: bytes=0-11263 -> Serving 11264 bytes for Wants and Needs (feat. Lil Baby)_spotdown.org.mp3
[2026-03-06T11:18:11.565Z] Range: bytes=0-1023 -> Serving 1024 bytes for Way 2 Sexy (with Future & Young Thug)_spotdown.org.mp3
[2026-03-06T11:18:11.567Z] Range: bytes=7357534-7357662 -> Serving 128 bytes for Way 2 Sexy (with Future & Young Thug)_spotdown.org.mp3
[2026-03-06T11:18:11.593Z] Range: bytes=0-64511 -> Serving 64512 bytes for Way 2 Sexy (with Future & Young Thug)_spotdown.org.mp3
[2026-03-06T11:18:11.634Z] Range: bytes=0-1023 -> Serving 1024 bytes for We Find Love_spotdown.org.mp3
[2026-03-06T11:18:11.638Z] Range: bytes=7215792-7215920 -> Serving 128 bytes for We Find Love_spotdown.org.mp3
[2026-03-06T11:18:11.663Z] Range: bytes=0-84991 -> Serving 84992 bytes for We Find Love_spotdown.org.mp3
[2026-03-06T11:18:11.730Z] Range: bytes=0-1023 -> Serving 1024 bytes for What You Heard_spotdown.org.mp3
[2026-03-06T11:18:11.747Z] Range: bytes=7035255-7035383 -> Serving 128 bytes for What You Heard_spotdown.org.mp3
[2026-03-06T11:18:11.786Z] Range: bytes=0-46079 -> Serving 46080 bytes for What You Heard_spotdown.org.mp3
[2026-03-06T11:18:11.833Z] Range: bytes=0-1023 -> Serving 1024 bytes for What's Next_spotdown.org.mp3
[2026-03-06T11:18:11.844Z] Range: bytes=5193809-5193937 -> Serving 128 bytes for What's Next_spotdown.org.mp3
[2026-03-06T11:18:11.865Z] Range: bytes=0-56319 -> Serving 56320 bytes for What's Next_spotdown.org.mp3
[2026-03-06T11:18:11.926Z] Range: bytes=0-1023 -> Serving 1024 bytes for White (feat. Frank Ocean)_spotdown.org.mp3
[2026-03-06T11:18:11.937Z] Range: bytes=3620157-3620285 -> Serving 128 bytes for White (feat. Frank Ocean)_spotdown.org.mp3
[2026-03-06T11:18:11.977Z] Range: bytes=0-29695 -> Serving 29696 bytes for White (feat. Frank Ocean)_spotdown.org.mp3
[2026-03-06T11:18:12.019Z] Range: bytes=0-1023 -> Serving 1024 bytes for Who Told You (feat. Drake)_spotdown.org.mp3
[2026-03-06T11:18:12.022Z] Range: bytes=5651484-5651612 -> Serving 128 bytes for Who Told You (feat. Drake)_spotdown.org.mp3
[2026-03-06T11:18:12.085Z] Range: bytes=0-25599 -> Serving 25600 bytes for Who Told You (feat. Drake)_spotdown.org.mp3
[2026-03-06T11:18:12.126Z] Range: bytes=0-1023 -> Serving 1024 bytes for Wildfire (feat. Frank Ocean)_spotdown.org.mp3
[2026-03-06T11:18:12.135Z] Range: bytes=2743259-2743387 -> Serving 128 bytes for Wildfire (feat. Frank Ocean)_spotdown.org.mp3
[2026-03-06T11:18:12.166Z] Range: bytes=0-94207 -> Serving 94208 bytes for Wildfire (feat. Frank Ocean)_spotdown.org.mp3
[2026-03-06T11:18:12.279Z] Range: bytes=0-1023 -> Serving 1024 bytes for Work_spotdown.org.mp3
[2026-03-06T11:18:12.285Z] Range: bytes=6253650-6253778 -> Serving 128 bytes for Work_spotdown.org.mp3
[2026-03-06T11:18:12.325Z] Range: bytes=0-24575 -> Serving 24576 bytes for Work_spotdown.org.mp3
[2026-03-06T11:18:12.389Z] Range: bytes=0-1023 -> Serving 1024 bytes for Yebba’s Heartbreak_spotdown.org.mp3
[2026-03-06T11:18:12.392Z] Range: bytes=3515846-3515974 -> Serving 128 bytes for Yebba’s Heartbreak_spotdown.org.mp3
[2026-03-06T11:18:12.434Z] Range: bytes=0-64511 -> Serving 64512 bytes for Yebba’s Heartbreak_spotdown.org.mp3
[2026-03-06T11:18:12.506Z] Range: bytes=0-1023 -> Serving 1024 bytes for You Broke My Heart_spotdown.org.mp3
[2026-03-06T11:18:12.509Z] Range: bytes=6654251-6654379 -> Serving 128 bytes for You Broke My Heart_spotdown.org.mp3
[2026-03-06T11:18:12.543Z] Range: bytes=0-21503 -> Serving 21504 bytes for You Broke My Heart_spotdown.org.mp3
[2026-03-06T11:26:04.575Z] Server running at http://localhost:8080/
[2026-03-06T11:26:04.584Z] Music directory: C:\Users\User\Music
[2026-03-06T11:26:06.385Z] Range: bytes=0-1023 -> Serving 1024 bytes for 8 Out Of 10_spotdown.org.mp3
[2026-03-06T11:26:06.391Z] Range: bytes=2939260-2939388 -> Serving 128 bytes for 8 Out Of 10_spotdown.org.mp3
[2026-03-06T11:26:06.392Z] Range: bytes=0-1023 -> Serving 1024 bytes for A Keeper_spotdown.org.mp3
[2026-03-06T11:26:06.394Z] Range: bytes=4759998-4760126 -> Serving 128 bytes for A Keeper_spotdown.org.mp3
[2026-03-06T11:26:06.395Z] Range: bytes=0-1023 -> Serving 1024 bytes for act ii_ date @ 8 (feat. Drake) - remix_spotdown.org.mp3
[2026-03-06T11:26:06.405Z] Range: bytes=6731275-6731403 -> Serving 128 bytes for act ii_ date @ 8 (feat. Drake) - remix_spotdown.org.mp3
[2026-03-06T11:26:06.408Z] Range: bytes=0-1023 -> Serving 1024 bytes for All I Want Is You (feat. J. Cole)_spotdown.org.mp3
[2026-03-06T11:26:06.409Z] Range: bytes=8639723-8639851 -> Serving 128 bytes for All I Want Is You (feat. J. Cole)_spotdown.org.mp3
[2026-03-06T11:26:06.410Z] Range: bytes=0-1023 -> Serving 1024 bytes for Another Late Night (feat. Lil Yachty)_spotdown.org.mp3
[2026-03-06T11:26:06.412Z] Range: bytes=4839235-4839363 -> Serving 128 bytes for Another Late Night (feat. Lil Yachty)_spotdown.org.mp3
[2026-03-06T11:26:06.419Z] Range: bytes=0-22527 -> Serving 22528 bytes for 8 Out Of 10_spotdown.org.mp3
[2026-03-06T11:26:06.421Z] Range: bytes=0-30719 -> Serving 30720 bytes for A Keeper_spotdown.org.mp3
[2026-03-06T11:26:06.425Z] Range: bytes=0-32767 -> Serving 32768 bytes for act ii_ date @ 8 (feat. Drake) - remix_spotdown.org.mp3
[2026-03-06T11:26:06.428Z] Range: bytes=0-29695 -> Serving 29696 bytes for All I Want Is You (feat. J. Cole)_spotdown.org.mp3
[2026-03-06T11:26:06.447Z] Range: bytes=0-18431 -> Serving 18432 bytes for Another Late Night (feat. Lil Yachty)_spotdown.org.mp3
[2026-03-06T11:26:06.498Z] Range: bytes=0-1023 -> Serving 1024 bytes for Bahamas Promises_spotdown.org.mp3
[2026-03-06T11:26:06.502Z] Range: bytes=5410627-5410755 -> Serving 128 bytes for Bahamas Promises_spotdown.org.mp3
[2026-03-06T11:26:06.504Z] Range: bytes=0-1023 -> Serving 1024 bytes for Belong to the City_spotdown.org.mp3
[2026-03-06T11:26:06.506Z] Range: bytes=2818785-2818913 -> Serving 128 bytes for Belong to the City_spotdown.org.mp3
[2026-03-06T11:26:06.510Z] Range: bytes=0-1023 -> Serving 1024 bytes for Blessings_spotdown.org.mp3
[2026-03-06T11:26:06.515Z] Range: bytes=7408901-7409029 -> Serving 128 bytes for Blessings_spotdown.org.mp3
[2026-03-06T11:26:06.517Z] Range: bytes=0-1023 -> Serving 1024 bytes for Both (feat. Drake)_spotdown.org.mp3
[2026-03-06T11:26:06.520Z] Range: bytes=5810471-5810599 -> Serving 128 bytes for Both (feat. Drake)_spotdown.org.mp3
[2026-03-06T11:26:06.522Z] Range: bytes=0-1023 -> Serving 1024 bytes for Break from Toronto_spotdown.org.mp3
[2026-03-06T11:26:06.523Z] Range: bytes=2999595-2999723 -> Serving 128 bytes for Break from Toronto_spotdown.org.mp3
[2026-03-06T11:26:06.527Z] Range: bytes=0-75775 -> Serving 75776 bytes for Bahamas Promises_spotdown.org.mp3
[2026-03-06T11:26:06.530Z] Range: bytes=0-41983 -> Serving 41984 bytes for Belong to the City_spotdown.org.mp3
[2026-03-06T11:26:06.531Z] Range: bytes=0-30719 -> Serving 30720 bytes for Blessings_spotdown.org.mp3
[2026-03-06T11:26:06.537Z] Range: bytes=0-36863 -> Serving 36864 bytes for Both (feat. Drake)_spotdown.org.mp3
[2026-03-06T11:26:06.559Z] Range: bytes=0-72703 -> Serving 72704 bytes for Break from Toronto_spotdown.org.mp3
[2026-03-06T11:26:06.605Z] Range: bytes=0-1023 -> Serving 1024 bytes for C U Girl_spotdown.org.mp3
[2026-03-06T11:26:06.608Z] Range: bytes=3684122-3684250 -> Serving 128 bytes for C U Girl_spotdown.org.mp3
[2026-03-06T11:26:06.610Z] Range: bytes=0-1023 -> Serving 1024 bytes for Calling My Name_spotdown.org.mp3
[2026-03-06T11:26:06.611Z] Range: bytes=3648444-3648572 -> Serving 128 bytes for Calling My Name_spotdown.org.mp3
[2026-03-06T11:26:06.614Z] Range: bytes=0-1023 -> Serving 1024 bytes for Can’t Take A Joke_spotdown.org.mp3
[2026-03-06T11:26:06.619Z] Range: bytes=5324221-5324349 -> Serving 128 bytes for Can’t Take A Joke_spotdown.org.mp3
[2026-03-06T11:26:06.621Z] Range: bytes=0-1023 -> Serving 1024 bytes for Chanel_spotdown.org.mp3
[2026-03-06T11:26:06.622Z] Range: bytes=6040688-6040816 -> Serving 128 bytes for Chanel_spotdown.org.mp3
[2026-03-06T11:26:06.624Z] Range: bytes=0-1023 -> Serving 1024 bytes for coffee_spotdown.org.mp3
[2026-03-06T11:26:06.626Z] Range: bytes=9894520-9894648 -> Serving 128 bytes for coffee_spotdown.org.mp3
[2026-03-06T11:26:06.629Z] Range: bytes=0-34815 -> Serving 34816 bytes for C U Girl_spotdown.org.mp3
[2026-03-06T11:26:06.632Z] Range: bytes=0-30719 -> Serving 30720 bytes for Calling My Name_spotdown.org.mp3
[2026-03-06T11:26:06.634Z] Range: bytes=0-22527 -> Serving 22528 bytes for Can’t Take A Joke_spotdown.org.mp3
[2026-03-06T11:26:06.636Z] Range: bytes=0-23551 -> Serving 23552 bytes for Chanel_spotdown.org.mp3
[2026-03-06T11:26:06.666Z] Range: bytes=0-35839 -> Serving 35840 bytes for coffee_spotdown.org.mp3
[2026-03-06T11:26:06.688Z] Range: bytes=0-1023 -> Serving 1024 bytes for Come and See Me (feat. Drake)_spotdown.org.mp3
[2026-03-06T11:26:06.693Z] Range: bytes=7276477-7276605 -> Serving 128 bytes for Come and See Me (feat. Drake)_spotdown.org.mp3
[2026-03-06T11:26:06.695Z] Range: bytes=0-1023 -> Serving 1024 bytes for Come Back to Earth_spotdown.org.mp3
[2026-03-06T11:26:06.697Z] Range: bytes=4707052-4707180 -> Serving 128 bytes for Come Back to Earth_spotdown.org.mp3
[2026-03-06T11:26:06.698Z] Range: bytes=0-1023 -> Serving 1024 bytes for Congratulations (feat. Bilal)_spotdown.org.mp3
[2026-03-06T11:26:06.705Z] Range: bytes=7275114-7275242 -> Serving 128 bytes for Congratulations (feat. Bilal)_spotdown.org.mp3
[2026-03-06T11:26:06.708Z] Range: bytes=0-1023 -> Serving 1024 bytes for Controlla_spotdown.org.mp3
[2026-03-06T11:26:06.712Z] Range: bytes=466086-466214 -> Serving 128 bytes for Controlla_spotdown.org.mp3
[2026-03-06T11:26:06.714Z] Range: bytes=0-1023 -> Serving 1024 bytes for Crew Love_spotdown.org.mp3
[2026-03-06T11:26:06.718Z] Range: bytes=5817656-5817784 -> Serving 128 bytes for Crew Love_spotdown.org.mp3
[2026-03-06T11:26:06.723Z] Range: bytes=0-31743 -> Serving 31744 bytes for Come and See Me (feat. Drake)_spotdown.org.mp3
[2026-03-06T11:26:06.727Z] Range: bytes=0-11263 -> Serving 11264 bytes for Come Back to Earth_spotdown.org.mp3
[2026-03-06T11:26:06.730Z] Range: bytes=0-22527 -> Serving 22528 bytes for Congratulations (feat. Bilal)_spotdown.org.mp3
[2026-03-06T11:26:06.734Z] Range: bytes=0-21503 -> Serving 21504 bytes for Controlla_spotdown.org.mp3
[2026-03-06T11:26:06.744Z] Range: bytes=0-38911 -> Serving 38912 bytes for Crew Love_spotdown.org.mp3
[2026-03-06T11:26:06.795Z] Range: bytes=0-1023 -> Serving 1024 bytes for CYANIDE_spotdown.org.mp3
[2026-03-06T11:26:06.801Z] Range: bytes=5592186-5592314 -> Serving 128 bytes for CYANIDE_spotdown.org.mp3
[2026-03-06T11:26:06.804Z] Range: bytes=0-1023 -> Serving 1024 bytes for Dark Red_spotdown.org.mp3
[2026-03-06T11:26:06.806Z] Range: bytes=4963719-4963847 -> Serving 128 bytes for Dark Red_spotdown.org.mp3
[2026-03-06T11:26:06.808Z] Range: bytes=0-1023 -> Serving 1024 bytes for Drama (feat. Drake)_spotdown.org.mp3
[2026-03-06T11:26:06.813Z] Range: bytes=7265013-7265141 -> Serving 128 bytes for Drama (feat. Drake)_spotdown.org.mp3
[2026-03-06T11:26:06.816Z] Range: bytes=0-1023 -> Serving 1024 bytes for Elevate_spotdown.org.mp3
[2026-03-06T11:26:06.821Z] Range: bytes=5531735-5531863 -> Serving 128 bytes for Elevate_spotdown.org.mp3
[2026-03-06T11:26:06.823Z] Range: bytes=0-1023 -> Serving 1024 bytes for Ela É do Tipo (feat. Drake) - Remix_spotdown.org.mp3
[2026-03-06T11:26:06.825Z] Range: bytes=5822010-5822138 -> Serving 128 bytes for Ela É do Tipo (feat. Drake) - Remix_spotdown.org.mp3
[2026-03-06T11:26:06.830Z] Range: bytes=0-112639 -> Serving 112640 bytes for Dark Red_spotdown.org.mp3
[2026-03-06T11:26:06.836Z] Range: bytes=0-115711 -> Serving 115712 bytes for CYANIDE_spotdown.org.mp3
[2026-03-06T11:26:06.842Z] Range: bytes=0-21503 -> Serving 21504 bytes for Drama (feat. Drake)_spotdown.org.mp3
[2026-03-06T11:26:06.844Z] Range: bytes=0-86015 -> Serving 86016 bytes for Elevate_spotdown.org.mp3
[2026-03-06T11:26:06.846Z] Range: bytes=0-228351 -> Serving 228352 bytes for Ela É do Tipo (feat. Drake) - Remix_spotdown.org.mp3
[2026-03-06T11:26:07.085Z] Range: bytes=0-1023 -> Serving 1024 bytes for Emotionless_spotdown.org.mp3
[2026-03-06T11:26:07.089Z] Range: bytes=7019717-7019845 -> Serving 128 bytes for Emotionless_spotdown.org.mp3
[2026-03-06T11:26:07.091Z] Range: bytes=0-1023 -> Serving 1024 bytes for Energy_spotdown.org.mp3
[2026-03-06T11:26:07.094Z] Range: bytes=4842910-4843038 -> Serving 128 bytes for Energy_spotdown.org.mp3
[2026-03-06T11:26:07.096Z] Range: bytes=0-1023 -> Serving 1024 bytes for Evergreen (You Didn’t Deserve Me At All)_spotdown.org.mp3
[2026-03-06T11:26:07.101Z] Range: bytes=6086025-6086153 -> Serving 128 bytes for Evergreen (You Didn’t Deserve Me At All)_spotdown.org.mp3
[2026-03-06T11:26:07.105Z] Range: bytes=0-1023 -> Serving 1024 bytes for Fair Trade (with Travis Scott)_spotdown.org.mp3
[2026-03-06T11:26:07.107Z] Range: bytes=8534605-8534733 -> Serving 128 bytes for Fair Trade (with Travis Scott)_spotdown.org.mp3
[2026-03-06T11:26:07.108Z] Range: bytes=0-1023 -> Serving 1024 bytes for Fake Love_spotdown.org.mp3
[2026-03-06T11:26:07.111Z] Range: bytes=6069277-6069405 -> Serving 128 bytes for Fake Love_spotdown.org.mp3
[2026-03-06T11:26:07.118Z] Range: bytes=0-22527 -> Serving 22528 bytes for Emotionless_spotdown.org.mp3
[2026-03-06T11:26:07.122Z] Range: bytes=0-19455 -> Serving 19456 bytes for Energy_spotdown.org.mp3
[2026-03-06T11:26:07.127Z] Range: bytes=0-14335 -> Serving 14336 bytes for Evergreen (You Didn’t Deserve Me At All)_spotdown.org.mp3
[2026-03-06T11:26:07.130Z] Range: bytes=0-64511 -> Serving 64512 bytes for Fair Trade (with Travis Scott)_spotdown.org.mp3
[2026-03-06T11:26:07.132Z] Range: bytes=0-23551 -> Serving 23552 bytes for Fake Love_spotdown.org.mp3
[2026-03-06T11:26:07.191Z] Range: bytes=0-1023 -> Serving 1024 bytes for Falling Back_spotdown.org.mp3
[2026-03-06T11:26:07.195Z] Range: bytes=8678156-8678284 -> Serving 128 bytes for Falling Back_spotdown.org.mp3
[2026-03-06T11:26:07.197Z] Range: bytes=8759798-8759926 -> Serving 128 bytes for Fancy_spotdown.org.mp3
[2026-03-06T11:26:07.202Z] Range: bytes=0-1023 -> Serving 1024 bytes for Fancy_spotdown.org.mp3
[2026-03-06T11:26:07.208Z] Range: bytes=0-1023 -> Serving 1024 bytes for Feel No Ways_spotdown.org.mp3
[2026-03-06T11:26:07.211Z] Range: bytes=488852-488980 -> Serving 128 bytes for Feel No Ways_spotdown.org.mp3
[2026-03-06T11:26:07.213Z] Range: bytes=0-1023 -> Serving 1024 bytes for First Person Shooter (feat. J. Cole)_spotdown.org.mp3
[2026-03-06T11:26:07.219Z] Range: bytes=7053518-7053646 -> Serving 128 bytes for First Person Shooter (feat. J. Cole)_spotdown.org.mp3
[2026-03-06T11:26:07.221Z] Range: bytes=0-1023 -> Serving 1024 bytes for For Free_spotdown.org.mp3
[2026-03-06T11:26:07.225Z] Range: bytes=5481472-5481600 -> Serving 128 bytes for For Free_spotdown.org.mp3
[2026-03-06T11:26:07.227Z] Range: bytes=0-30719 -> Serving 30720 bytes for Fancy_spotdown.org.mp3
[2026-03-06T11:26:07.231Z] Range: bytes=0-30719 -> Serving 30720 bytes for Falling Back_spotdown.org.mp3
[2026-03-06T11:26:07.238Z] Range: bytes=0-21503 -> Serving 21504 bytes for Feel No Ways_spotdown.org.mp3
[2026-03-06T11:26:07.242Z] Range: bytes=0-18431 -> Serving 18432 bytes for First Person Shooter (feat. J. Cole)_spotdown.org.mp3
[2026-03-06T11:26:07.278Z] Range: bytes=0-40959 -> Serving 40960 bytes for For Free_spotdown.org.mp3
[2026-03-06T11:26:07.304Z] Range: bytes=0-1023 -> Serving 1024 bytes for Gently (feat. Bad Bunny)_spotdown.org.mp3
[2026-03-06T11:26:07.306Z] Range: bytes=3759832-3759960 -> Serving 128 bytes for Gently (feat. Bad Bunny)_spotdown.org.mp3
[2026-03-06T11:26:07.309Z] Range: bytes=0-1023 -> Serving 1024 bytes for Get It Together_spotdown.org.mp3
[2026-03-06T11:26:07.311Z] Range: bytes=7580282-7580410 -> Serving 128 bytes for Get It Together_spotdown.org.mp3
[2026-03-06T11:26:07.312Z] Range: bytes=0-1023 -> Serving 1024 bytes for Get You (feat. Kali Uchis)_spotdown.org.mp3
[2026-03-06T11:26:07.314Z] Range: bytes=7640243-7640371 -> Serving 128 bytes for Get You (feat. Kali Uchis)_spotdown.org.mp3
[2026-03-06T11:26:07.319Z] Range: bytes=0-1023 -> Serving 1024 bytes for Girls Need Love (with Drake) - Remix_spotdown.org.mp3
[2026-03-06T11:26:07.323Z] Range: bytes=6393161-6393289 -> Serving 128 bytes for Girls Need Love (with Drake) - Remix_spotdown.org.mp3
[2026-03-06T11:26:07.325Z] Range: bytes=0-1023 -> Serving 1024 bytes for Girl With The Tattoo Enter.lewd_spotdown.org.mp3
[2026-03-06T11:26:07.326Z] Range: bytes=2829828-2829956 -> Serving 128 bytes for Girl With The Tattoo Enter.lewd_spotdown.org.mp3
[2026-03-06T11:26:07.328Z] Range: bytes=0-18431 -> Serving 18432 bytes for Gently (feat. Bad Bunny)_spotdown.org.mp3
[2026-03-06T11:26:07.337Z] Range: bytes=0-73727 -> Serving 73728 bytes for Get It Together_spotdown.org.mp3
[2026-03-06T11:26:07.339Z] Range: bytes=0-16383 -> Serving 16384 bytes for Get You (feat. Kali Uchis)_spotdown.org.mp3
[2026-03-06T11:26:07.374Z] Range: bytes=0-21503 -> Serving 21504 bytes for Girls Need Love (with Drake) - Remix_spotdown.org.mp3
[2026-03-06T11:26:07.376Z] Range: bytes=0-29695 -> Serving 29696 bytes for Girl With The Tattoo Enter.lewd_spotdown.org.mp3
[2026-03-06T11:26:07.401Z] Range: bytes=0-1023 -> Serving 1024 bytes for Girls Want Girls (with Lil Baby)_spotdown.org.mp3
[2026-03-06T11:26:07.403Z] Range: bytes=6524485-6524613 -> Serving 128 bytes for Girls Want Girls (with Lil Baby)_spotdown.org.mp3
[2026-03-06T11:26:07.408Z] Range: bytes=0-1023 -> Serving 1024 bytes for Give You the World_spotdown.org.mp3
[2026-03-06T11:26:07.410Z] Range: bytes=6969154-6969282 -> Serving 128 bytes for Give You the World_spotdown.org.mp3
[2026-03-06T11:26:07.412Z] Range: bytes=0-1023 -> Serving 1024 bytes for God's Plan_spotdown.org.mp3
[2026-03-06T11:26:07.417Z] Range: bytes=6357433-6357561 -> Serving 128 bytes for God's Plan_spotdown.org.mp3
[2026-03-06T11:26:07.420Z] Range: bytes=0-1023 -> Serving 1024 bytes for Godspeed_spotdown.org.mp3
[2026-03-06T11:26:07.424Z] Range: bytes=5043904-5044032 -> Serving 128 bytes for Godspeed_spotdown.org.mp3
[2026-03-06T11:26:07.426Z] Range: bytes=0-1023 -> Serving 1024 bytes for Going Bad (feat. Drake)_spotdown.org.mp3
[2026-03-06T11:26:07.427Z] Range: bytes=5781220-5781348 -> Serving 128 bytes for Going Bad (feat. Drake)_spotdown.org.mp3
[2026-03-06T11:26:07.430Z] Range: bytes=0-23551 -> Serving 23552 bytes for Girls Want Girls (with Lil Baby)_spotdown.org.mp3
[2026-03-06T11:26:07.435Z] Range: bytes=0-31743 -> Serving 31744 bytes for Give You the World_spotdown.org.mp3
[2026-03-06T11:26:07.437Z] Range: bytes=0-22527 -> Serving 22528 bytes for God's Plan_spotdown.org.mp3
[2026-03-06T11:26:07.440Z] Range: bytes=0-20479 -> Serving 20480 bytes for Godspeed_spotdown.org.mp3
[2026-03-06T11:26:07.458Z] Range: bytes=0-173055 -> Serving 173056 bytes for Going Bad (feat. Drake)_spotdown.org.mp3
[2026-03-06T11:26:07.560Z] Range: bytes=0-1023 -> Serving 1024 bytes for GREECE (feat. Drake)_spotdown.org.mp3
[2026-03-06T11:26:07.563Z] Range: bytes=6040909-6041037 -> Serving 128 bytes for GREECE (feat. Drake)_spotdown.org.mp3
[2026-03-06T11:26:07.564Z] Range: bytes=0-1023 -> Serving 1024 bytes for Headlines_spotdown.org.mp3
[2026-03-06T11:26:07.567Z] Range: bytes=7072323-7072451 -> Serving 128 bytes for Headlines_spotdown.org.mp3
[2026-03-06T11:26:07.570Z] Range: bytes=0-1023 -> Serving 1024 bytes for Her Way_spotdown.org.mp3
[2026-03-06T11:26:07.573Z] Range: bytes=6429457-6429585 -> Serving 128 bytes for Her Way_spotdown.org.mp3
[2026-03-06T11:26:07.575Z] Range: bytes=0-1023 -> Serving 1024 bytes for Hold Me Down_spotdown.org.mp3
[2026-03-06T11:26:07.576Z] Range: bytes=6254602-6254730 -> Serving 128 bytes for Hold Me Down_spotdown.org.mp3
[2026-03-06T11:26:07.578Z] Range: bytes=0-1023 -> Serving 1024 bytes for Hold On, We're Going Home_spotdown.org.mp3
[2026-03-06T11:26:07.581Z] Range: bytes=6790347-6790475 -> Serving 128 bytes for Hold On, We're Going Home_spotdown.org.mp3
[2026-03-06T11:26:07.584Z] Range: bytes=0-57343 -> Serving 57344 bytes for GREECE (feat. Drake)_spotdown.org.mp3
[2026-03-06T11:26:07.585Z] Range: bytes=0-38911 -> Serving 38912 bytes for Headlines_spotdown.org.mp3
[2026-03-06T11:26:07.588Z] Range: bytes=0-41983 -> Serving 41984 bytes for Her Way_spotdown.org.mp3
[2026-03-06T11:26:07.601Z] Range: bytes=0-16383 -> Serving 16384 bytes for Hold Me Down_spotdown.org.mp3
[2026-03-06T11:26:07.627Z] Range: bytes=0-25599 -> Serving 25600 bytes for Hold On, We're Going Home_spotdown.org.mp3
[2026-03-06T11:26:07.644Z] Range: bytes=0-1023 -> Serving 1024 bytes for Hotline Bling_spotdown.org.mp3
[2026-03-06T11:26:07.646Z] Range: bytes=3866148-3866276 -> Serving 128 bytes for Hotline Bling_spotdown.org.mp3
[2026-03-06T11:26:07.648Z] Range: bytes=0-1023 -> Serving 1024 bytes for I'M ON ONE (feat. Drake)_spotdown.org.mp3
[2026-03-06T11:26:07.652Z] Range: bytes=6950200-6950328 -> Serving 128 bytes for I'M ON ONE (feat. Drake)_spotdown.org.mp3
[2026-03-06T11:26:07.655Z] Range: bytes=0-1023 -> Serving 1024 bytes for I'm Upset_spotdown.org.mp3
[2026-03-06T11:26:07.657Z] Range: bytes=6293819-6293947 -> Serving 128 bytes for I'm Upset_spotdown.org.mp3
[2026-03-06T11:26:07.659Z] Range: bytes=0-1023 -> Serving 1024 bytes for IDGAF (feat. Yeat)_spotdown.org.mp3
[2026-03-06T11:26:07.660Z] Range: bytes=7378016-7378144 -> Serving 128 bytes for IDGAF (feat. Yeat)_spotdown.org.mp3
[2026-03-06T11:26:07.662Z] Range: bytes=0-1023 -> Serving 1024 bytes for In My Feelings_spotdown.org.mp3
[2026-03-06T11:26:07.665Z] Range: bytes=6004215-6004343 -> Serving 128 bytes for In My Feelings_spotdown.org.mp3
[2026-03-06T11:26:07.668Z] Range: bytes=0-21503 -> Serving 21504 bytes for Hotline Bling_spotdown.org.mp3
[2026-03-06T11:26:07.669Z] Range: bytes=0-23551 -> Serving 23552 bytes for I'M ON ONE (feat. Drake)_spotdown.org.mp3
[2026-03-06T11:26:07.672Z] Range: bytes=0-86015 -> Serving 86016 bytes for I'm Upset_spotdown.org.mp3
[2026-03-06T11:26:07.676Z] Range: bytes=0-18431 -> Serving 18432 bytes for IDGAF (feat. Yeat)_spotdown.org.mp3
[2026-03-06T11:26:07.713Z] Range: bytes=0-86015 -> Serving 86016 bytes for In My Feelings_spotdown.org.mp3
[2026-03-06T11:26:07.749Z] Range: bytes=0-1023 -> Serving 1024 bytes for In The Bible (with Lil Durk & Giveon)_spotdown.org.mp3
[2026-03-06T11:26:07.752Z] Range: bytes=8811152-8811280 -> Serving 128 bytes for In The Bible (with Lil Durk & Giveon)_spotdown.org.mp3
[2026-03-06T11:26:07.756Z] Range: bytes=0-1023 -> Serving 1024 bytes for Infrunami_spotdown.org.mp3
[2026-03-06T11:26:07.758Z] Range: bytes=4449858-4449986 -> Serving 128 bytes for Infrunami_spotdown.org.mp3
[2026-03-06T11:26:07.759Z] Range: bytes=0-1023 -> Serving 1024 bytes for Ivy_spotdown.org.mp3
[2026-03-06T11:26:07.761Z] Range: bytes=7533685-7533813 -> Serving 128 bytes for Ivy_spotdown.org.mp3
[2026-03-06T11:26:07.764Z] Range: bytes=0-1023 -> Serving 1024 bytes for Jaded_spotdown.org.mp3
[2026-03-06T11:26:07.767Z] Range: bytes=8448464-8448592 -> Serving 128 bytes for Jaded_spotdown.org.mp3
[2026-03-06T11:26:07.769Z] Range: bytes=0-1023 -> Serving 1024 bytes for Japanese Denim_spotdown.org.mp3
[2026-03-06T11:26:07.771Z] Range: bytes=7619790-7619918 -> Serving 128 bytes for Japanese Denim_spotdown.org.mp3
[2026-03-06T11:26:07.772Z] Range: bytes=0-23551 -> Serving 23552 bytes for In The Bible (with Lil Durk & Giveon)_spotdown.org.mp3
[2026-03-06T11:26:07.777Z] Range: bytes=0-37887 -> Serving 37888 bytes for Infrunami_spotdown.org.mp3
[2026-03-06T11:26:07.779Z] Range: bytes=0-20479 -> Serving 20480 bytes for Ivy_spotdown.org.mp3
[2026-03-06T11:26:07.804Z] Range: bytes=0-22527 -> Serving 22528 bytes for Jaded_spotdown.org.mp3
[2026-03-06T11:26:07.807Z] Range: bytes=0-47103 -> Serving 47104 bytes for Japanese Denim_spotdown.org.mp3
[2026-03-06T11:26:07.840Z] Range: bytes=0-1023 -> Serving 1024 bytes for Jimmy Cooks (feat. 21 Savage)_spotdown.org.mp3
[2026-03-06T11:26:07.842Z] Range: bytes=6590588-6590716 -> Serving 128 bytes for Jimmy Cooks (feat. 21 Savage)_spotdown.org.mp3
[2026-03-06T11:26:07.845Z] Range: bytes=0-1023 -> Serving 1024 bytes for Jumpman_spotdown.org.mp3
[2026-03-06T11:26:07.846Z] Range: bytes=6159467-6159595 -> Serving 128 bytes for Jumpman_spotdown.org.mp3
[2026-03-06T11:26:07.848Z] Range: bytes=0-1023 -> Serving 1024 bytes for Knife Talk (with 21 Savage ft. Project Pat)_spotdown.org.mp3
[2026-03-06T11:26:07.850Z] Range: bytes=7371250-7371378 -> Serving 128 bytes for Knife Talk (with 21 Savage ft. Project Pat)_spotdown.org.mp3
[2026-03-06T11:26:07.853Z] Range: bytes=0-1023 -> Serving 1024 bytes for Know Yourself_spotdown.org.mp3
[2026-03-06T11:26:07.856Z] Range: bytes=6816421-6816549 -> Serving 128 bytes for Know Yourself_spotdown.org.mp3
[2026-03-06T11:26:07.858Z] Range: bytes=0-1023 -> Serving 1024 bytes for Laugh Now Cry Later (feat. Lil Durk)_spotdown.org.mp3
[2026-03-06T11:26:07.862Z] Range: bytes=7313975-7314103 -> Serving 128 bytes for Laugh Now Cry Later (feat. Lil Durk)_spotdown.org.mp3
[2026-03-06T11:26:07.867Z] Range: bytes=0-30719 -> Serving 30720 bytes for Jimmy Cooks (feat. 21 Savage)_spotdown.org.mp3
[2026-03-06T11:26:07.870Z] Range: bytes=0-23551 -> Serving 23552 bytes for Knife Talk (with 21 Savage ft. Project Pat)_spotdown.org.mp3
[2026-03-06T11:26:07.871Z] Range: bytes=0-45055 -> Serving 45056 bytes for Jumpman_spotdown.org.mp3
[2026-03-06T11:26:07.875Z] Range: bytes=0-53247 -> Serving 53248 bytes for Know Yourself_spotdown.org.mp3
[2026-03-06T11:26:07.877Z] Range: bytes=0-34815 -> Serving 34816 bytes for Laugh Now Cry Later (feat. Lil Durk)_spotdown.org.mp3
[2026-03-06T11:26:07.970Z] Range: bytes=0-1023 -> Serving 1024 bytes for Legend_spotdown.org.mp3
[2026-03-06T11:26:07.972Z] Range: bytes=7423289-7423417 -> Serving 128 bytes for Legend_spotdown.org.mp3
[2026-03-06T11:26:07.974Z] Range: bytes=0-1023 -> Serving 1024 bytes for Life Is Good (feat. Drake)_spotdown.org.mp3
[2026-03-06T11:26:07.977Z] Range: bytes=6962900-6963028 -> Serving 128 bytes for Life Is Good (feat. Drake)_spotdown.org.mp3
[2026-03-06T11:26:07.978Z] Range: bytes=0-1023 -> Serving 1024 bytes for Look Alive (feat. Drake)_spotdown.org.mp3
[2026-03-06T11:26:07.981Z] Range: bytes=5384505-5384633 -> Serving 128 bytes for Look Alive (feat. Drake)_spotdown.org.mp3
[2026-03-06T11:26:07.984Z] Range: bytes=0-1023 -> Serving 1024 bytes for Loose_spotdown.org.mp3
[2026-03-06T11:26:07.986Z] Range: bytes=4579606-4579734 -> Serving 128 bytes for Loose_spotdown.org.mp3
[2026-03-06T11:26:07.989Z] Range: bytes=0-1023 -> Serving 1024 bytes for Lost_spotdown.org.mp3
[2026-03-06T11:26:07.992Z] Range: bytes=6958074-6958202 -> Serving 128 bytes for Lost_spotdown.org.mp3
[2026-03-06T11:26:07.994Z] Range: bytes=0-19455 -> Serving 19456 bytes for Legend_spotdown.org.mp3
[2026-03-06T11:26:07.996Z] Range: bytes=0-39935 -> Serving 39936 bytes for Life Is Good (feat. Drake)_spotdown.org.mp3
[2026-03-06T11:26:08.000Z] Range: bytes=0-69631 -> Serving 69632 bytes for Look Alive (feat. Drake)_spotdown.org.mp3
[2026-03-06T11:26:08.001Z] Range: bytes=0-84991 -> Serving 84992 bytes for Loose_spotdown.org.mp3
[2026-03-06T11:26:08.007Z] Range: bytes=0-21503 -> Serving 21504 bytes for Lost_spotdown.org.mp3
[2026-03-06T11:26:08.068Z] Range: bytes=0-1023 -> Serving 1024 bytes for Love Is Only a Feeling_spotdown.org.mp3
[2026-03-06T11:26:08.071Z] Range: bytes=3860145-3860273 -> Serving 128 bytes for Love Is Only a Feeling_spotdown.org.mp3
[2026-03-06T11:26:08.074Z] Range: bytes=0-1023 -> Serving 1024 bytes for LOVE. FEAT. ZACARI._spotdown.org.mp3
[2026-03-06T11:26:08.076Z] Range: bytes=5989775-5989903 -> Serving 128 bytes for LOVE. FEAT. ZACARI._spotdown.org.mp3
[2026-03-06T11:26:08.078Z] Range: bytes=0-1023 -> Serving 1024 bytes for Major Distribution_spotdown.org.mp3
[2026-03-06T11:26:08.080Z] Range: bytes=4365605-4365733 -> Serving 128 bytes for Major Distribution_spotdown.org.mp3
[2026-03-06T11:26:08.084Z] Range: bytes=0-1023 -> Serving 1024 bytes for Marvins Room_spotdown.org.mp3
[2026-03-06T11:26:08.087Z] Range: bytes=9286084-9286212 -> Serving 128 bytes for Marvins Room_spotdown.org.mp3
[2026-03-06T11:26:08.090Z] Range: bytes=0-1023 -> Serving 1024 bytes for Massive_spotdown.org.mp3
[2026-03-06T11:26:08.092Z] Range: bytes=9938064-9938192 -> Serving 128 bytes for Massive_spotdown.org.mp3
[2026-03-06T11:26:08.095Z] Range: bytes=0-41983 -> Serving 41984 bytes for Love Is Only a Feeling_spotdown.org.mp3
[2026-03-06T11:26:08.097Z] Range: bytes=0-32767 -> Serving 32768 bytes for LOVE. FEAT. ZACARI._spotdown.org.mp3
[2026-03-06T11:26:08.100Z] Range: bytes=0-33791 -> Serving 33792 bytes for Major Distribution_spotdown.org.mp3
[2026-03-06T11:26:08.103Z] Range: bytes=0-38911 -> Serving 38912 bytes for Marvins Room_spotdown.org.mp3
[2026-03-06T11:26:08.144Z] Range: bytes=0-96255 -> Serving 96256 bytes for Massive_spotdown.org.mp3
[2026-03-06T11:26:08.180Z] Range: bytes=0-1023 -> Serving 1024 bytes for MELTDOWN (feat. Drake)_spotdown.org.mp3
[2026-03-06T11:26:08.184Z] Range: bytes=7095525-7095653 -> Serving 128 bytes for MELTDOWN (feat. Drake)_spotdown.org.mp3
[2026-03-06T11:26:08.186Z] Range: bytes=6194048-6194176 -> Serving 128 bytes for MIA (feat. Drake)_spotdown.org.mp3
[2026-03-06T11:26:08.187Z] Range: bytes=0-1023 -> Serving 1024 bytes for MIA (feat. Drake)_spotdown.org.mp3
[2026-03-06T11:26:08.189Z] Range: bytes=0-1023 -> Serving 1024 bytes for Middle of the Ocean_spotdown.org.mp3
[2026-03-06T11:26:08.193Z] Range: bytes=5536043-5536171 -> Serving 128 bytes for Middle of the Ocean_spotdown.org.mp3
[2026-03-06T11:26:08.195Z] Range: bytes=0-1023 -> Serving 1024 bytes for Mob Ties_spotdown.org.mp3
[2026-03-06T11:26:08.197Z] Range: bytes=5722529-5722657 -> Serving 128 bytes for Mob Ties_spotdown.org.mp3
[2026-03-06T11:26:08.198Z] Range: bytes=0-1023 -> Serving 1024 bytes for Money In The Grave (Drake ft. Rick Ross)_spotdown.org.mp3
[2026-03-06T11:26:08.201Z] Range: bytes=6132187-6132315 -> Serving 128 bytes for Money In The Grave (Drake ft. Rick Ross)_spotdown.org.mp3
[2026-03-06T11:26:08.205Z] Range: bytes=0-9215 -> Serving 9216 bytes for MELTDOWN (feat. Drake)_spotdown.org.mp3
[2026-03-06T11:26:08.207Z] Range: bytes=0-16383 -> Serving 16384 bytes for MIA (feat. Drake)_spotdown.org.mp3
[2026-03-06T11:26:08.209Z] Range: bytes=0-33791 -> Serving 33792 bytes for Middle of the Ocean_spotdown.org.mp3
[2026-03-06T11:26:08.233Z] Range: bytes=0-16383 -> Serving 16384 bytes for Money In The Grave (Drake ft. Rick Ross)_spotdown.org.mp3
[2026-03-06T11:26:08.234Z] Range: bytes=0-22527 -> Serving 22528 bytes for Mob Ties_spotdown.org.mp3
[2026-03-06T11:26:08.259Z] Range: bytes=0-1023 -> Serving 1024 bytes for Mr. Right Now (feat. Drake)_spotdown.org.mp3
[2026-03-06T11:26:08.276Z] Range: bytes=6585681-6585809 -> Serving 128 bytes for Mr. Right Now (feat. Drake)_spotdown.org.mp3
[2026-03-06T11:26:08.277Z] Range: bytes=0-1023 -> Serving 1024 bytes for My Way (feat. Monty)_spotdown.org.mp3
[2026-03-06T11:26:08.278Z] Range: bytes=6429737-6429865 -> Serving 128 bytes for My Way (feat. Monty)_spotdown.org.mp3
[2026-03-06T11:26:08.279Z] Range: bytes=0-1023 -> Serving 1024 bytes for N Side_spotdown.org.mp3
[2026-03-06T11:26:08.284Z] Range: bytes=7446338-7446466 -> Serving 128 bytes for N Side_spotdown.org.mp3
[2026-03-06T11:26:08.286Z] Range: bytes=0-1023 -> Serving 1024 bytes for Needle (feat. Drake)_spotdown.org.mp3
[2026-03-06T11:26:08.288Z] Range: bytes=7204589-7204717 -> Serving 128 bytes for Needle (feat. Drake)_spotdown.org.mp3
[2026-03-06T11:26:08.290Z] Range: bytes=0-1023 -> Serving 1024 bytes for Nice For What_spotdown.org.mp3
[2026-03-06T11:26:08.291Z] Range: bytes=5995567-5995695 -> Serving 128 bytes for Nice For What_spotdown.org.mp3
[2026-03-06T11:26:08.295Z] Range: bytes=0-113663 -> Serving 113664 bytes for My Way (feat. Monty)_spotdown.org.mp3
[2026-03-06T11:26:08.297Z] Range: bytes=0-70655 -> Serving 70656 bytes for Mr. Right Now (feat. Drake)_spotdown.org.mp3
[2026-03-06T11:26:08.298Z] Range: bytes=0-20479 -> Serving 20480 bytes for N Side_spotdown.org.mp3
[2026-03-06T11:26:08.304Z] Range: bytes=0-127999 -> Serving 128000 bytes for Needle (feat. Drake)_spotdown.org.mp3
[2026-03-06T11:26:08.307Z] Range: bytes=0-22527 -> Serving 22528 bytes for Nice For What_spotdown.org.mp3
[2026-03-06T11:26:08.426Z] Range: bytes=0-1023 -> Serving 1024 bytes for Nights_spotdown.org.mp3
[2026-03-06T11:26:08.428Z] Range: bytes=8998451-8998579 -> Serving 128 bytes for Nights_spotdown.org.mp3
[2026-03-06T11:26:08.429Z] Range: bytes=0-1023 -> Serving 1024 bytes for No Guidance (feat. Drake)_spotdown.org.mp3
[2026-03-06T11:26:08.433Z] Range: bytes=7199968-7200096 -> Serving 128 bytes for No Guidance (feat. Drake)_spotdown.org.mp3
[2026-03-06T11:26:08.436Z] Range: bytes=0-1023 -> Serving 1024 bytes for Nonstop_spotdown.org.mp3
[2026-03-06T11:26:08.437Z] Range: bytes=6712667-6712795 -> Serving 128 bytes for Nonstop_spotdown.org.mp3
[2026-03-06T11:26:08.439Z] Range: bytes=0-1023 -> Serving 1024 bytes for Not You Too (feat. Chris Brown)_spotdown.org.mp3
[2026-03-06T11:26:08.440Z] Range: bytes=7665210-7665338 -> Serving 128 bytes for Not You Too (feat. Chris Brown)_spotdown.org.mp3
[2026-03-06T11:26:08.443Z] Range: bytes=0-1023 -> Serving 1024 bytes for Omertà_spotdown.org.mp3
[2026-03-06T11:26:08.446Z] Range: bytes=6524785-6524913 -> Serving 128 bytes for Omertà_spotdown.org.mp3
[2026-03-06T11:26:08.449Z] Range: bytes=0-82943 -> Serving 82944 bytes for Nights_spotdown.org.mp3
[2026-03-06T11:26:08.451Z] Range: bytes=0-129023 -> Serving 129024 bytes for No Guidance (feat. Drake)_spotdown.org.mp3
[2026-03-06T11:26:08.455Z] Range: bytes=0-22527 -> Serving 22528 bytes for Nonstop_spotdown.org.mp3
[2026-03-06T11:26:08.457Z] Range: bytes=0-41983 -> Serving 41984 bytes for Not You Too (feat. Chris Brown)_spotdown.org.mp3
[2026-03-06T11:26:08.459Z] Range: bytes=0-16383 -> Serving 16384 bytes for Omertà_spotdown.org.mp3
[2026-03-06T11:26:08.525Z] Range: bytes=0-1023 -> Serving 1024 bytes for On BS_spotdown.org.mp3
[2026-03-06T11:26:08.527Z] Range: bytes=7266820-7266948 -> Serving 128 bytes for On BS_spotdown.org.mp3
[2026-03-06T11:26:08.530Z] Range: bytes=0-1023 -> Serving 1024 bytes for One Dance_spotdown.org.mp3
[2026-03-06T11:26:08.532Z] Range: bytes=121250-121378 -> Serving 128 bytes for One Dance_spotdown.org.mp3
[2026-03-06T11:26:08.536Z] Range: bytes=0-1023 -> Serving 1024 bytes for One Night Only_spotdown.org.mp3
[2026-03-06T11:26:08.537Z] Range: bytes=5993211-5993339 -> Serving 128 bytes for One Night Only_spotdown.org.mp3
[2026-03-06T11:26:08.540Z] Range: bytes=0-1023 -> Serving 1024 bytes for Passionfruit_spotdown.org.mp3
[2026-03-06T11:26:08.541Z] Range: bytes=8894277-8894405 -> Serving 128 bytes for Passionfruit_spotdown.org.mp3
[2026-03-06T11:26:08.544Z] Range: bytes=0-1023 -> Serving 1024 bytes for Peak_spotdown.org.mp3
[2026-03-06T11:26:08.545Z] Range: bytes=6251988-6252116 -> Serving 128 bytes for Peak_spotdown.org.mp3
[2026-03-06T11:26:08.549Z] Range: bytes=0-133119 -> Serving 133120 bytes for On BS_spotdown.org.mp3
[2026-03-06T11:26:08.552Z] Range: bytes=0-21503 -> Serving 21504 bytes for One Dance_spotdown.org.mp3
[2026-03-06T11:26:08.554Z] Range: bytes=0-109567 -> Serving 109568 bytes for One Night Only_spotdown.org.mp3
[2026-03-06T11:26:08.558Z] Range: bytes=0-23551 -> Serving 23552 bytes for Passionfruit_spotdown.org.mp3
[2026-03-06T11:26:08.628Z] Range: bytes=0-22527 -> Serving 22528 bytes for Peak_spotdown.org.mp3
[2026-03-06T11:26:08.643Z] Range: bytes=0-1023 -> Serving 1024 bytes for Pink + White_spotdown.org.mp3
[2026-03-06T11:26:08.645Z] Range: bytes=5568324-5568452 -> Serving 128 bytes for Pink + White_spotdown.org.mp3
[2026-03-06T11:26:08.649Z] Range: bytes=0-1023 -> Serving 1024 bytes for Pink Matter_spotdown.org.mp3
[2026-03-06T11:26:08.652Z] Range: bytes=7174002-7174130 -> Serving 128 bytes for Pink Matter_spotdown.org.mp3
[2026-03-06T11:26:08.654Z] Range: bytes=0-1023 -> Serving 1024 bytes for POPSTAR (feat. Drake)_spotdown.org.mp3
[2026-03-06T11:26:08.656Z] Range: bytes=5036815-5036943 -> Serving 128 bytes for POPSTAR (feat. Drake)_spotdown.org.mp3
[2026-03-06T11:26:08.659Z] Range: bytes=0-1023 -> Serving 1024 bytes for Push Ups_spotdown.org.mp3
[2026-03-06T11:26:08.661Z] Range: bytes=6396747-6396875 -> Serving 128 bytes for Push Ups_spotdown.org.mp3
[2026-03-06T11:26:08.662Z] Range: bytes=0-1023 -> Serving 1024 bytes for Pussy & Millions (feat. Travis Scott)_spotdown.org.mp3
[2026-03-06T11:26:08.664Z] Range: bytes=2160278-2160406 -> Serving 128 bytes for Pussy & Millions (feat. Travis Scott)_spotdown.org.mp3
[2026-03-06T11:26:08.667Z] Range: bytes=0-20479 -> Serving 20480 bytes for Pink + White_spotdown.org.mp3
[2026-03-06T11:26:08.670Z] Range: bytes=0-22527 -> Serving 22528 bytes for Pink Matter_spotdown.org.mp3
[2026-03-06T11:26:08.672Z] Range: bytes=0-55295 -> Serving 55296 bytes for POPSTAR (feat. Drake)_spotdown.org.mp3
[2026-03-06T11:26:08.696Z] Range: bytes=0-33791 -> Serving 33792 bytes for Pussy & Millions (feat. Travis Scott)_spotdown.org.mp3
[2026-03-06T11:26:08.698Z] Range: bytes=0-102399 -> Serving 102400 bytes for Push Ups_spotdown.org.mp3
[2026-03-06T11:26:08.737Z] Range: bytes=0-1023 -> Serving 1024 bytes for Recognize (feat. Drake)_spotdown.org (1).mp3
[2026-03-06T11:26:08.739Z] Range: bytes=9251871-9251999 -> Serving 128 bytes for Recognize (feat. Drake)_spotdown.org (1).mp3
[2026-03-06T11:26:08.740Z] Range: bytes=0-1023 -> Serving 1024 bytes for Recognize (feat. Drake)_spotdown.org.mp3
[2026-03-06T11:26:08.742Z] Range: bytes=9223868-9223996 -> Serving 128 bytes for Recognize (feat. Drake)_spotdown.org.mp3
[2026-03-06T11:26:08.745Z] Range: bytes=0-1023 -> Serving 1024 bytes for Rich Baby Daddy (feat. Sexyy Red & SZA)_spotdown.org.mp3
[2026-03-06T11:26:08.748Z] Range: bytes=9544906-9545034 -> Serving 128 bytes for Rich Baby Daddy (feat. Sexyy Red & SZA)_spotdown.org.mp3
[2026-03-06T11:26:08.752Z] Range: bytes=0-1023 -> Serving 1024 bytes for Rich Flex_spotdown.org.mp3
[2026-03-06T11:26:08.753Z] Range: bytes=0-1023 -> Serving 1024 bytes for Sativa_spotdown.org.mp3
[2026-03-06T11:26:08.754Z] Range: bytes=6970132-6970260 -> Serving 128 bytes for Rich Flex_spotdown.org.mp3
[2026-03-06T11:26:08.758Z] Range: bytes=8435046-8435174 -> Serving 128 bytes for Sativa_spotdown.org.mp3
[2026-03-06T11:26:08.762Z] Range: bytes=0-41983 -> Serving 41984 bytes for Recognize (feat. Drake)_spotdown.org (1).mp3
[2026-03-06T11:26:08.770Z] Range: bytes=0-14335 -> Serving 14336 bytes for Recognize (feat. Drake)_spotdown.org.mp3
[2026-03-06T11:26:08.782Z] Range: bytes=0-18431 -> Serving 18432 bytes for Rich Baby Daddy (feat. Sexyy Red & SZA)_spotdown.org.mp3
[2026-03-06T11:26:08.785Z] Range: bytes=0-132095 -> Serving 132096 bytes for Rich Flex_spotdown.org.mp3
[2026-03-06T11:26:08.786Z] Range: bytes=0-214015 -> Serving 214016 bytes for Sativa_spotdown.org.mp3
[2026-03-06T11:26:08.948Z] Range: bytes=0-1023 -> Serving 1024 bytes for Search & Rescue_spotdown.org.mp3
[2026-03-06T11:26:08.951Z] Range: bytes=7666337-7666465 -> Serving 128 bytes for Search & Rescue_spotdown.org.mp3
[2026-03-06T11:26:08.953Z] Range: bytes=0-1023 -> Serving 1024 bytes for Self Control_spotdown.org.mp3
[2026-03-06T11:26:08.955Z] Range: bytes=6616223-6616351 -> Serving 128 bytes for Self Control_spotdown.org.mp3
[2026-03-06T11:26:08.957Z] Range: bytes=0-1023 -> Serving 1024 bytes for She_spotdown.org.mp3
[2026-03-06T11:26:08.960Z] Range: bytes=7372052-7372180 -> Serving 128 bytes for She_spotdown.org.mp3
[2026-03-06T11:26:08.963Z] Range: bytes=0-1023 -> Serving 1024 bytes for Shot For Me_spotdown.org.mp3
[2026-03-06T11:26:08.964Z] Range: bytes=6146179-6146307 -> Serving 128 bytes for Shot For Me_spotdown.org.mp3
[2026-03-06T11:26:08.967Z] Range: bytes=0-1023 -> Serving 1024 bytes for SICKO MODE_spotdown.org.mp3
[2026-03-06T11:26:08.969Z] Range: bytes=9408955-9409083 -> Serving 128 bytes for SICKO MODE_spotdown.org.mp3
[2026-03-06T11:26:08.975Z] Range: bytes=0-12287 -> Serving 12288 bytes for Search & Rescue_spotdown.org.mp3
[2026-03-06T11:26:08.976Z] Range: bytes=0-82943 -> Serving 82944 bytes for Self Control_spotdown.org.mp3
[2026-03-06T11:26:08.978Z] Range: bytes=0-147455 -> Serving 147456 bytes for She_spotdown.org.mp3
[2026-03-06T11:26:08.984Z] Range: bytes=0-38911 -> Serving 38912 bytes for Shot For Me_spotdown.org.mp3
[2026-03-06T11:26:09.054Z] Range: bytes=0-185343 -> Serving 185344 bytes for SICKO MODE_spotdown.org.mp3
[2026-03-06T11:26:09.119Z] Range: bytes=0-1023 -> Serving 1024 bytes for Sideways_spotdown.org.mp3
[2026-03-06T11:26:09.121Z] Range: bytes=8261138-8261266 -> Serving 128 bytes for Sideways_spotdown.org.mp3
[2026-03-06T11:26:09.124Z] Range: bytes=0-1023 -> Serving 1024 bytes for Slide (feat. Frank Ocean & Migos)_spotdown.org.mp3
[2026-03-06T11:26:09.126Z] Range: bytes=6869276-6869404 -> Serving 128 bytes for Slide (feat. Frank Ocean & Migos)_spotdown.org.mp3
[2026-03-06T11:26:09.127Z] Range: bytes=0-1023 -> Serving 1024 bytes for Slime You Out (feat. SZA)_spotdown.org.mp3
[2026-03-06T11:26:09.130Z] Range: bytes=8438087-8438215 -> Serving 128 bytes for Slime You Out (feat. SZA)_spotdown.org.mp3
[2026-03-06T11:26:09.133Z] Range: bytes=0-1023 -> Serving 1024 bytes for SLOW DANCING IN THE DARK_spotdown.org.mp3
[2026-03-06T11:26:09.135Z] Range: bytes=5685187-5685315 -> Serving 128 bytes for SLOW DANCING IN THE DARK_spotdown.org.mp3
[2026-03-06T11:26:09.137Z] Range: bytes=0-1023 -> Serving 1024 bytes for Small Worlds_spotdown.org.mp3
[2026-03-06T11:26:09.139Z] Range: bytes=8102302-8102430 -> Serving 128 bytes for Small Worlds_spotdown.org.mp3
[2026-03-06T11:26:09.141Z] Range: bytes=0-178175 -> Serving 178176 bytes for Sideways_spotdown.org.mp3
[2026-03-06T11:26:09.145Z] Range: bytes=0-75775 -> Serving 75776 bytes for Slime You Out (feat. SZA)_spotdown.org.mp3
[2026-03-06T11:26:09.148Z] Range: bytes=0-28671 -> Serving 28672 bytes for Slide (feat. Frank Ocean & Migos)_spotdown.org.mp3
[2026-03-06T11:26:09.150Z] Range: bytes=0-121855 -> Serving 121856 bytes for SLOW DANCING IN THE DARK_spotdown.org.mp3
[2026-03-06T11:26:09.247Z] Range: bytes=0-11263 -> Serving 11264 bytes for Small Worlds_spotdown.org.mp3
[2026-03-06T11:26:09.262Z] Range: bytes=0-1023 -> Serving 1024 bytes for Sooner Than Later_spotdown.org.mp3
[2026-03-06T11:26:09.264Z] Range: bytes=7020264-7020392 -> Serving 128 bytes for Sooner Than Later_spotdown.org.mp3
[2026-03-06T11:26:09.268Z] Range: bytes=0-1023 -> Serving 1024 bytes for Spin Bout U_spotdown.org.mp3
[2026-03-06T11:26:09.271Z] Range: bytes=6578004-6578132 -> Serving 128 bytes for Spin Bout U_spotdown.org.mp3
[2026-03-06T11:26:09.272Z] Range: bytes=0-1023 -> Serving 1024 bytes for Started From the Bottom_spotdown.org.mp3
[2026-03-06T11:26:09.274Z] Range: bytes=4743159-4743287 -> Serving 128 bytes for Started From the Bottom_spotdown.org.mp3
[2026-03-06T11:26:09.277Z] Range: bytes=0-1023 -> Serving 1024 bytes for Sticky_spotdown.org.mp3
[2026-03-06T11:26:09.279Z] Range: bytes=7108308-7108436 -> Serving 128 bytes for Sticky_spotdown.org.mp3
[2026-03-06T11:26:09.282Z] Range: bytes=0-1023 -> Serving 1024 bytes for Sunday (feat. Frank Ocean)_spotdown.org.mp3
[2026-03-06T11:26:09.283Z] Range: bytes=6307517-6307645 -> Serving 128 bytes for Sunday (feat. Frank Ocean)_spotdown.org.mp3
[2026-03-06T11:26:09.285Z] Range: bytes=0-11263 -> Serving 11264 bytes for Sooner Than Later_spotdown.org.mp3
[2026-03-06T11:26:09.288Z] Range: bytes=0-133119 -> Serving 133120 bytes for Spin Bout U_spotdown.org.mp3
[2026-03-06T11:26:09.290Z] Range: bytes=0-25599 -> Serving 25600 bytes for Started From the Bottom_spotdown.org.mp3
[2026-03-06T11:26:09.296Z] Range: bytes=0-30719 -> Serving 30720 bytes for Sticky_spotdown.org.mp3
[2026-03-06T11:26:09.347Z] Range: bytes=0-30719 -> Serving 30720 bytes for Sunday (feat. Frank Ocean)_spotdown.org.mp3
[2026-03-06T11:26:09.366Z] Range: bytes=0-1023 -> Serving 1024 bytes for Sunshine (feat. Fousheé)_spotdown.org.mp3
[2026-03-06T11:26:09.369Z] Range: bytes=9559776-9559904 -> Serving 128 bytes for Sunshine (feat. Fousheé)_spotdown.org.mp3
[2026-03-06T11:26:09.371Z] Range: bytes=0-1023 -> Serving 1024 bytes for Super Rich Kids_spotdown.org.mp3
[2026-03-06T11:26:09.373Z] Range: bytes=8814909-8815037 -> Serving 128 bytes for Super Rich Kids_spotdown.org.mp3
[2026-03-06T11:26:09.375Z] Range: bytes=0-1023 -> Serving 1024 bytes for Superpower (feat. Frank Ocean)_spotdown.org.mp3
[2026-03-06T11:26:09.378Z] Range: bytes=7987819-7987947 -> Serving 128 bytes for Superpower (feat. Frank Ocean)_spotdown.org.mp3
[2026-03-06T11:26:09.381Z] Range: bytes=0-1023 -> Serving 1024 bytes for Superpowers_spotdown.org.mp3
[2026-03-06T11:26:09.384Z] Range: bytes=5118888-5119016 -> Serving 128 bytes for Superpowers_spotdown.org.mp3
[2026-03-06T11:26:09.385Z] Range: bytes=0-1023 -> Serving 1024 bytes for Sure Thing_spotdown.org.mp3
[2026-03-06T11:26:09.388Z] Range: bytes=5995909-5996037 -> Serving 128 bytes for Sure Thing_spotdown.org.mp3
[2026-03-06T11:26:09.392Z] Range: bytes=0-31743 -> Serving 31744 bytes for Sunshine (feat. Fousheé)_spotdown.org.mp3
[2026-03-06T11:26:09.394Z] Range: bytes=0-22527 -> Serving 22528 bytes for Super Rich Kids_spotdown.org.mp3
[2026-03-06T11:26:09.396Z] Range: bytes=0-7167 -> Serving 7168 bytes for Superpower (feat. Frank Ocean)_spotdown.org.mp3
[2026-03-06T11:26:09.402Z] Range: bytes=0-33791 -> Serving 33792 bytes for Superpowers_spotdown.org.mp3
[2026-03-06T11:26:09.430Z] Range: bytes=0-29695 -> Serving 29696 bytes for Sure Thing_spotdown.org.mp3
[2026-03-06T11:26:09.542Z] Range: bytes=0-1023 -> Serving 1024 bytes for Talk Up (feat. Jay-Z)_spotdown.org.mp3
[2026-03-06T11:26:09.545Z] Range: bytes=3655528-3655656 -> Serving 128 bytes for Talk Up (feat. Jay-Z)_spotdown.org.mp3
[2026-03-06T11:26:09.548Z] Range: bytes=0-1023 -> Serving 1024 bytes for That’s How You Feel_spotdown.org.mp3
[2026-03-06T11:26:09.550Z] Range: bytes=4297087-4297215 -> Serving 128 bytes for That’s How You Feel_spotdown.org.mp3
[2026-03-06T11:26:09.552Z] Range: bytes=0-1023 -> Serving 1024 bytes for The Motto_spotdown.org.mp3
[2026-03-06T11:26:09.554Z] Range: bytes=4927975-4928103 -> Serving 128 bytes for The Motto_spotdown.org.mp3
[2026-03-06T11:26:09.558Z] Range: bytes=0-1023 -> Serving 1024 bytes for Thinkin Bout You_spotdown.org.mp3
[2026-03-06T11:26:09.559Z] Range: bytes=5861879-5862007 -> Serving 128 bytes for Thinkin Bout You_spotdown.org.mp3
[2026-03-06T11:26:09.561Z] Range: bytes=0-1023 -> Serving 1024 bytes for Too Fast_spotdown.org.mp3
[2026-03-06T11:26:09.563Z] Range: bytes=8615192-8615320 -> Serving 128 bytes for Too Fast_spotdown.org.mp3
[2026-03-06T11:26:09.565Z] Range: bytes=0-22527 -> Serving 22528 bytes for Talk Up (feat. Jay-Z)_spotdown.org.mp3
[2026-03-06T11:26:09.569Z] Range: bytes=0-138239 -> Serving 138240 bytes for The Motto_spotdown.org.mp3
[2026-03-06T11:26:09.571Z] Range: bytes=0-22527 -> Serving 22528 bytes for That’s How You Feel_spotdown.org.mp3
[2026-03-06T11:26:09.625Z] Range: bytes=0-22527 -> Serving 22528 bytes for Thinkin Bout You_spotdown.org.mp3
[2026-03-06T11:26:09.628Z] Range: bytes=0-27647 -> Serving 27648 bytes for Too Fast_spotdown.org.mp3
[2026-03-06T11:26:09.655Z] Range: bytes=0-1023 -> Serving 1024 bytes for Toosie Slide_spotdown.org.mp3
[2026-03-06T11:26:09.657Z] Range: bytes=6497720-6497848 -> Serving 128 bytes for Toosie Slide_spotdown.org.mp3
[2026-03-06T11:26:09.659Z] Range: bytes=0-1023 -> Serving 1024 bytes for Trust Issues_spotdown.org.mp3
[2026-03-06T11:26:09.664Z] Range: bytes=8069210-8069338 -> Serving 128 bytes for Trust Issues_spotdown.org.mp3
[2026-03-06T11:26:09.667Z] Range: bytes=0-1023 -> Serving 1024 bytes for TSU_spotdown.org.mp3
[2026-03-06T11:26:09.669Z] Range: bytes=8987656-8987784 -> Serving 128 bytes for TSU_spotdown.org.mp3
[2026-03-06T11:26:09.671Z] Range: bytes=0-1023 -> Serving 1024 bytes for Virginia Beach_spotdown.org.mp3
[2026-03-06T11:26:09.673Z] Range: bytes=7022280-7022408 -> Serving 128 bytes for Virginia Beach_spotdown.org.mp3
[2026-03-06T11:26:09.675Z] Range: bytes=0-1023 -> Serving 1024 bytes for WAIT FOR U (feat. Drake & Tems)_spotdown.org.mp3
[2026-03-06T11:26:09.677Z] Range: bytes=5632773-5632901 -> Serving 128 bytes for WAIT FOR U (feat. Drake & Tems)_spotdown.org.mp3
[2026-03-06T11:26:09.678Z] Range: bytes=0-41983 -> Serving 41984 bytes for Toosie Slide_spotdown.org.mp3
[2026-03-06T11:26:09.681Z] Range: bytes=0-70655 -> Serving 70656 bytes for Trust Issues_spotdown.org.mp3
[2026-03-06T11:26:09.684Z] Range: bytes=0-23551 -> Serving 23552 bytes for TSU_spotdown.org.mp3
[2026-03-06T11:26:09.699Z] Range: bytes=0-18431 -> Serving 18432 bytes for Virginia Beach_spotdown.org.mp3
[2026-03-06T11:26:09.735Z] Range: bytes=0-94207 -> Serving 94208 bytes for WAIT FOR U (feat. Drake & Tems)_spotdown.org.mp3
[2026-03-06T11:26:09.769Z] Range: bytes=0-1023 -> Serving 1024 bytes for Walk It Talk It_spotdown.org.mp3
[2026-03-06T11:26:09.771Z] Range: bytes=8235748-8235876 -> Serving 128 bytes for Walk It Talk It_spotdown.org.mp3
[2026-03-06T11:26:09.774Z] Range: bytes=0-1023 -> Serving 1024 bytes for Wants and Needs (feat. Lil Baby)_spotdown.org.mp3
[2026-03-06T11:26:09.775Z] Range: bytes=5574923-5575051 -> Serving 128 bytes for Wants and Needs (feat. Lil Baby)_spotdown.org.mp3
[2026-03-06T11:26:09.778Z] Range: bytes=0-1023 -> Serving 1024 bytes for Way 2 Sexy (with Future & Young Thug)_spotdown.org.mp3
[2026-03-06T11:26:09.780Z] Range: bytes=7357534-7357662 -> Serving 128 bytes for Way 2 Sexy (with Future & Young Thug)_spotdown.org.mp3
[2026-03-06T11:26:09.783Z] Range: bytes=0-1023 -> Serving 1024 bytes for We Find Love_spotdown.org.mp3
[2026-03-06T11:26:09.785Z] Range: bytes=7215792-7215920 -> Serving 128 bytes for We Find Love_spotdown.org.mp3
[2026-03-06T11:26:09.786Z] Range: bytes=0-1023 -> Serving 1024 bytes for What You Heard_spotdown.org.mp3
[2026-03-06T11:26:09.789Z] Range: bytes=7035255-7035383 -> Serving 128 bytes for What You Heard_spotdown.org.mp3
[2026-03-06T11:26:09.791Z] Range: bytes=0-105471 -> Serving 105472 bytes for Walk It Talk It_spotdown.org.mp3
[2026-03-06T11:26:09.793Z] Range: bytes=0-11263 -> Serving 11264 bytes for Wants and Needs (feat. Lil Baby)_spotdown.org.mp3
[2026-03-06T11:26:09.826Z] Range: bytes=0-64511 -> Serving 64512 bytes for Way 2 Sexy (with Future & Young Thug)_spotdown.org.mp3
[2026-03-06T11:26:09.831Z] Range: bytes=0-84991 -> Serving 84992 bytes for We Find Love_spotdown.org.mp3
[2026-03-06T11:26:09.850Z] Range: bytes=0-46079 -> Serving 46080 bytes for What You Heard_spotdown.org.mp3
[2026-03-06T11:26:09.895Z] Range: bytes=0-1023 -> Serving 1024 bytes for What's Next_spotdown.org.mp3
[2026-03-06T11:26:09.897Z] Range: bytes=5193809-5193937 -> Serving 128 bytes for What's Next_spotdown.org.mp3
[2026-03-06T11:26:09.900Z] Range: bytes=0-1023 -> Serving 1024 bytes for White (feat. Frank Ocean)_spotdown.org.mp3
[2026-03-06T11:26:09.903Z] Range: bytes=3620157-3620285 -> Serving 128 bytes for White (feat. Frank Ocean)_spotdown.org.mp3
[2026-03-06T11:26:09.905Z] Range: bytes=0-1023 -> Serving 1024 bytes for Who Told You (feat. Drake)_spotdown.org.mp3
[2026-03-06T11:26:09.907Z] Range: bytes=5651484-5651612 -> Serving 128 bytes for Who Told You (feat. Drake)_spotdown.org.mp3
[2026-03-06T11:26:09.909Z] Range: bytes=0-1023 -> Serving 1024 bytes for Wildfire (feat. Frank Ocean)_spotdown.org.mp3
[2026-03-06T11:26:09.910Z] Range: bytes=2743259-2743387 -> Serving 128 bytes for Wildfire (feat. Frank Ocean)_spotdown.org.mp3
[2026-03-06T11:26:09.913Z] Range: bytes=0-1023 -> Serving 1024 bytes for Work_spotdown.org.mp3
[2026-03-06T11:26:09.914Z] Range: bytes=6253650-6253778 -> Serving 128 bytes for Work_spotdown.org.mp3
[2026-03-06T11:26:09.919Z] Range: bytes=0-56319 -> Serving 56320 bytes for What's Next_spotdown.org.mp3
[2026-03-06T11:26:09.921Z] Range: bytes=0-29695 -> Serving 29696 bytes for White (feat. Frank Ocean)_spotdown.org.mp3
[2026-03-06T11:26:09.924Z] Range: bytes=0-25599 -> Serving 25600 bytes for Who Told You (feat. Drake)_spotdown.org.mp3
[2026-03-06T11:26:09.961Z] Range: bytes=0-94207 -> Serving 94208 bytes for Wildfire (feat. Frank Ocean)_spotdown.org.mp3
[2026-03-06T11:26:09.962Z] Range: bytes=0-24575 -> Serving 24576 bytes for Work_spotdown.org.mp3
[2026-03-06T11:26:10.070Z] Range: bytes=0-1023 -> Serving 1024 bytes for Yebba’s Heartbreak_spotdown.org.mp3
[2026-03-06T11:26:10.072Z] Range: bytes=3515846-3515974 -> Serving 128 bytes for Yebba’s Heartbreak_spotdown.org.mp3
[2026-03-06T11:26:10.073Z] Range: bytes=0-1023 -> Serving 1024 bytes for You Broke My Heart_spotdown.org.mp3
[2026-03-06T11:26:10.074Z] Range: bytes=6654251-6654379 -> Serving 128 bytes for You Broke My Heart_spotdown.org.mp3
[2026-03-06T11:26:10.080Z] Range: bytes=0-64511 -> Serving 64512 bytes for Yebba’s Heartbreak_spotdown.org.mp3
[2026-03-06T11:26:10.084Z] Range: bytes=0-21503 -> Serving 21504 bytes for You Broke My Heart_spotdown.org.mp3
[2026-03-06T11:26:35.856Z] Range: bytes=0- -> Serving 5993339 bytes for One Night Only_spotdown.org.mp3
[2026-03-06T11:26:36.487Z] Range: bytes=0- -> Serving 5036943 bytes for POPSTAR (feat. Drake)_spotdown.org.mp3
[2026-03-06T11:26:41.617Z] Range: bytes=0- -> Serving 5119016 bytes for Superpowers_spotdown.org.mp3
[2026-03-06T11:26:42.128Z] Range: bytes=0- -> Serving 8615320 bytes for Too Fast_spotdown.org.mp3
[2026-03-06T11:26:42.498Z] Range: bytes=0- -> Serving 8069338 bytes for Trust Issues_spotdown.org.mp3
[2026-03-06T11:26:43.252Z] Range: bytes=0- -> Serving 8235876 bytes for Walk It Talk It_spotdown.org.mp3
[2026-03-06T11:26:43.955Z] Range: bytes=0- -> Serving 5575051 bytes for Wants and Needs (feat. Lil Baby)_spotdown.org.mp3
[2026-03-06T11:26:44.591Z] Range: bytes=0- -> Serving 7035383 bytes for What You Heard_spotdown.org.mp3
[2026-03-06T11:26:45.097Z] Range: bytes=0- -> Serving 3620285 bytes for White (feat. Frank Ocean)_spotdown.org.mp3
[2026-03-06T11:26:45.776Z] Range: bytes=0- -> Serving 5651612 bytes for Who Told You (feat. Drake)_spotdown.org.mp3
[2026-03-06T11:26:46.323Z] Range: bytes=0- -> Serving 2743387 bytes for Wildfire (feat. Frank Ocean)_spotdown.org.mp3
[2026-03-06T11:26:46.930Z] Range: bytes=0- -> Serving 6253778 bytes for Work_spotdown.org.mp3
[2026-03-06T11:26:47.624Z] Range: bytes=0- -> Serving 6654379 bytes for You Broke My Heart_spotdown.org.mp3
[2026-03-06T15:28:36.137Z] Range: bytes=0- -> Serving 7204717 bytes for Needle (feat. Drake)_spotdown.org.mp3
[2026-03-06T15:28:38.227Z] File system change detected: change Needle (feat. Drake)_spotdown.org.mp3. Notifying clients.
[2026-03-06T15:28:39.098Z] Range: bytes=0-1023 -> Serving 1024 bytes for 8 Out Of 10_spotdown.org.mp3
[2026-03-06T15:28:39.105Z] Range: bytes=2939260-2939388 -> Serving 128 bytes for 8 Out Of 10_spotdown.org.mp3
[2026-03-06T15:28:39.107Z] Range: bytes=0-1023 -> Serving 1024 bytes for A Keeper_spotdown.org.mp3
[2026-03-06T15:28:39.108Z] Range: bytes=4759998-4760126 -> Serving 128 bytes for A Keeper_spotdown.org.mp3
[2026-03-06T15:28:39.122Z] Range: bytes=0-1023 -> Serving 1024 bytes for act ii_ date @ 8 (feat. Drake) - remix_spotdown.org.mp3
[2026-03-06T15:28:39.137Z] Range: bytes=6731275-6731403 -> Serving 128 bytes for act ii_ date @ 8 (feat. Drake) - remix_spotdown.org.mp3
[2026-03-06T15:28:39.141Z] Range: bytes=0-1023 -> Serving 1024 bytes for All I Want Is You (feat. J. Cole)_spotdown.org.mp3
[2026-03-06T15:28:39.143Z] Range: bytes=8639723-8639851 -> Serving 128 bytes for All I Want Is You (feat. J. Cole)_spotdown.org.mp3
[2026-03-06T15:28:39.157Z] Range: bytes=0-1023 -> Serving 1024 bytes for Another Late Night (feat. Lil Yachty)_spotdown.org.mp3
[2026-03-06T15:28:39.168Z] Range: bytes=4839235-4839363 -> Serving 128 bytes for Another Late Night (feat. Lil Yachty)_spotdown.org.mp3
[2026-03-06T15:28:39.172Z] Range: bytes=0-22527 -> Serving 22528 bytes for 8 Out Of 10_spotdown.org.mp3
[2026-03-06T15:28:39.179Z] Range: bytes=0-30719 -> Serving 30720 bytes for A Keeper_spotdown.org.mp3
[2026-03-06T15:28:39.187Z] Range: bytes=0-32767 -> Serving 32768 bytes for act ii_ date @ 8 (feat. Drake) - remix_spotdown.org.mp3
[2026-03-06T15:28:39.189Z] Range: bytes=0-29695 -> Serving 29696 bytes for All I Want Is You (feat. J. Cole)_spotdown.org.mp3
[2026-03-06T15:28:39.282Z] Range: bytes=0-18431 -> Serving 18432 bytes for Another Late Night (feat. Lil Yachty)_spotdown.org.mp3
[2026-03-06T15:28:39.317Z] Range: bytes=0-1023 -> Serving 1024 bytes for Bahamas Promises_spotdown.org.mp3
[2026-03-06T15:28:39.323Z] Range: bytes=5410627-5410755 -> Serving 128 bytes for Bahamas Promises_spotdown.org.mp3
[2026-03-06T15:28:39.325Z] Range: bytes=0-1023 -> Serving 1024 bytes for Break from Toronto_spotdown.org.mp3
[2026-03-06T15:28:39.326Z] Range: bytes=2999595-2999723 -> Serving 128 bytes for Break from Toronto_spotdown.org.mp3
[2026-03-06T15:28:39.337Z] Range: bytes=0-1023 -> Serving 1024 bytes for Belong to the City_spotdown.org.mp3
[2026-03-06T15:28:39.343Z] Range: bytes=2818785-2818913 -> Serving 128 bytes for Belong to the City_spotdown.org.mp3
[2026-03-06T15:28:39.351Z] Range: bytes=0-1023 -> Serving 1024 bytes for Blessings_spotdown.org.mp3
[2026-03-06T15:28:39.353Z] Range: bytes=7408901-7409029 -> Serving 128 bytes for Blessings_spotdown.org.mp3
[2026-03-06T15:28:39.369Z] Range: bytes=0-1023 -> Serving 1024 bytes for Both (feat. Drake)_spotdown.org.mp3
[2026-03-06T15:28:39.381Z] Range: bytes=5810471-5810599 -> Serving 128 bytes for Both (feat. Drake)_spotdown.org.mp3
[2026-03-06T15:28:39.387Z] Range: bytes=0-75775 -> Serving 75776 bytes for Bahamas Promises_spotdown.org.mp3
[2026-03-06T15:28:39.389Z] Range: bytes=0-72703 -> Serving 72704 bytes for Break from Toronto_spotdown.org.mp3
[2026-03-06T15:28:39.399Z] Range: bytes=0-41983 -> Serving 41984 bytes for Belong to the City_spotdown.org.mp3
[2026-03-06T15:28:39.406Z] Range: bytes=0-30719 -> Serving 30720 bytes for Blessings_spotdown.org.mp3
[2026-03-06T15:28:39.546Z] Range: bytes=0-36863 -> Serving 36864 bytes for Both (feat. Drake)_spotdown.org.mp3
[2026-03-06T15:28:39.586Z] Range: bytes=0-1023 -> Serving 1024 bytes for C U Girl_spotdown.org.mp3
[2026-03-06T15:28:39.591Z] Range: bytes=3684122-3684250 -> Serving 128 bytes for C U Girl_spotdown.org.mp3
[2026-03-06T15:28:39.593Z] Range: bytes=0-1023 -> Serving 1024 bytes for Calling My Name_spotdown.org.mp3
[2026-03-06T15:28:39.596Z] Range: bytes=3648444-3648572 -> Serving 128 bytes for Calling My Name_spotdown.org.mp3
[2026-03-06T15:28:39.607Z] Range: bytes=0-1023 -> Serving 1024 bytes for Can’t Take A Joke_spotdown.org.mp3
[2026-03-06T15:28:39.614Z] Range: bytes=5324221-5324349 -> Serving 128 bytes for Can’t Take A Joke_spotdown.org.mp3
[2026-03-06T15:28:39.615Z] Range: bytes=0-1023 -> Serving 1024 bytes for Chanel_spotdown.org.mp3
[2026-03-06T15:28:39.617Z] Range: bytes=6040688-6040816 -> Serving 128 bytes for Chanel_spotdown.org.mp3
[2026-03-06T15:28:39.628Z] Range: bytes=0-1023 -> Serving 1024 bytes for coffee_spotdown.org.mp3
[2026-03-06T15:28:39.635Z] Range: bytes=9894520-9894648 -> Serving 128 bytes for coffee_spotdown.org.mp3
[2026-03-06T15:28:39.637Z] Range: bytes=0-34815 -> Serving 34816 bytes for C U Girl_spotdown.org.mp3
[2026-03-06T15:28:39.639Z] Range: bytes=0-30719 -> Serving 30720 bytes for Calling My Name_spotdown.org.mp3
[2026-03-06T15:28:39.649Z] Range: bytes=0-22527 -> Serving 22528 bytes for Can’t Take A Joke_spotdown.org.mp3
[2026-03-06T15:28:39.651Z] Range: bytes=0-23551 -> Serving 23552 bytes for Chanel_spotdown.org.mp3
[2026-03-06T15:28:39.709Z] Range: bytes=0-35839 -> Serving 35840 bytes for coffee_spotdown.org.mp3
[2026-03-06T15:28:39.751Z] Range: bytes=0-1023 -> Serving 1024 bytes for Come and See Me (feat. Drake)_spotdown.org.mp3
[2026-03-06T15:28:39.757Z] Range: bytes=7276477-7276605 -> Serving 128 bytes for Come and See Me (feat. Drake)_spotdown.org.mp3
[2026-03-06T15:28:39.759Z] Range: bytes=0-1023 -> Serving 1024 bytes for Come Back to Earth_spotdown.org.mp3
[2026-03-06T15:28:39.763Z] Range: bytes=4707052-4707180 -> Serving 128 bytes for Come Back to Earth_spotdown.org.mp3
[2026-03-06T15:28:39.775Z] Range: bytes=0-1023 -> Serving 1024 bytes for Congratulations (feat. Bilal)_spotdown.org.mp3
[2026-03-06T15:28:39.780Z] Range: bytes=7275114-7275242 -> Serving 128 bytes for Congratulations (feat. Bilal)_spotdown.org.mp3
[2026-03-06T15:28:39.783Z] Range: bytes=0-1023 -> Serving 1024 bytes for Controlla_spotdown.org.mp3
[2026-03-06T15:28:39.785Z] Range: bytes=466086-466214 -> Serving 128 bytes for Controlla_spotdown.org.mp3
[2026-03-06T15:28:39.796Z] Range: bytes=0-1023 -> Serving 1024 bytes for Crew Love_spotdown.org.mp3
[2026-03-06T15:28:39.801Z] Range: bytes=5817656-5817784 -> Serving 128 bytes for Crew Love_spotdown.org.mp3
[2026-03-06T15:28:39.803Z] Range: bytes=0-31743 -> Serving 31744 bytes for Come and See Me (feat. Drake)_spotdown.org.mp3
[2026-03-06T15:28:39.805Z] Range: bytes=0-11263 -> Serving 11264 bytes for Come Back to Earth_spotdown.org.mp3
[2026-03-06T15:28:39.817Z] Range: bytes=0-22527 -> Serving 22528 bytes for Congratulations (feat. Bilal)_spotdown.org.mp3
[2026-03-06T15:28:39.819Z] Range: bytes=0-21503 -> Serving 21504 bytes for Controlla_spotdown.org.mp3
[2026-03-06T15:28:39.868Z] Range: bytes=0-38911 -> Serving 38912 bytes for Crew Love_spotdown.org.mp3
[2026-03-06T15:28:39.906Z] Range: bytes=0-1023 -> Serving 1024 bytes for CYANIDE_spotdown.org.mp3
[2026-03-06T15:28:39.909Z] Range: bytes=5592186-5592314 -> Serving 128 bytes for CYANIDE_spotdown.org.mp3
[2026-03-06T15:28:39.916Z] Range: bytes=0-1023 -> Serving 1024 bytes for Dark Red_spotdown.org.mp3
[2026-03-06T15:28:39.920Z] Range: bytes=4963719-4963847 -> Serving 128 bytes for Dark Red_spotdown.org.mp3
[2026-03-06T15:28:39.926Z] Range: bytes=0-1023 -> Serving 1024 bytes for Drama (feat. Drake)_spotdown.org.mp3
[2026-03-06T15:28:39.931Z] Range: bytes=7265013-7265141 -> Serving 128 bytes for Drama (feat. Drake)_spotdown.org.mp3
[2026-03-06T15:28:39.938Z] Range: bytes=0-1023 -> Serving 1024 bytes for Ela É do Tipo (feat. Drake) - Remix_spotdown.org.mp3
[2026-03-06T15:28:39.943Z] Range: bytes=5822010-5822138 -> Serving 128 bytes for Ela É do Tipo (feat. Drake) - Remix_spotdown.org.mp3
[2026-03-06T15:28:39.949Z] Range: bytes=0-1023 -> Serving 1024 bytes for Elevate_spotdown.org.mp3
[2026-03-06T15:28:39.953Z] Range: bytes=5531735-5531863 -> Serving 128 bytes for Elevate_spotdown.org.mp3
[2026-03-06T15:28:39.959Z] Range: bytes=0-115711 -> Serving 115712 bytes for CYANIDE_spotdown.org.mp3
[2026-03-06T15:28:39.965Z] Range: bytes=0-112639 -> Serving 112640 bytes for Dark Red_spotdown.org.mp3
[2026-03-06T15:28:39.976Z] Range: bytes=0-21503 -> Serving 21504 bytes for Drama (feat. Drake)_spotdown.org.mp3
[2026-03-06T15:28:39.983Z] Range: bytes=0-228351 -> Serving 228352 bytes for Ela É do Tipo (feat. Drake) - Remix_spotdown.org.mp3
[2026-03-06T15:28:40.193Z] Range: bytes=0-86015 -> Serving 86016 bytes for Elevate_spotdown.org.mp3
[2026-03-06T15:28:40.243Z] Range: bytes=0-1023 -> Serving 1024 bytes for Fake Love_spotdown.org.mp3
[2026-03-06T15:28:40.247Z] Range: bytes=6069277-6069405 -> Serving 128 bytes for Fake Love_spotdown.org.mp3
[2026-03-06T15:28:40.249Z] Range: bytes=0-1023 -> Serving 1024 bytes for Emotionless_spotdown.org.mp3
[2026-03-06T15:28:40.250Z] Range: bytes=7019717-7019845 -> Serving 128 bytes for Emotionless_spotdown.org.mp3
[2026-03-06T15:28:40.255Z] Range: bytes=0-1023 -> Serving 1024 bytes for Energy_spotdown.org.mp3
[2026-03-06T15:28:40.258Z] Range: bytes=4842910-4843038 -> Serving 128 bytes for Energy_spotdown.org.mp3
[2026-03-06T15:28:40.259Z] Range: bytes=0-1023 -> Serving 1024 bytes for Evergreen (You Didn’t Deserve Me At All)_spotdown.org.mp3
[2026-03-06T15:28:40.261Z] Range: bytes=6086025-6086153 -> Serving 128 bytes for Evergreen (You Didn’t Deserve Me At All)_spotdown.org.mp3
[2026-03-06T15:28:40.268Z] Range: bytes=0-1023 -> Serving 1024 bytes for Fair Trade (with Travis Scott)_spotdown.org.mp3
[2026-03-06T15:28:40.271Z] Range: bytes=8534605-8534733 -> Serving 128 bytes for Fair Trade (with Travis Scott)_spotdown.org.mp3
[2026-03-06T15:28:40.273Z] Range: bytes=0-23551 -> Serving 23552 bytes for Fake Love_spotdown.org.mp3
[2026-03-06T15:28:40.274Z] Range: bytes=0-22527 -> Serving 22528 bytes for Emotionless_spotdown.org.mp3
[2026-03-06T15:28:40.282Z] Range: bytes=0-19455 -> Serving 19456 bytes for Energy_spotdown.org.mp3
[2026-03-06T15:28:40.284Z] Range: bytes=0-14335 -> Serving 14336 bytes for Evergreen (You Didn’t Deserve Me At All)_spotdown.org.mp3
[2026-03-06T15:28:40.313Z] Range: bytes=0-64511 -> Serving 64512 bytes for Fair Trade (with Travis Scott)_spotdown.org.mp3
[2026-03-06T15:28:40.341Z] Range: bytes=0-1023 -> Serving 1024 bytes for Falling Back_spotdown.org.mp3
[2026-03-06T15:28:40.343Z] Range: bytes=8678156-8678284 -> Serving 128 bytes for Falling Back_spotdown.org.mp3
[2026-03-06T15:28:40.344Z] Range: bytes=0-1023 -> Serving 1024 bytes for Feel No Ways_spotdown.org.mp3
[2026-03-06T15:28:40.348Z] Range: bytes=488852-488980 -> Serving 128 bytes for Feel No Ways_spotdown.org.mp3
[2026-03-06T15:28:40.352Z] Range: bytes=0-1023 -> Serving 1024 bytes for Fancy_spotdown.org.mp3
[2026-03-06T15:28:40.354Z] Range: bytes=8759798-8759926 -> Serving 128 bytes for Fancy_spotdown.org.mp3
[2026-03-06T15:28:40.356Z] Range: bytes=0-1023 -> Serving 1024 bytes for First Person Shooter (feat. J. Cole)_spotdown.org.mp3
[2026-03-06T15:28:40.359Z] Range: bytes=7053518-7053646 -> Serving 128 bytes for First Person Shooter (feat. J. Cole)_spotdown.org.mp3
[2026-03-06T15:28:40.364Z] Range: bytes=0-1023 -> Serving 1024 bytes for For Free_spotdown.org.mp3
[2026-03-06T15:28:40.366Z] Range: bytes=5481472-5481600 -> Serving 128 bytes for For Free_spotdown.org.mp3
[2026-03-06T15:28:40.367Z] Range: bytes=0-30719 -> Serving 30720 bytes for Falling Back_spotdown.org.mp3
[2026-03-06T15:28:40.371Z] Range: bytes=0-21503 -> Serving 21504 bytes for Feel No Ways_spotdown.org.mp3
[2026-03-06T15:28:40.374Z] Range: bytes=0-30719 -> Serving 30720 bytes for Fancy_spotdown.org.mp3
[2026-03-06T15:28:40.376Z] Range: bytes=0-18431 -> Serving 18432 bytes for First Person Shooter (feat. J. Cole)_spotdown.org.mp3
[2026-03-06T15:28:40.411Z] Range: bytes=0-40959 -> Serving 40960 bytes for For Free_spotdown.org.mp3
[2026-03-06T15:28:40.433Z] Range: bytes=0-1023 -> Serving 1024 bytes for Gently (feat. Bad Bunny)_spotdown.org.mp3
[2026-03-06T15:28:40.435Z] Range: bytes=3759832-3759960 -> Serving 128 bytes for Gently (feat. Bad Bunny)_spotdown.org.mp3
[2026-03-06T15:28:40.436Z] Range: bytes=0-1023 -> Serving 1024 bytes for Girls Need Love (with Drake) - Remix_spotdown.org.mp3
[2026-03-06T15:28:40.440Z] Range: bytes=6393161-6393289 -> Serving 128 bytes for Girls Need Love (with Drake) - Remix_spotdown.org.mp3
[2026-03-06T15:28:40.443Z] Range: bytes=0-1023 -> Serving 1024 bytes for Get It Together_spotdown.org.mp3
[2026-03-06T15:28:40.446Z] Range: bytes=7580282-7580410 -> Serving 128 bytes for Get It Together_spotdown.org.mp3
[2026-03-06T15:28:40.448Z] Range: bytes=0-1023 -> Serving 1024 bytes for Get You (feat. Kali Uchis)_spotdown.org.mp3
[2026-03-06T15:28:40.453Z] Range: bytes=7640243-7640371 -> Serving 128 bytes for Get You (feat. Kali Uchis)_spotdown.org.mp3
[2026-03-06T15:28:40.455Z] Range: bytes=0-1023 -> Serving 1024 bytes for Girl With The Tattoo Enter.lewd_spotdown.org.mp3
[2026-03-06T15:28:40.457Z] Range: bytes=2829828-2829956 -> Serving 128 bytes for Girl With The Tattoo Enter.lewd_spotdown.org.mp3
[2026-03-06T15:28:40.462Z] Range: bytes=0-18431 -> Serving 18432 bytes for Gently (feat. Bad Bunny)_spotdown.org.mp3
[2026-03-06T15:28:40.466Z] Range: bytes=0-21503 -> Serving 21504 bytes for Girls Need Love (with Drake) - Remix_spotdown.org.mp3
[2026-03-06T15:28:40.468Z] Range: bytes=0-73727 -> Serving 73728 bytes for Get It Together_spotdown.org.mp3
[2026-03-06T15:28:40.478Z] Range: bytes=0-16383 -> Serving 16384 bytes for Get You (feat. Kali Uchis)_spotdown.org.mp3
[2026-03-06T15:28:40.514Z] Range: bytes=0-29695 -> Serving 29696 bytes for Girl With The Tattoo Enter.lewd_spotdown.org.mp3
[2026-03-06T15:28:40.534Z] Range: bytes=0-1023 -> Serving 1024 bytes for God's Plan_spotdown.org.mp3
[2026-03-06T15:28:40.537Z] Range: bytes=6357433-6357561 -> Serving 128 bytes for God's Plan_spotdown.org.mp3
[2026-03-06T15:28:40.539Z] Range: bytes=0-1023 -> Serving 1024 bytes for Girls Want Girls (with Lil Baby)_spotdown.org.mp3
[2026-03-06T15:28:40.541Z] Range: bytes=6524485-6524613 -> Serving 128 bytes for Girls Want Girls (with Lil Baby)_spotdown.org.mp3
[2026-03-06T15:28:40.546Z] Range: bytes=0-1023 -> Serving 1024 bytes for Give You the World_spotdown.org.mp3
[2026-03-06T15:28:40.551Z] Range: bytes=6969154-6969282 -> Serving 128 bytes for Give You the World_spotdown.org.mp3
[2026-03-06T15:28:40.553Z] Range: bytes=0-1023 -> Serving 1024 bytes for Godspeed_spotdown.org.mp3
[2026-03-06T15:28:40.556Z] Range: bytes=5043904-5044032 -> Serving 128 bytes for Godspeed_spotdown.org.mp3
[2026-03-06T15:28:40.563Z] Range: bytes=0-1023 -> Serving 1024 bytes for Going Bad (feat. Drake)_spotdown.org.mp3
[2026-03-06T15:28:40.566Z] Range: bytes=5781220-5781348 -> Serving 128 bytes for Going Bad (feat. Drake)_spotdown.org.mp3
[2026-03-06T15:28:40.567Z] Range: bytes=0-22527 -> Serving 22528 bytes for God's Plan_spotdown.org.mp3
[2026-03-06T15:28:40.569Z] Range: bytes=0-23551 -> Serving 23552 bytes for Girls Want Girls (with Lil Baby)_spotdown.org.mp3
[2026-03-06T15:28:40.575Z] Range: bytes=0-31743 -> Serving 31744 bytes for Give You the World_spotdown.org.mp3
[2026-03-06T15:28:40.579Z] Range: bytes=0-20479 -> Serving 20480 bytes for Godspeed_spotdown.org.mp3
[2026-03-06T15:28:40.609Z] Range: bytes=0-173055 -> Serving 173056 bytes for Going Bad (feat. Drake)_spotdown.org.mp3
[2026-03-06T15:28:40.656Z] Range: bytes=0-1023 -> Serving 1024 bytes for GREECE (feat. Drake)_spotdown.org.mp3
[2026-03-06T15:28:40.658Z] Range: bytes=6040909-6041037 -> Serving 128 bytes for GREECE (feat. Drake)_spotdown.org.mp3
[2026-03-06T15:28:40.660Z] Range: bytes=0-1023 -> Serving 1024 bytes for Hold On, We're Going Home_spotdown.org.mp3
[2026-03-06T15:28:40.662Z] Range: bytes=6790347-6790475 -> Serving 128 bytes for Hold On, We're Going Home_spotdown.org.mp3
[2026-03-06T15:28:40.665Z] Range: bytes=0-1023 -> Serving 1024 bytes for Headlines_spotdown.org.mp3
[2026-03-06T15:28:40.668Z] Range: bytes=7072323-7072451 -> Serving 128 bytes for Headlines_spotdown.org.mp3
[2026-03-06T15:28:40.674Z] Range: bytes=0-1023 -> Serving 1024 bytes for Her Way_spotdown.org.mp3
[2026-03-06T15:28:40.675Z] Range: bytes=6429457-6429585 -> Serving 128 bytes for Her Way_spotdown.org.mp3
[2026-03-06T15:28:40.677Z] Range: bytes=0-1023 -> Serving 1024 bytes for Hold Me Down_spotdown.org.mp3
[2026-03-06T15:28:40.680Z] Range: bytes=6254602-6254730 -> Serving 128 bytes for Hold Me Down_spotdown.org.mp3
[2026-03-06T15:28:40.686Z] Range: bytes=0-57343 -> Serving 57344 bytes for GREECE (feat. Drake)_spotdown.org.mp3
[2026-03-06T15:28:40.688Z] Range: bytes=0-25599 -> Serving 25600 bytes for Hold On, We're Going Home_spotdown.org.mp3
[2026-03-06T15:28:40.689Z] Range: bytes=0-38911 -> Serving 38912 bytes for Headlines_spotdown.org.mp3
[2026-03-06T15:28:40.692Z] Range: bytes=0-41983 -> Serving 41984 bytes for Her Way_spotdown.org.mp3
[2026-03-06T15:28:40.719Z] Range: bytes=0-16383 -> Serving 16384 bytes for Hold Me Down_spotdown.org.mp3
[2026-03-06T15:28:40.749Z] Range: bytes=0-1023 -> Serving 1024 bytes for Hotline Bling_spotdown.org.mp3
[2026-03-06T15:28:40.751Z] Range: bytes=3866148-3866276 -> Serving 128 bytes for Hotline Bling_spotdown.org.mp3
[2026-03-06T15:28:40.753Z] Range: bytes=0-1023 -> Serving 1024 bytes for I'M ON ONE (feat. Drake)_spotdown.org.mp3
[2026-03-06T15:28:40.754Z] Range: bytes=6950200-6950328 -> Serving 128 bytes for I'M ON ONE (feat. Drake)_spotdown.org.mp3
[2026-03-06T15:28:40.759Z] Range: bytes=0-1023 -> Serving 1024 bytes for I'm Upset_spotdown.org.mp3
[2026-03-06T15:28:40.763Z] Range: bytes=6293819-6293947 -> Serving 128 bytes for I'm Upset_spotdown.org.mp3
[2026-03-06T15:28:40.765Z] Range: bytes=0-1023 -> Serving 1024 bytes for IDGAF (feat. Yeat)_spotdown.org.mp3
[2026-03-06T15:28:40.767Z] Range: bytes=7378016-7378144 -> Serving 128 bytes for IDGAF (feat. Yeat)_spotdown.org.mp3
[2026-03-06T15:28:40.772Z] Range: bytes=0-1023 -> Serving 1024 bytes for In My Feelings_spotdown.org.mp3
[2026-03-06T15:28:40.776Z] Range: bytes=6004215-6004343 -> Serving 128 bytes for In My Feelings_spotdown.org.mp3
[2026-03-06T15:28:40.778Z] Range: bytes=0-21503 -> Serving 21504 bytes for Hotline Bling_spotdown.org.mp3
[2026-03-06T15:28:40.780Z] Range: bytes=0-23551 -> Serving 23552 bytes for I'M ON ONE (feat. Drake)_spotdown.org.mp3
[2026-03-06T15:28:40.785Z] Range: bytes=0-18431 -> Serving 18432 bytes for IDGAF (feat. Yeat)_spotdown.org.mp3
[2026-03-06T15:28:40.787Z] Range: bytes=0-86015 -> Serving 86016 bytes for I'm Upset_spotdown.org.mp3
[2026-03-06T15:28:40.831Z] Range: bytes=0-86015 -> Serving 86016 bytes for In My Feelings_spotdown.org.mp3
[2026-03-06T15:28:40.859Z] Range: bytes=0-1023 -> Serving 1024 bytes for In The Bible (with Lil Durk & Giveon)_spotdown.org.mp3
[2026-03-06T15:28:40.861Z] Range: bytes=8811152-8811280 -> Serving 128 bytes for In The Bible (with Lil Durk & Giveon)_spotdown.org.mp3
[2026-03-06T15:28:40.863Z] Range: bytes=0-1023 -> Serving 1024 bytes for Infrunami_spotdown.org.mp3
[2026-03-06T15:28:40.865Z] Range: bytes=4449858-4449986 -> Serving 128 bytes for Infrunami_spotdown.org.mp3
[2026-03-06T15:28:40.869Z] Range: bytes=0-1023 -> Serving 1024 bytes for Ivy_spotdown.org.mp3
[2026-03-06T15:28:40.872Z] Range: bytes=7533685-7533813 -> Serving 128 bytes for Ivy_spotdown.org.mp3
[2026-03-06T15:28:40.873Z] Range: bytes=0-1023 -> Serving 1024 bytes for Jaded_spotdown.org.mp3
[2026-03-06T15:28:40.875Z] Range: bytes=8448464-8448592 -> Serving 128 bytes for Jaded_spotdown.org.mp3
[2026-03-06T15:28:40.879Z] Range: bytes=0-1023 -> Serving 1024 bytes for Japanese Denim_spotdown.org.mp3
[2026-03-06T15:28:40.884Z] Range: bytes=7619790-7619918 -> Serving 128 bytes for Japanese Denim_spotdown.org.mp3
[2026-03-06T15:28:40.888Z] Range: bytes=0-23551 -> Serving 23552 bytes for In The Bible (with Lil Durk & Giveon)_spotdown.org.mp3
[2026-03-06T15:28:40.889Z] Range: bytes=0-37887 -> Serving 37888 bytes for Infrunami_spotdown.org.mp3
[2026-03-06T15:28:40.892Z] Range: bytes=0-20479 -> Serving 20480 bytes for Ivy_spotdown.org.mp3
[2026-03-06T15:28:40.894Z] Range: bytes=0-22527 -> Serving 22528 bytes for Jaded_spotdown.org.mp3
[2026-03-06T15:28:40.922Z] Range: bytes=0-47103 -> Serving 47104 bytes for Japanese Denim_spotdown.org.mp3
[2026-03-06T15:28:40.945Z] Range: bytes=0-1023 -> Serving 1024 bytes for Jimmy Cooks (feat. 21 Savage)_spotdown.org.mp3
[2026-03-06T15:28:40.947Z] Range: bytes=6590588-6590716 -> Serving 128 bytes for Jimmy Cooks (feat. 21 Savage)_spotdown.org.mp3
[2026-03-06T15:28:40.950Z] Range: bytes=0-1023 -> Serving 1024 bytes for Jumpman_spotdown.org.mp3
[2026-03-06T15:28:40.951Z] Range: bytes=6159467-6159595 -> Serving 128 bytes for Jumpman_spotdown.org.mp3
[2026-03-06T15:28:40.956Z] Range: bytes=0-1023 -> Serving 1024 bytes for Knife Talk (with 21 Savage ft. Project Pat)_spotdown.org.mp3
[2026-03-06T15:28:40.958Z] Range: bytes=7371250-7371378 -> Serving 128 bytes for Knife Talk (with 21 Savage ft. Project Pat)_spotdown.org.mp3
[2026-03-06T15:28:40.962Z] Range: bytes=0-1023 -> Serving 1024 bytes for Know Yourself_spotdown.org.mp3
[2026-03-06T15:28:40.964Z] Range: bytes=6816421-6816549 -> Serving 128 bytes for Know Yourself_spotdown.org.mp3
[2026-03-06T15:28:40.972Z] Range: bytes=0-1023 -> Serving 1024 bytes for Laugh Now Cry Later (feat. Lil Durk)_spotdown.org.mp3
[2026-03-06T15:28:40.974Z] Range: bytes=7313975-7314103 -> Serving 128 bytes for Laugh Now Cry Later (feat. Lil Durk)_spotdown.org.mp3
[2026-03-06T15:28:40.976Z] Range: bytes=0-30719 -> Serving 30720 bytes for Jimmy Cooks (feat. 21 Savage)_spotdown.org.mp3
[2026-03-06T15:28:40.978Z] Range: bytes=0-45055 -> Serving 45056 bytes for Jumpman_spotdown.org.mp3
[2026-03-06T15:28:40.986Z] Range: bytes=0-23551 -> Serving 23552 bytes for Knife Talk (with 21 Savage ft. Project Pat)_spotdown.org.mp3
[2026-03-06T15:28:40.988Z] Range: bytes=0-53247 -> Serving 53248 bytes for Know Yourself_spotdown.org.mp3
[2026-03-06T15:28:41.041Z] Range: bytes=0-34815 -> Serving 34816 bytes for Laugh Now Cry Later (feat. Lil Durk)_spotdown.org.mp3
[2026-03-06T15:28:41.082Z] Range: bytes=0-1023 -> Serving 1024 bytes for Legend_spotdown.org.mp3
[2026-03-06T15:28:41.085Z] Range: bytes=7423289-7423417 -> Serving 128 bytes for Legend_spotdown.org.mp3
[2026-03-06T15:28:41.091Z] Range: bytes=0-1023 -> Serving 1024 bytes for Life Is Good (feat. Drake)_spotdown.org.mp3
[2026-03-06T15:28:41.093Z] Range: bytes=6962900-6963028 -> Serving 128 bytes for Life Is Good (feat. Drake)_spotdown.org.mp3
[2026-03-06T15:28:41.105Z] Range: bytes=0-1023 -> Serving 1024 bytes for Look Alive (feat. Drake)_spotdown.org.mp3
[2026-03-06T15:28:41.113Z] Range: bytes=5384505-5384633 -> Serving 128 bytes for Look Alive (feat. Drake)_spotdown.org.mp3
[2026-03-06T15:28:41.116Z] Range: bytes=0-1023 -> Serving 1024 bytes for Loose_spotdown.org.mp3
[2026-03-06T15:28:41.118Z] Range: bytes=4579606-4579734 -> Serving 128 bytes for Loose_spotdown.org.mp3
[2026-03-06T15:28:41.123Z] Range: bytes=0-1023 -> Serving 1024 bytes for Lost_spotdown.org.mp3
[2026-03-06T15:28:41.127Z] Range: bytes=6958074-6958202 -> Serving 128 bytes for Lost_spotdown.org.mp3
[2026-03-06T15:28:41.130Z] Range: bytes=0-19455 -> Serving 19456 bytes for Legend_spotdown.org.mp3
[2026-03-06T15:28:41.132Z] Range: bytes=0-39935 -> Serving 39936 bytes for Life Is Good (feat. Drake)_spotdown.org.mp3
[2026-03-06T15:28:41.138Z] Range: bytes=0-69631 -> Serving 69632 bytes for Look Alive (feat. Drake)_spotdown.org.mp3
[2026-03-06T15:28:41.141Z] Range: bytes=0-84991 -> Serving 84992 bytes for Loose_spotdown.org.mp3
[2026-03-06T15:28:41.147Z] Range: bytes=0-21503 -> Serving 21504 bytes for Lost_spotdown.org.mp3
[2026-03-06T15:28:41.237Z] Range: bytes=0-1023 -> Serving 1024 bytes for Love Is Only a Feeling_spotdown.org.mp3
[2026-03-06T15:28:41.241Z] Range: bytes=3860145-3860273 -> Serving 128 bytes for Love Is Only a Feeling_spotdown.org.mp3
[2026-03-06T15:28:41.243Z] Range: bytes=0-1023 -> Serving 1024 bytes for LOVE. FEAT. ZACARI._spotdown.org.mp3
[2026-03-06T15:28:41.244Z] Range: bytes=5989775-5989903 -> Serving 128 bytes for LOVE. FEAT. ZACARI._spotdown.org.mp3
[2026-03-06T15:28:41.255Z] Range: bytes=0-1023 -> Serving 1024 bytes for Major Distribution_spotdown.org.mp3
[2026-03-06T15:28:41.258Z] Range: bytes=4365605-4365733 -> Serving 128 bytes for Major Distribution_spotdown.org.mp3
[2026-03-06T15:28:41.260Z] Range: bytes=0-1023 -> Serving 1024 bytes for Marvins Room_spotdown.org.mp3
[2026-03-06T15:28:41.262Z] Range: bytes=9286084-9286212 -> Serving 128 bytes for Marvins Room_spotdown.org.mp3
[2026-03-06T15:28:41.271Z] Range: bytes=0-1023 -> Serving 1024 bytes for Massive_spotdown.org.mp3
[2026-03-06T15:28:41.276Z] Range: bytes=9938064-9938192 -> Serving 128 bytes for Massive_spotdown.org.mp3
[2026-03-06T15:28:41.280Z] Range: bytes=0-41983 -> Serving 41984 bytes for Love Is Only a Feeling_spotdown.org.mp3
[2026-03-06T15:28:41.283Z] Range: bytes=0-32767 -> Serving 32768 bytes for LOVE. FEAT. ZACARI._spotdown.org.mp3
[2026-03-06T15:28:41.290Z] Range: bytes=0-33791 -> Serving 33792 bytes for Major Distribution_spotdown.org.mp3
[2026-03-06T15:28:41.293Z] Range: bytes=0-38911 -> Serving 38912 bytes for Marvins Room_spotdown.org.mp3
[2026-03-06T15:28:41.377Z] Range: bytes=0-96255 -> Serving 96256 bytes for Massive_spotdown.org.mp3
[2026-03-06T15:28:41.451Z] Range: bytes=0-1023 -> Serving 1024 bytes for MELTDOWN (feat. Drake)_spotdown.org.mp3
[2026-03-06T15:28:41.455Z] Range: bytes=7095525-7095653 -> Serving 128 bytes for MELTDOWN (feat. Drake)_spotdown.org.mp3
[2026-03-06T15:28:41.457Z] Range: bytes=0-1023 -> Serving 1024 bytes for MIA (feat. Drake)_spotdown.org.mp3
[2026-03-06T15:28:41.458Z] Range: bytes=6194048-6194176 -> Serving 128 bytes for MIA (feat. Drake)_spotdown.org.mp3
[2026-03-06T15:28:41.470Z] Range: bytes=0-1023 -> Serving 1024 bytes for Middle of the Ocean_spotdown.org.mp3
[2026-03-06T15:28:41.474Z] Range: bytes=5536043-5536171 -> Serving 128 bytes for Middle of the Ocean_spotdown.org.mp3
[2026-03-06T15:28:41.475Z] Range: bytes=0-1023 -> Serving 1024 bytes for Mob Ties_spotdown.org.mp3
[2026-03-06T15:28:41.477Z] Range: bytes=5722529-5722657 -> Serving 128 bytes for Mob Ties_spotdown.org.mp3
[2026-03-06T15:28:41.486Z] Range: bytes=0-1023 -> Serving 1024 bytes for Money In The Grave (Drake ft. Rick Ross)_spotdown.org.mp3
[2026-03-06T15:28:41.490Z] Range: bytes=6132187-6132315 -> Serving 128 bytes for Money In The Grave (Drake ft. Rick Ross)_spotdown.org.mp3
[2026-03-06T15:28:41.491Z] Range: bytes=0-9215 -> Serving 9216 bytes for MELTDOWN (feat. Drake)_spotdown.org.mp3
[2026-03-06T15:28:41.493Z] Range: bytes=0-16383 -> Serving 16384 bytes for MIA (feat. Drake)_spotdown.org.mp3
[2026-03-06T15:28:41.503Z] Range: bytes=0-33791 -> Serving 33792 bytes for Middle of the Ocean_spotdown.org.mp3
[2026-03-06T15:28:41.506Z] Range: bytes=0-22527 -> Serving 22528 bytes for Mob Ties_spotdown.org.mp3
[2026-03-06T15:28:41.556Z] Range: bytes=0-16383 -> Serving 16384 bytes for Money In The Grave (Drake ft. Rick Ross)_spotdown.org.mp3
[2026-03-06T15:28:41.584Z] Range: bytes=0-1023 -> Serving 1024 bytes for Mr. Right Now (feat. Drake)_spotdown.org.mp3
[2026-03-06T15:28:41.588Z] Range: bytes=6585681-6585809 -> Serving 128 bytes for Mr. Right Now (feat. Drake)_spotdown.org.mp3
[2026-03-06T15:28:41.590Z] Range: bytes=0-1023 -> Serving 1024 bytes for My Way (feat. Monty)_spotdown.org.mp3
[2026-03-06T15:28:41.592Z] Range: bytes=6429737-6429865 -> Serving 128 bytes for My Way (feat. Monty)_spotdown.org.mp3
[2026-03-06T15:28:41.604Z] Range: bytes=0-1023 -> Serving 1024 bytes for N Side_spotdown.org.mp3
[2026-03-06T15:28:41.606Z] Range: bytes=7446338-7446466 -> Serving 128 bytes for N Side_spotdown.org.mp3
[2026-03-06T15:28:41.609Z] Range: bytes=0-1023 -> Serving 1024 bytes for Needle (feat. Drake)_spotdown.org.mp3
[2026-03-06T15:28:41.612Z] Range: bytes=7204589-7204717 -> Serving 128 bytes for Needle (feat. Drake)_spotdown.org.mp3
[2026-03-06T15:28:41.620Z] Range: bytes=0-1023 -> Serving 1024 bytes for Nice For What_spotdown.org.mp3
[2026-03-06T15:28:41.623Z] Range: bytes=5995567-5995695 -> Serving 128 bytes for Nice For What_spotdown.org.mp3
[2026-03-06T15:28:41.626Z] Range: bytes=0-70655 -> Serving 70656 bytes for Mr. Right Now (feat. Drake)_spotdown.org.mp3
[2026-03-06T15:28:41.629Z] Range: bytes=0-113663 -> Serving 113664 bytes for My Way (feat. Monty)_spotdown.org.mp3
[2026-03-06T15:28:41.640Z] Range: bytes=0-20479 -> Serving 20480 bytes for N Side_spotdown.org.mp3
[2026-03-06T15:28:41.645Z] Range: bytes=0-127999 -> Serving 128000 bytes for Needle (feat. Drake)_spotdown.org.mp3
[2026-03-06T15:28:41.652Z] Range: bytes=0-22527 -> Serving 22528 bytes for Nice For What_spotdown.org.mp3
[2026-03-06T15:28:41.889Z] Range: bytes=0-1023 -> Serving 1024 bytes for Nights_spotdown.org.mp3
[2026-03-06T15:28:41.893Z] Range: bytes=8998451-8998579 -> Serving 128 bytes for Nights_spotdown.org.mp3
[2026-03-06T15:28:41.896Z] Range: bytes=0-1023 -> Serving 1024 bytes for No Guidance (feat. Drake)_spotdown.org.mp3
[2026-03-06T15:28:41.899Z] Range: bytes=7199968-7200096 -> Serving 128 bytes for No Guidance (feat. Drake)_spotdown.org.mp3
[2026-03-06T15:28:41.906Z] Range: bytes=0-1023 -> Serving 1024 bytes for Nonstop_spotdown.org.mp3
[2026-03-06T15:28:41.914Z] Range: bytes=6712667-6712795 -> Serving 128 bytes for Nonstop_spotdown.org.mp3
[2026-03-06T15:28:41.916Z] Range: bytes=0-1023 -> Serving 1024 bytes for Not You Too (feat. Chris Brown)_spotdown.org.mp3
[2026-03-06T15:28:41.918Z] Range: bytes=7665210-7665338 -> Serving 128 bytes for Not You Too (feat. Chris Brown)_spotdown.org.mp3
[2026-03-06T15:28:41.928Z] Range: bytes=0-1023 -> Serving 1024 bytes for Omertà_spotdown.org.mp3
[2026-03-06T15:28:41.932Z] Range: bytes=6524785-6524913 -> Serving 128 bytes for Omertà_spotdown.org.mp3
[2026-03-06T15:28:41.935Z] Range: bytes=0-82943 -> Serving 82944 bytes for Nights_spotdown.org.mp3
[2026-03-06T15:28:41.937Z] Range: bytes=0-129023 -> Serving 129024 bytes for No Guidance (feat. Drake)_spotdown.org.mp3
[2026-03-06T15:28:41.947Z] Range: bytes=0-22527 -> Serving 22528 bytes for Nonstop_spotdown.org.mp3
[2026-03-06T15:28:41.949Z] Range: bytes=0-41983 -> Serving 41984 bytes for Not You Too (feat. Chris Brown)_spotdown.org.mp3
[2026-03-06T15:28:42.057Z] Range: bytes=0-16383 -> Serving 16384 bytes for Omertà_spotdown.org.mp3
[2026-03-06T15:28:42.076Z] Range: bytes=0-1023 -> Serving 1024 bytes for One Dance_spotdown.org.mp3
[2026-03-06T15:28:42.085Z] Range: bytes=121250-121378 -> Serving 128 bytes for One Dance_spotdown.org.mp3
[2026-03-06T15:28:42.087Z] Range: bytes=0-1023 -> Serving 1024 bytes for One Night Only_spotdown.org.mp3
[2026-03-06T15:28:42.089Z] Range: bytes=5993211-5993339 -> Serving 128 bytes for One Night Only_spotdown.org.mp3
[2026-03-06T15:28:42.107Z] Range: bytes=0-1023 -> Serving 1024 bytes for On BS_spotdown.org.mp3
[2026-03-06T15:28:42.111Z] Range: bytes=7266820-7266948 -> Serving 128 bytes for On BS_spotdown.org.mp3
[2026-03-06T15:28:42.114Z] Range: bytes=0-1023 -> Serving 1024 bytes for Passionfruit_spotdown.org.mp3
[2026-03-06T15:28:42.115Z] Range: bytes=8894277-8894405 -> Serving 128 bytes for Passionfruit_spotdown.org.mp3
[2026-03-06T15:28:42.125Z] Range: bytes=0-1023 -> Serving 1024 bytes for Peak_spotdown.org.mp3
[2026-03-06T15:28:42.136Z] Range: bytes=6251988-6252116 -> Serving 128 bytes for Peak_spotdown.org.mp3
[2026-03-06T15:28:42.137Z] Range: bytes=0-21503 -> Serving 21504 bytes for One Dance_spotdown.org.mp3
[2026-03-06T15:28:42.139Z] Range: bytes=0-109567 -> Serving 109568 bytes for One Night Only_spotdown.org.mp3
[2026-03-06T15:28:42.147Z] Range: bytes=0-133119 -> Serving 133120 bytes for On BS_spotdown.org.mp3
[2026-03-06T15:28:42.150Z] Range: bytes=0-23551 -> Serving 23552 bytes for Passionfruit_spotdown.org.mp3
[2026-03-06T15:28:42.265Z] Range: bytes=0-22527 -> Serving 22528 bytes for Peak_spotdown.org.mp3
[2026-03-06T15:28:42.290Z] Range: bytes=0-1023 -> Serving 1024 bytes for Pink + White_spotdown.org.mp3
[2026-03-06T15:28:42.293Z] Range: bytes=5568324-5568452 -> Serving 128 bytes for Pink + White_spotdown.org.mp3
[2026-03-06T15:28:42.297Z] Range: bytes=0-1023 -> Serving 1024 bytes for Pink Matter_spotdown.org.mp3
[2026-03-06T15:28:42.299Z] Range: bytes=7174002-7174130 -> Serving 128 bytes for Pink Matter_spotdown.org.mp3
[2026-03-06T15:28:42.306Z] Range: bytes=0-1023 -> Serving 1024 bytes for POPSTAR (feat. Drake)_spotdown.org.mp3
[2026-03-06T15:28:42.308Z] Range: bytes=5036815-5036943 -> Serving 128 bytes for POPSTAR (feat. Drake)_spotdown.org.mp3
[2026-03-06T15:28:42.313Z] Range: bytes=0-1023 -> Serving 1024 bytes for Push Ups_spotdown.org.mp3
[2026-03-06T15:28:42.316Z] Range: bytes=6396747-6396875 -> Serving 128 bytes for Push Ups_spotdown.org.mp3
[2026-03-06T15:28:42.321Z] Range: bytes=0-1023 -> Serving 1024 bytes for Pussy & Millions (feat. Travis Scott)_spotdown.org.mp3
[2026-03-06T15:28:42.323Z] Range: bytes=2160278-2160406 -> Serving 128 bytes for Pussy & Millions (feat. Travis Scott)_spotdown.org.mp3
[2026-03-06T15:28:42.328Z] Range: bytes=0-20479 -> Serving 20480 bytes for Pink + White_spotdown.org.mp3
[2026-03-06T15:28:42.332Z] Range: bytes=0-22527 -> Serving 22528 bytes for Pink Matter_spotdown.org.mp3
[2026-03-06T15:28:42.338Z] Range: bytes=0-55295 -> Serving 55296 bytes for POPSTAR (feat. Drake)_spotdown.org.mp3
[2026-03-06T15:28:42.339Z] Range: bytes=0-102399 -> Serving 102400 bytes for Push Ups_spotdown.org.mp3
[2026-03-06T15:28:42.387Z] Range: bytes=0-33791 -> Serving 33792 bytes for Pussy & Millions (feat. Travis Scott)_spotdown.org.mp3
[2026-03-06T15:28:42.403Z] Range: bytes=0-1023 -> Serving 1024 bytes for Recognize (feat. Drake)_spotdown.org (1).mp3
[2026-03-06T15:28:42.405Z] Range: bytes=9251871-9251999 -> Serving 128 bytes for Recognize (feat. Drake)_spotdown.org (1).mp3
[2026-03-06T15:28:42.406Z] Range: bytes=0-1023 -> Serving 1024 bytes for Recognize (feat. Drake)_spotdown.org.mp3
[2026-03-06T15:28:42.408Z] Range: bytes=9223868-9223996 -> Serving 128 bytes for Recognize (feat. Drake)_spotdown.org.mp3
[2026-03-06T15:28:42.413Z] Range: bytes=0-1023 -> Serving 1024 bytes for Rich Baby Daddy (feat. Sexyy Red & SZA)_spotdown.org.mp3
[2026-03-06T15:28:42.416Z] Range: bytes=9544906-9545034 -> Serving 128 bytes for Rich Baby Daddy (feat. Sexyy Red & SZA)_spotdown.org.mp3
[2026-03-06T15:28:42.418Z] Range: bytes=0-1023 -> Serving 1024 bytes for Rich Flex_spotdown.org.mp3
[2026-03-06T15:28:42.420Z] Range: bytes=6970132-6970260 -> Serving 128 bytes for Rich Flex_spotdown.org.mp3
[2026-03-06T15:28:42.424Z] Range: bytes=0-1023 -> Serving 1024 bytes for Sativa_spotdown.org.mp3
[2026-03-06T15:28:42.426Z] Range: bytes=8435046-8435174 -> Serving 128 bytes for Sativa_spotdown.org.mp3
[2026-03-06T15:28:42.431Z] Range: bytes=0-41983 -> Serving 41984 bytes for Recognize (feat. Drake)_spotdown.org (1).mp3
[2026-03-06T15:28:42.433Z] Range: bytes=0-14335 -> Serving 14336 bytes for Recognize (feat. Drake)_spotdown.org.mp3
[2026-03-06T15:28:42.436Z] Range: bytes=0-18431 -> Serving 18432 bytes for Rich Baby Daddy (feat. Sexyy Red & SZA)_spotdown.org.mp3
[2026-03-06T15:28:42.438Z] Range: bytes=0-132095 -> Serving 132096 bytes for Rich Flex_spotdown.org.mp3
[2026-03-06T15:28:42.459Z] Range: bytes=0-214015 -> Serving 214016 bytes for Sativa_spotdown.org.mp3
[2026-03-06T15:28:42.574Z] Range: bytes=0-1023 -> Serving 1024 bytes for Search & Rescue_spotdown.org.mp3
[2026-03-06T15:28:42.576Z] Range: bytes=7666337-7666465 -> Serving 128 bytes for Search & Rescue_spotdown.org.mp3
[2026-03-06T15:28:42.577Z] Range: bytes=0-1023 -> Serving 1024 bytes for She_spotdown.org.mp3
[2026-03-06T15:28:42.578Z] Range: bytes=7372052-7372180 -> Serving 128 bytes for She_spotdown.org.mp3
[2026-03-06T15:28:42.585Z] Range: bytes=0-1023 -> Serving 1024 bytes for Shot For Me_spotdown.org.mp3
[2026-03-06T15:28:42.587Z] Range: bytes=6146179-6146307 -> Serving 128 bytes for Shot For Me_spotdown.org.mp3
[2026-03-06T15:28:42.588Z] Range: bytes=0-1023 -> Serving 1024 bytes for Self Control_spotdown.org.mp3
[2026-03-06T15:28:42.589Z] Range: bytes=6616223-6616351 -> Serving 128 bytes for Self Control_spotdown.org.mp3
[2026-03-06T15:28:42.595Z] Range: bytes=0-1023 -> Serving 1024 bytes for SICKO MODE_spotdown.org.mp3
[2026-03-06T15:28:42.599Z] Range: bytes=9408955-9409083 -> Serving 128 bytes for SICKO MODE_spotdown.org.mp3
[2026-03-06T15:28:42.600Z] Range: bytes=0-12287 -> Serving 12288 bytes for Search & Rescue_spotdown.org.mp3
[2026-03-06T15:28:42.601Z] Range: bytes=0-147455 -> Serving 147456 bytes for She_spotdown.org.mp3
[2026-03-06T15:28:42.608Z] Range: bytes=0-38911 -> Serving 38912 bytes for Shot For Me_spotdown.org.mp3
[2026-03-06T15:28:42.610Z] Range: bytes=0-82943 -> Serving 82944 bytes for Self Control_spotdown.org.mp3
[2026-03-06T15:28:42.686Z] Range: bytes=0-185343 -> Serving 185344 bytes for SICKO MODE_spotdown.org.mp3
[2026-03-06T15:28:42.740Z] Range: bytes=0-1023 -> Serving 1024 bytes for Sideways_spotdown.org.mp3
[2026-03-06T15:28:42.744Z] Range: bytes=8261138-8261266 -> Serving 128 bytes for Sideways_spotdown.org.mp3
[2026-03-06T15:28:42.746Z] Range: bytes=0-1023 -> Serving 1024 bytes for Slide (feat. Frank Ocean & Migos)_spotdown.org.mp3
[2026-03-06T15:28:42.747Z] Range: bytes=6869276-6869404 -> Serving 128 bytes for Slide (feat. Frank Ocean & Migos)_spotdown.org.mp3
[2026-03-06T15:28:42.755Z] Range: bytes=0-1023 -> Serving 1024 bytes for Slime You Out (feat. SZA)_spotdown.org.mp3
[2026-03-06T15:28:42.757Z] Range: bytes=8438087-8438215 -> Serving 128 bytes for Slime You Out (feat. SZA)_spotdown.org.mp3
[2026-03-06T15:28:42.758Z] Range: bytes=0-1023 -> Serving 1024 bytes for SLOW DANCING IN THE DARK_spotdown.org.mp3
[2026-03-06T15:28:42.759Z] Range: bytes=5685187-5685315 -> Serving 128 bytes for SLOW DANCING IN THE DARK_spotdown.org.mp3
[2026-03-06T15:28:42.766Z] Range: bytes=0-1023 -> Serving 1024 bytes for Small Worlds_spotdown.org.mp3
[2026-03-06T15:28:42.768Z] Range: bytes=8102302-8102430 -> Serving 128 bytes for Small Worlds_spotdown.org.mp3
[2026-03-06T15:28:42.769Z] Range: bytes=0-178175 -> Serving 178176 bytes for Sideways_spotdown.org.mp3
[2026-03-06T15:28:42.771Z] Range: bytes=0-28671 -> Serving 28672 bytes for Slide (feat. Frank Ocean & Migos)_spotdown.org.mp3
[2026-03-06T15:28:42.778Z] Range: bytes=0-75775 -> Serving 75776 bytes for Slime You Out (feat. SZA)_spotdown.org.mp3
[2026-03-06T15:28:42.779Z] Range: bytes=0-121855 -> Serving 121856 bytes for SLOW DANCING IN THE DARK_spotdown.org.mp3
[2026-03-06T15:28:42.861Z] Range: bytes=0-11263 -> Serving 11264 bytes for Small Worlds_spotdown.org.mp3
[2026-03-06T15:28:42.873Z] Range: bytes=0-1023 -> Serving 1024 bytes for Sooner Than Later_spotdown.org.mp3
[2026-03-06T15:28:42.874Z] Range: bytes=7020264-7020392 -> Serving 128 bytes for Sooner Than Later_spotdown.org.mp3
[2026-03-06T15:28:42.876Z] Range: bytes=0-1023 -> Serving 1024 bytes for Spin Bout U_spotdown.org.mp3
[2026-03-06T15:28:42.877Z] Range: bytes=6578004-6578132 -> Serving 128 bytes for Spin Bout U_spotdown.org.mp3
[2026-03-06T15:28:42.882Z] Range: bytes=0-1023 -> Serving 1024 bytes for Started From the Bottom_spotdown.org.mp3
[2026-03-06T15:28:42.884Z] Range: bytes=4743159-4743287 -> Serving 128 bytes for Started From the Bottom_spotdown.org.mp3
[2026-03-06T15:28:42.889Z] Range: bytes=0-1023 -> Serving 1024 bytes for Sticky_spotdown.org.mp3
[2026-03-06T15:28:42.890Z] Range: bytes=7108308-7108436 -> Serving 128 bytes for Sticky_spotdown.org.mp3
[2026-03-06T15:28:42.893Z] Range: bytes=0-1023 -> Serving 1024 bytes for Sunday (feat. Frank Ocean)_spotdown.org.mp3
[2026-03-06T15:28:42.895Z] Range: bytes=6307517-6307645 -> Serving 128 bytes for Sunday (feat. Frank Ocean)_spotdown.org.mp3
[2026-03-06T15:28:42.899Z] Range: bytes=0-11263 -> Serving 11264 bytes for Sooner Than Later_spotdown.org.mp3
[2026-03-06T15:28:42.901Z] Range: bytes=0-133119 -> Serving 133120 bytes for Spin Bout U_spotdown.org.mp3
[2026-03-06T15:28:42.905Z] Range: bytes=0-25599 -> Serving 25600 bytes for Started From the Bottom_spotdown.org.mp3
[2026-03-06T15:28:42.909Z] Range: bytes=0-30719 -> Serving 30720 bytes for Sticky_spotdown.org.mp3
[2026-03-06T15:28:42.958Z] Range: bytes=0-30719 -> Serving 30720 bytes for Sunday (feat. Frank Ocean)_spotdown.org.mp3
[2026-03-06T15:28:42.976Z] Range: bytes=0-1023 -> Serving 1024 bytes for Sunshine (feat. Fousheé)_spotdown.org.mp3
[2026-03-06T15:28:42.980Z] Range: bytes=9559776-9559904 -> Serving 128 bytes for Sunshine (feat. Fousheé)_spotdown.org.mp3
[2026-03-06T15:28:42.982Z] Range: bytes=0-1023 -> Serving 1024 bytes for Super Rich Kids_spotdown.org.mp3
[2026-03-06T15:28:42.983Z] Range: bytes=8814909-8815037 -> Serving 128 bytes for Super Rich Kids_spotdown.org.mp3
[2026-03-06T15:28:42.990Z] Range: bytes=0-1023 -> Serving 1024 bytes for Superpower (feat. Frank Ocean)_spotdown.org.mp3
[2026-03-06T15:28:42.992Z] Range: bytes=7987819-7987947 -> Serving 128 bytes for Superpower (feat. Frank Ocean)_spotdown.org.mp3
[2026-03-06T15:28:42.994Z] Range: bytes=0-1023 -> Serving 1024 bytes for Superpowers_spotdown.org.mp3
[2026-03-06T15:28:42.995Z] Range: bytes=5118888-5119016 -> Serving 128 bytes for Superpowers_spotdown.org.mp3
[2026-03-06T15:28:43.002Z] Range: bytes=0-1023 -> Serving 1024 bytes for Sure Thing_spotdown.org.mp3
[2026-03-06T15:28:43.005Z] Range: bytes=5995909-5996037 -> Serving 128 bytes for Sure Thing_spotdown.org.mp3
[2026-03-06T15:28:43.006Z] Range: bytes=0-31743 -> Serving 31744 bytes for Sunshine (feat. Fousheé)_spotdown.org.mp3
[2026-03-06T15:28:43.007Z] Range: bytes=0-22527 -> Serving 22528 bytes for Super Rich Kids_spotdown.org.mp3
[2026-03-06T15:28:43.016Z] Range: bytes=0-7167 -> Serving 7168 bytes for Superpower (feat. Frank Ocean)_spotdown.org.mp3
[2026-03-06T15:28:43.018Z] Range: bytes=0-33791 -> Serving 33792 bytes for Superpowers_spotdown.org.mp3
[2026-03-06T15:28:43.048Z] Range: bytes=0-29695 -> Serving 29696 bytes for Sure Thing_spotdown.org.mp3
[2026-03-06T15:28:43.083Z] Range: bytes=0-1023 -> Serving 1024 bytes for Talk Up (feat. Jay-Z)_spotdown.org.mp3
[2026-03-06T15:28:43.087Z] Range: bytes=3655528-3655656 -> Serving 128 bytes for Talk Up (feat. Jay-Z)_spotdown.org.mp3
[2026-03-06T15:28:43.089Z] Range: bytes=0-1023 -> Serving 1024 bytes for That’s How You Feel_spotdown.org.mp3
[2026-03-06T15:28:43.099Z] Range: bytes=4297087-4297215 -> Serving 128 bytes for That’s How You Feel_spotdown.org.mp3
[2026-03-06T15:28:43.126Z] Range: bytes=0-1023 -> Serving 1024 bytes for The Motto_spotdown.org.mp3
[2026-03-06T15:28:43.130Z] Range: bytes=4927975-4928103 -> Serving 128 bytes for The Motto_spotdown.org.mp3
[2026-03-06T15:28:43.135Z] Range: bytes=0-1023 -> Serving 1024 bytes for Thinkin Bout You_spotdown.org.mp3
[2026-03-06T15:28:43.140Z] Range: bytes=5861879-5862007 -> Serving 128 bytes for Thinkin Bout You_spotdown.org.mp3
[2026-03-06T15:28:43.161Z] Range: bytes=0-1023 -> Serving 1024 bytes for Too Fast_spotdown.org.mp3
[2026-03-06T15:28:43.166Z] Range: bytes=8615192-8615320 -> Serving 128 bytes for Too Fast_spotdown.org.mp3
[2026-03-06T15:28:43.174Z] Range: bytes=0-22527 -> Serving 22528 bytes for Talk Up (feat. Jay-Z)_spotdown.org.mp3
[2026-03-06T15:28:43.180Z] Range: bytes=0-22527 -> Serving 22528 bytes for That’s How You Feel_spotdown.org.mp3
[2026-03-06T15:28:43.201Z] Range: bytes=0-138239 -> Serving 138240 bytes for The Motto_spotdown.org.mp3
[2026-03-06T15:28:43.206Z] Range: bytes=0-22527 -> Serving 22528 bytes for Thinkin Bout You_spotdown.org.mp3
[2026-03-06T15:28:43.217Z] Range: bytes=0-27647 -> Serving 27648 bytes for Too Fast_spotdown.org.mp3
[2026-03-06T15:28:43.339Z] Range: bytes=0-1023 -> Serving 1024 bytes for Toosie Slide_spotdown.org.mp3
[2026-03-06T15:28:43.341Z] Range: bytes=6497720-6497848 -> Serving 128 bytes for Toosie Slide_spotdown.org.mp3
[2026-03-06T15:28:43.343Z] Range: bytes=0-1023 -> Serving 1024 bytes for Trust Issues_spotdown.org.mp3
[2026-03-06T15:28:43.346Z] Range: bytes=8069210-8069338 -> Serving 128 bytes for Trust Issues_spotdown.org.mp3
[2026-03-06T15:28:43.351Z] Range: bytes=0-1023 -> Serving 1024 bytes for TSU_spotdown.org.mp3
[2026-03-06T15:28:43.355Z] Range: bytes=8987656-8987784 -> Serving 128 bytes for TSU_spotdown.org.mp3
[2026-03-06T15:28:43.357Z] Range: bytes=0-1023 -> Serving 1024 bytes for Virginia Beach_spotdown.org.mp3
[2026-03-06T15:28:43.358Z] Range: bytes=7022280-7022408 -> Serving 128 bytes for Virginia Beach_spotdown.org.mp3
[2026-03-06T15:28:43.364Z] Range: bytes=0-1023 -> Serving 1024 bytes for WAIT FOR U (feat. Drake & Tems)_spotdown.org.mp3
[2026-03-06T15:28:43.368Z] Range: bytes=5632773-5632901 -> Serving 128 bytes for WAIT FOR U (feat. Drake & Tems)_spotdown.org.mp3
[2026-03-06T15:28:43.372Z] Range: bytes=0-41983 -> Serving 41984 bytes for Toosie Slide_spotdown.org.mp3
[2026-03-06T15:28:43.374Z] Range: bytes=0-70655 -> Serving 70656 bytes for Trust Issues_spotdown.org.mp3
[2026-03-06T15:28:43.379Z] Range: bytes=0-23551 -> Serving 23552 bytes for TSU_spotdown.org.mp3
[2026-03-06T15:28:43.384Z] Range: bytes=0-18431 -> Serving 18432 bytes for Virginia Beach_spotdown.org.mp3
[2026-03-06T15:28:43.422Z] Range: bytes=0-94207 -> Serving 94208 bytes for WAIT FOR U (feat. Drake & Tems)_spotdown.org.mp3
[2026-03-06T15:28:43.473Z] Range: bytes=0-1023 -> Serving 1024 bytes for Walk It Talk It_spotdown.org.mp3
[2026-03-06T15:28:43.475Z] Range: bytes=8235748-8235876 -> Serving 128 bytes for Walk It Talk It_spotdown.org.mp3
[2026-03-06T15:28:43.478Z] Range: bytes=0-1023 -> Serving 1024 bytes for What You Heard_spotdown.org.mp3
[2026-03-06T15:28:43.483Z] Range: bytes=7035255-7035383 -> Serving 128 bytes for What You Heard_spotdown.org.mp3
[2026-03-06T15:28:43.485Z] Range: bytes=0-1023 -> Serving 1024 bytes for Wants and Needs (feat. Lil Baby)_spotdown.org.mp3
[2026-03-06T15:28:43.487Z] Range: bytes=5574923-5575051 -> Serving 128 bytes for Wants and Needs (feat. Lil Baby)_spotdown.org.mp3
[2026-03-06T15:28:43.492Z] Range: bytes=0-1023 -> Serving 1024 bytes for Way 2 Sexy (with Future & Young Thug)_spotdown.org.mp3
[2026-03-06T15:28:43.495Z] Range: bytes=7357534-7357662 -> Serving 128 bytes for Way 2 Sexy (with Future & Young Thug)_spotdown.org.mp3
[2026-03-06T15:28:43.501Z] Range: bytes=0-1023 -> Serving 1024 bytes for We Find Love_spotdown.org.mp3
[2026-03-06T15:28:43.503Z] Range: bytes=7215792-7215920 -> Serving 128 bytes for We Find Love_spotdown.org.mp3
[2026-03-06T15:28:43.507Z] Range: bytes=0-105471 -> Serving 105472 bytes for Walk It Talk It_spotdown.org.mp3
[2026-03-06T15:28:43.514Z] Range: bytes=0-46079 -> Serving 46080 bytes for What You Heard_spotdown.org.mp3
[2026-03-06T15:28:43.516Z] Range: bytes=0-11263 -> Serving 11264 bytes for Wants and Needs (feat. Lil Baby)_spotdown.org.mp3
[2026-03-06T15:28:43.519Z] Range: bytes=0-64511 -> Serving 64512 bytes for Way 2 Sexy (with Future & Young Thug)_spotdown.org.mp3
[2026-03-06T15:28:43.522Z] Range: bytes=0-84991 -> Serving 84992 bytes for We Find Love_spotdown.org.mp3
[2026-03-06T15:28:43.621Z] Range: bytes=0-1023 -> Serving 1024 bytes for What's Next_spotdown.org.mp3
[2026-03-06T15:28:43.622Z] Range: bytes=5193809-5193937 -> Serving 128 bytes for What's Next_spotdown.org.mp3
[2026-03-06T15:28:43.624Z] Range: bytes=0-1023 -> Serving 1024 bytes for White (feat. Frank Ocean)_spotdown.org.mp3
[2026-03-06T15:28:43.625Z] Range: bytes=3620157-3620285 -> Serving 128 bytes for White (feat. Frank Ocean)_spotdown.org.mp3
[2026-03-06T15:28:43.630Z] Range: bytes=0-1023 -> Serving 1024 bytes for Who Told You (feat. Drake)_spotdown.org.mp3
[2026-03-06T15:28:43.632Z] Range: bytes=5651484-5651612 -> Serving 128 bytes for Who Told You (feat. Drake)_spotdown.org.mp3
[2026-03-06T15:28:43.634Z] Range: bytes=0-1023 -> Serving 1024 bytes for Wildfire (feat. Frank Ocean)_spotdown.org.mp3
[2026-03-06T15:28:43.635Z] Range: bytes=2743259-2743387 -> Serving 128 bytes for Wildfire (feat. Frank Ocean)_spotdown.org.mp3
[2026-03-06T15:28:43.640Z] Range: bytes=0-1023 -> Serving 1024 bytes for Work_spotdown.org.mp3
[2026-03-06T15:28:43.642Z] Range: bytes=6253650-6253778 -> Serving 128 bytes for Work_spotdown.org.mp3
[2026-03-06T15:28:43.643Z] Range: bytes=0-56319 -> Serving 56320 bytes for What's Next_spotdown.org.mp3
[2026-03-06T15:28:43.644Z] Range: bytes=0-29695 -> Serving 29696 bytes for White (feat. Frank Ocean)_spotdown.org.mp3
[2026-03-06T15:28:43.651Z] Range: bytes=0-25599 -> Serving 25600 bytes for Who Told You (feat. Drake)_spotdown.org.mp3
[2026-03-06T15:28:43.652Z] Range: bytes=0-94207 -> Serving 94208 bytes for Wildfire (feat. Frank Ocean)_spotdown.org.mp3
[2026-03-06T15:28:43.705Z] Range: bytes=0-24575 -> Serving 24576 bytes for Work_spotdown.org.mp3
[2026-03-06T15:28:43.725Z] Range: bytes=0-1023 -> Serving 1024 bytes for Yebba’s Heartbreak_spotdown.org.mp3
[2026-03-06T15:28:43.727Z] Range: bytes=3515846-3515974 -> Serving 128 bytes for Yebba’s Heartbreak_spotdown.org.mp3
[2026-03-06T15:28:43.728Z] Range: bytes=0-1023 -> Serving 1024 bytes for You Broke My Heart_spotdown.org.mp3
[2026-03-06T15:28:43.730Z] Range: bytes=6654251-6654379 -> Serving 128 bytes for You Broke My Heart_spotdown.org.mp3
[2026-03-06T15:28:43.738Z] Range: bytes=0-64511 -> Serving 64512 bytes for Yebba’s Heartbreak_spotdown.org.mp3
[2026-03-06T15:28:43.768Z] Range: bytes=0-21503 -> Serving 21504 bytes for You Broke My Heart_spotdown.org.mp3
[2026-03-06T15:28:45.710Z] Range: bytes=0- -> Serving 6731403 bytes for act ii_ date @ 8 (feat. Drake) - remix_spotdown.org.mp3
[2026-03-06T15:28:45.736Z] File system change detected: change You Broke My Heart_spotdown.org.mp3. Notifying clients.
[2026-03-06T17:02:30.149Z] File system change detected: change Sure Thing_spotdown.org.mp3. Notifying clients.
[2026-03-06T17:39:05.611Z] Server running at http://localhost:8080/
[2026-03-06T17:39:05.648Z] Music directory: C:\Users\User\Music
[2026-03-06T17:39:06.533Z] Range: bytes=0-1023 -> Serving 1024 bytes for 8 Out Of 10_spotdown.org.mp3
[2026-03-06T17:39:06.539Z] Range: bytes=2939260-2939388 -> Serving 128 bytes for 8 Out Of 10_spotdown.org.mp3
[2026-03-06T17:39:06.549Z] Range: bytes=0-1023 -> Serving 1024 bytes for A Keeper_spotdown.org.mp3
[2026-03-06T17:39:06.557Z] Range: bytes=4759998-4760126 -> Serving 128 bytes for A Keeper_spotdown.org.mp3
[2026-03-06T17:39:06.559Z] Range: bytes=0-1023 -> Serving 1024 bytes for act ii_ date @ 8 (feat. Drake) - remix_spotdown.org.mp3
[2026-03-06T17:39:06.563Z] Range: bytes=6731275-6731403 -> Serving 128 bytes for act ii_ date @ 8 (feat. Drake) - remix_spotdown.org.mp3
[2026-03-06T17:39:06.590Z] Range: bytes=0-1023 -> Serving 1024 bytes for All I Want Is You (feat. J. Cole)_spotdown.org.mp3
[2026-03-06T17:39:06.604Z] Range: bytes=8639723-8639851 -> Serving 128 bytes for All I Want Is You (feat. J. Cole)_spotdown.org.mp3
[2026-03-06T17:39:06.615Z] Range: bytes=0-1023 -> Serving 1024 bytes for Another Late Night (feat. Lil Yachty)_spotdown.org.mp3
[2026-03-06T17:39:06.623Z] Range: bytes=4839235-4839363 -> Serving 128 bytes for Another Late Night (feat. Lil Yachty)_spotdown.org.mp3
[2026-03-06T17:39:06.626Z] Range: bytes=0-22527 -> Serving 22528 bytes for 8 Out Of 10_spotdown.org.mp3
[2026-03-06T17:39:06.629Z] Range: bytes=0-30719 -> Serving 30720 bytes for A Keeper_spotdown.org.mp3
[2026-03-06T17:39:06.642Z] Range: bytes=0-32767 -> Serving 32768 bytes for act ii_ date @ 8 (feat. Drake) - remix_spotdown.org.mp3
[2026-03-06T17:39:06.646Z] Range: bytes=0-29695 -> Serving 29696 bytes for All I Want Is You (feat. J. Cole)_spotdown.org.mp3
[2026-03-06T17:39:06.692Z] Range: bytes=0-18431 -> Serving 18432 bytes for Another Late Night (feat. Lil Yachty)_spotdown.org.mp3
[2026-03-06T17:39:06.730Z] Range: bytes=0-1023 -> Serving 1024 bytes for Bahamas Promises_spotdown.org.mp3
[2026-03-06T17:39:06.742Z] Range: bytes=5410627-5410755 -> Serving 128 bytes for Bahamas Promises_spotdown.org.mp3
[2026-03-06T17:39:06.745Z] Range: bytes=0-1023 -> Serving 1024 bytes for Belong to the City_spotdown.org.mp3
[2026-03-06T17:39:06.750Z] Range: bytes=2818785-2818913 -> Serving 128 bytes for Belong to the City_spotdown.org.mp3
[2026-03-06T17:39:06.752Z] Range: bytes=0-1023 -> Serving 1024 bytes for Blessings_spotdown.org.mp3
[2026-03-06T17:39:06.755Z] Range: bytes=7408901-7409029 -> Serving 128 bytes for Blessings_spotdown.org.mp3
[2026-03-06T17:39:06.767Z] Range: bytes=0-1023 -> Serving 1024 bytes for Both (feat. Drake)_spotdown.org.mp3
[2026-03-06T17:39:06.775Z] Range: bytes=5810471-5810599 -> Serving 128 bytes for Both (feat. Drake)_spotdown.org.mp3
[2026-03-06T17:39:06.777Z] Range: bytes=0-1023 -> Serving 1024 bytes for Break from Toronto_spotdown.org.mp3
[2026-03-06T17:39:06.781Z] Range: bytes=2999595-2999723 -> Serving 128 bytes for Break from Toronto_spotdown.org.mp3
[2026-03-06T17:39:06.788Z] Range: bytes=0-75775 -> Serving 75776 bytes for Bahamas Promises_spotdown.org.mp3
[2026-03-06T17:39:06.791Z] Range: bytes=0-41983 -> Serving 41984 bytes for Belong to the City_spotdown.org.mp3
[2026-03-06T17:39:06.795Z] Range: bytes=0-30719 -> Serving 30720 bytes for Blessings_spotdown.org.mp3
[2026-03-06T17:39:06.806Z] Range: bytes=0-36863 -> Serving 36864 bytes for Both (feat. Drake)_spotdown.org.mp3
[2026-03-06T17:39:06.812Z] Range: bytes=0-72703 -> Serving 72704 bytes for Break from Toronto_spotdown.org.mp3
[2026-03-06T17:39:06.900Z] Range: bytes=0-1023 -> Serving 1024 bytes for C U Girl_spotdown.org.mp3
[2026-03-06T17:39:06.903Z] Range: bytes=3684122-3684250 -> Serving 128 bytes for C U Girl_spotdown.org.mp3
[2026-03-06T17:39:06.910Z] Range: bytes=0-1023 -> Serving 1024 bytes for Calling My Name_spotdown.org.mp3
[2026-03-06T17:39:06.912Z] Range: bytes=3648444-3648572 -> Serving 128 bytes for Calling My Name_spotdown.org.mp3
[2026-03-06T17:39:06.914Z] Range: bytes=0-1023 -> Serving 1024 bytes for Can’t Take A Joke_spotdown.org.mp3
[2026-03-06T17:39:06.917Z] Range: bytes=5324221-5324349 -> Serving 128 bytes for Can’t Take A Joke_spotdown.org.mp3
[2026-03-06T17:39:06.932Z] Range: bytes=0-1023 -> Serving 1024 bytes for Chanel_spotdown.org.mp3
[2026-03-06T17:39:06.935Z] Range: bytes=6040688-6040816 -> Serving 128 bytes for Chanel_spotdown.org.mp3
[2026-03-06T17:39:06.941Z] Range: bytes=0-1023 -> Serving 1024 bytes for coffee_spotdown.org.mp3
[2026-03-06T17:39:06.942Z] Range: bytes=9894520-9894648 -> Serving 128 bytes for coffee_spotdown.org.mp3
[2026-03-06T17:39:06.944Z] Range: bytes=0-34815 -> Serving 34816 bytes for C U Girl_spotdown.org.mp3
[2026-03-06T17:39:06.953Z] Range: bytes=0-30719 -> Serving 30720 bytes for Calling My Name_spotdown.org.mp3
[2026-03-06T17:39:06.955Z] Range: bytes=0-22527 -> Serving 22528 bytes for Can’t Take A Joke_spotdown.org.mp3
[2026-03-06T17:39:06.961Z] Range: bytes=0-23551 -> Serving 23552 bytes for Chanel_spotdown.org.mp3
[2026-03-06T17:39:06.987Z] Range: bytes=0-35839 -> Serving 35840 bytes for coffee_spotdown.org.mp3
[2026-03-06T17:39:07.016Z] Range: bytes=0-1023 -> Serving 1024 bytes for Come and See Me (feat. Drake)_spotdown.org.mp3
[2026-03-06T17:39:07.020Z] Range: bytes=7276477-7276605 -> Serving 128 bytes for Come and See Me (feat. Drake)_spotdown.org.mp3
[2026-03-06T17:39:07.022Z] Range: bytes=0-1023 -> Serving 1024 bytes for Come Back to Earth_spotdown.org.mp3
[2026-03-06T17:39:07.026Z] Range: bytes=4707052-4707180 -> Serving 128 bytes for Come Back to Earth_spotdown.org.mp3
[2026-03-06T17:39:07.034Z] Range: bytes=7275114-7275242 -> Serving 128 bytes for Congratulations (feat. Bilal)_spotdown.org.mp3
[2026-03-06T17:39:07.036Z] Range: bytes=0-1023 -> Serving 1024 bytes for Congratulations (feat. Bilal)_spotdown.org.mp3
[2026-03-06T17:39:07.040Z] Range: bytes=0-1023 -> Serving 1024 bytes for Controlla_spotdown.org.mp3
[2026-03-06T17:39:07.045Z] Range: bytes=466086-466214 -> Serving 128 bytes for Controlla_spotdown.org.mp3
[2026-03-06T17:39:07.048Z] Range: bytes=0-1023 -> Serving 1024 bytes for Crew Love_spotdown.org.mp3
[2026-03-06T17:39:07.050Z] Range: bytes=5817656-5817784 -> Serving 128 bytes for Crew Love_spotdown.org.mp3
[2026-03-06T17:39:07.057Z] Range: bytes=0-31743 -> Serving 31744 bytes for Come and See Me (feat. Drake)_spotdown.org.mp3
[2026-03-06T17:39:07.061Z] Range: bytes=0-11263 -> Serving 11264 bytes for Come Back to Earth_spotdown.org.mp3
[2026-03-06T17:39:07.066Z] Range: bytes=0-22527 -> Serving 22528 bytes for Congratulations (feat. Bilal)_spotdown.org.mp3
[2026-03-06T17:39:07.071Z] Range: bytes=0-21503 -> Serving 21504 bytes for Controlla_spotdown.org.mp3
[2026-03-06T17:39:07.073Z] Range: bytes=0-38911 -> Serving 38912 bytes for Crew Love_spotdown.org.mp3
[2026-03-06T17:39:07.120Z] Range: bytes=0-1023 -> Serving 1024 bytes for CYANIDE_spotdown.org.mp3
[2026-03-06T17:39:07.123Z] Range: bytes=5592186-5592314 -> Serving 128 bytes for CYANIDE_spotdown.org.mp3
[2026-03-06T17:39:07.127Z] Range: bytes=0-1023 -> Serving 1024 bytes for Dark Red_spotdown.org.mp3
[2026-03-06T17:39:07.132Z] Range: bytes=4963719-4963847 -> Serving 128 bytes for Dark Red_spotdown.org.mp3
[2026-03-06T17:39:07.137Z] Range: bytes=0-1023 -> Serving 1024 bytes for Drama (feat. Drake)_spotdown.org.mp3
[2026-03-06T17:39:07.140Z] Range: bytes=7265013-7265141 -> Serving 128 bytes for Drama (feat. Drake)_spotdown.org.mp3
[2026-03-06T17:39:07.146Z] Range: bytes=0-1023 -> Serving 1024 bytes for Elevate_spotdown.org.mp3
[2026-03-06T17:39:07.157Z] Range: bytes=5531735-5531863 -> Serving 128 bytes for Elevate_spotdown.org.mp3
[2026-03-06T17:39:07.165Z] Range: bytes=0-1023 -> Serving 1024 bytes for Ela É do Tipo (feat. Drake) - Remix_spotdown.org.mp3
[2026-03-06T17:39:07.168Z] Range: bytes=5822010-5822138 -> Serving 128 bytes for Ela É do Tipo (feat. Drake) - Remix_spotdown.org.mp3
[2026-03-06T17:39:07.173Z] Range: bytes=0-115711 -> Serving 115712 bytes for CYANIDE_spotdown.org.mp3
[2026-03-06T17:39:07.175Z] Range: bytes=0-112639 -> Serving 112640 bytes for Dark Red_spotdown.org.mp3
[2026-03-06T17:39:07.181Z] Range: bytes=0-21503 -> Serving 21504 bytes for Drama (feat. Drake)_spotdown.org.mp3
[2026-03-06T17:39:07.190Z] Range: bytes=0-86015 -> Serving 86016 bytes for Elevate_spotdown.org.mp3
[2026-03-06T17:39:07.233Z] Range: bytes=0-228351 -> Serving 228352 bytes for Ela É do Tipo (feat. Drake) - Remix_spotdown.org.mp3
[2026-03-06T17:39:07.320Z] Range: bytes=0-1023 -> Serving 1024 bytes for Emotionless_spotdown.org.mp3
[2026-03-06T17:39:07.325Z] Range: bytes=7019717-7019845 -> Serving 128 bytes for Emotionless_spotdown.org.mp3
[2026-03-06T17:39:07.329Z] Range: bytes=0-1023 -> Serving 1024 bytes for Energy_spotdown.org.mp3
[2026-03-06T17:39:07.336Z] Range: bytes=4842910-4843038 -> Serving 128 bytes for Energy_spotdown.org.mp3
[2026-03-06T17:39:07.338Z] Range: bytes=0-1023 -> Serving 1024 bytes for Evergreen (You Didn’t Deserve Me At All)_spotdown.org.mp3
[2026-03-06T17:39:07.342Z] Range: bytes=6086025-6086153 -> Serving 128 bytes for Evergreen (You Didn’t Deserve Me At All)_spotdown.org.mp3
[2026-03-06T17:39:07.349Z] Range: bytes=0-1023 -> Serving 1024 bytes for Fair Trade (with Travis Scott)_spotdown.org.mp3
[2026-03-06T17:39:07.355Z] Range: bytes=8534605-8534733 -> Serving 128 bytes for Fair Trade (with Travis Scott)_spotdown.org.mp3
[2026-03-06T17:39:07.357Z] Range: bytes=0-1023 -> Serving 1024 bytes for Fake Love_spotdown.org.mp3
[2026-03-06T17:39:07.361Z] Range: bytes=6069277-6069405 -> Serving 128 bytes for Fake Love_spotdown.org.mp3
[2026-03-06T17:39:07.364Z] Range: bytes=0-22527 -> Serving 22528 bytes for Emotionless_spotdown.org.mp3
[2026-03-06T17:39:07.370Z] Range: bytes=0-19455 -> Serving 19456 bytes for Energy_spotdown.org.mp3
[2026-03-06T17:39:07.376Z] Range: bytes=0-14335 -> Serving 14336 bytes for Evergreen (You Didn’t Deserve Me At All)_spotdown.org.mp3
[2026-03-06T17:39:07.384Z] Range: bytes=0-64511 -> Serving 64512 bytes for Fair Trade (with Travis Scott)_spotdown.org.mp3
[2026-03-06T17:39:07.409Z] Range: bytes=0-23551 -> Serving 23552 bytes for Fake Love_spotdown.org.mp3
[2026-03-06T17:39:07.445Z] Range: bytes=0-1023 -> Serving 1024 bytes for Falling Back_spotdown.org.mp3
[2026-03-06T17:39:07.457Z] Range: bytes=8678156-8678284 -> Serving 128 bytes for Falling Back_spotdown.org.mp3
[2026-03-06T17:39:07.459Z] Range: bytes=0-1023 -> Serving 1024 bytes for Fancy_spotdown.org.mp3
[2026-03-06T17:39:07.461Z] Range: bytes=8759798-8759926 -> Serving 128 bytes for Fancy_spotdown.org.mp3
[2026-03-06T17:39:07.465Z] Range: bytes=0-1023 -> Serving 1024 bytes for First Person Shooter (feat. J. Cole)_spotdown.org.mp3
[2026-03-06T17:39:07.468Z] Range: bytes=7053518-7053646 -> Serving 128 bytes for First Person Shooter (feat. J. Cole)_spotdown.org.mp3
[2026-03-06T17:39:07.484Z] Range: bytes=0-1023 -> Serving 1024 bytes for Feel No Ways_spotdown.org.mp3
[2026-03-06T17:39:07.489Z] Range: bytes=488852-488980 -> Serving 128 bytes for Feel No Ways_spotdown.org.mp3
[2026-03-06T17:39:07.494Z] Range: bytes=0-1023 -> Serving 1024 bytes for For Free_spotdown.org.mp3
[2026-03-06T17:39:07.505Z] Range: bytes=5481472-5481600 -> Serving 128 bytes for For Free_spotdown.org.mp3
[2026-03-06T17:39:07.511Z] Range: bytes=0-30719 -> Serving 30720 bytes for Falling Back_spotdown.org.mp3
[2026-03-06T17:39:07.518Z] Range: bytes=0-30719 -> Serving 30720 bytes for Fancy_spotdown.org.mp3
[2026-03-06T17:39:07.527Z] Range: bytes=0-18431 -> Serving 18432 bytes for First Person Shooter (feat. J. Cole)_spotdown.org.mp3
[2026-03-06T17:39:07.538Z] Range: bytes=0-21503 -> Serving 21504 bytes for Feel No Ways_spotdown.org.mp3
[2026-03-06T17:39:07.562Z] Range: bytes=0-40959 -> Serving 40960 bytes for For Free_spotdown.org.mp3
[2026-03-06T17:39:07.605Z] Range: bytes=0-1023 -> Serving 1024 bytes for Gently (feat. Bad Bunny)_spotdown.org.mp3
[2026-03-06T17:39:07.608Z] Range: bytes=3759832-3759960 -> Serving 128 bytes for Gently (feat. Bad Bunny)_spotdown.org.mp3
[2026-03-06T17:39:07.611Z] Range: bytes=0-1023 -> Serving 1024 bytes for Get It Together_spotdown.org.mp3
[2026-03-06T17:39:07.613Z] Range: bytes=7580282-7580410 -> Serving 128 bytes for Get It Together_spotdown.org.mp3
[2026-03-06T17:39:07.617Z] Range: bytes=0-1023 -> Serving 1024 bytes for Get You (feat. Kali Uchis)_spotdown.org.mp3
[2026-03-06T17:39:07.620Z] Range: bytes=7640243-7640371 -> Serving 128 bytes for Get You (feat. Kali Uchis)_spotdown.org.mp3
[2026-03-06T17:39:07.631Z] Range: bytes=0-1023 -> Serving 1024 bytes for Girl With The Tattoo Enter.lewd_spotdown.org.mp3
[2026-03-06T17:39:07.636Z] Range: bytes=2829828-2829956 -> Serving 128 bytes for Girl With The Tattoo Enter.lewd_spotdown.org.mp3
[2026-03-06T17:39:07.638Z] Range: bytes=0-1023 -> Serving 1024 bytes for Girls Need Love (with Drake) - Remix_spotdown.org.mp3
[2026-03-06T17:39:07.639Z] Range: bytes=6393161-6393289 -> Serving 128 bytes for Girls Need Love (with Drake) - Remix_spotdown.org.mp3
[2026-03-06T17:39:07.649Z] Range: bytes=0-18431 -> Serving 18432 bytes for Gently (feat. Bad Bunny)_spotdown.org.mp3
[2026-03-06T17:39:07.654Z] Range: bytes=0-73727 -> Serving 73728 bytes for Get It Together_spotdown.org.mp3
[2026-03-06T17:39:07.656Z] Range: bytes=0-16383 -> Serving 16384 bytes for Get You (feat. Kali Uchis)_spotdown.org.mp3
[2026-03-06T17:39:07.665Z] Range: bytes=0-29695 -> Serving 29696 bytes for Girl With The Tattoo Enter.lewd_spotdown.org.mp3
[2026-03-06T17:39:07.667Z] Range: bytes=0-21503 -> Serving 21504 bytes for Girls Need Love (with Drake) - Remix_spotdown.org.mp3
[2026-03-06T17:39:07.707Z] Range: bytes=0-1023 -> Serving 1024 bytes for Girls Want Girls (with Lil Baby)_spotdown.org.mp3
[2026-03-06T17:39:07.710Z] Range: bytes=6524485-6524613 -> Serving 128 bytes for Girls Want Girls (with Lil Baby)_spotdown.org.mp3
[2026-03-06T17:39:07.713Z] Range: bytes=0-1023 -> Serving 1024 bytes for Give You the World_spotdown.org.mp3
[2026-03-06T17:39:07.716Z] Range: bytes=6969154-6969282 -> Serving 128 bytes for Give You the World_spotdown.org.mp3
[2026-03-06T17:39:07.719Z] Range: bytes=0-1023 -> Serving 1024 bytes for God's Plan_spotdown.org.mp3
[2026-03-06T17:39:07.721Z] Range: bytes=6357433-6357561 -> Serving 128 bytes for God's Plan_spotdown.org.mp3
[2026-03-06T17:39:07.728Z] Range: bytes=0-1023 -> Serving 1024 bytes for Godspeed_spotdown.org.mp3
[2026-03-06T17:39:07.731Z] Range: bytes=5043904-5044032 -> Serving 128 bytes for Godspeed_spotdown.org.mp3
[2026-03-06T17:39:07.734Z] Range: bytes=0-1023 -> Serving 1024 bytes for Going Bad (feat. Drake)_spotdown.org.mp3
[2026-03-06T17:39:07.737Z] Range: bytes=5781220-5781348 -> Serving 128 bytes for Going Bad (feat. Drake)_spotdown.org.mp3
[2026-03-06T17:39:07.741Z] Range: bytes=0-23551 -> Serving 23552 bytes for Girls Want Girls (with Lil Baby)_spotdown.org.mp3
[2026-03-06T17:39:07.744Z] Range: bytes=0-31743 -> Serving 31744 bytes for Give You the World_spotdown.org.mp3
[2026-03-06T17:39:07.750Z] Range: bytes=0-22527 -> Serving 22528 bytes for God's Plan_spotdown.org.mp3
[2026-03-06T17:39:07.752Z] Range: bytes=0-20479 -> Serving 20480 bytes for Godspeed_spotdown.org.mp3
[2026-03-06T17:39:07.774Z] Range: bytes=0-173055 -> Serving 173056 bytes for Going Bad (feat. Drake)_spotdown.org.mp3
[2026-03-06T17:39:07.848Z] Range: bytes=0-1023 -> Serving 1024 bytes for GREECE (feat. Drake)_spotdown.org.mp3
[2026-03-06T17:39:07.852Z] Range: bytes=6040909-6041037 -> Serving 128 bytes for GREECE (feat. Drake)_spotdown.org.mp3
[2026-03-06T17:39:07.858Z] Range: bytes=0-1023 -> Serving 1024 bytes for Headlines_spotdown.org.mp3
[2026-03-06T17:39:07.860Z] Range: bytes=7072323-7072451 -> Serving 128 bytes for Headlines_spotdown.org.mp3
[2026-03-06T17:39:07.861Z] Range: bytes=0-1023 -> Serving 1024 bytes for Her Way_spotdown.org.mp3
[2026-03-06T17:39:07.865Z] Range: bytes=6429457-6429585 -> Serving 128 bytes for Her Way_spotdown.org.mp3
[2026-03-06T17:39:07.873Z] Range: bytes=0-1023 -> Serving 1024 bytes for Hold Me Down_spotdown.org.mp3
[2026-03-06T17:39:07.875Z] Range: bytes=6254602-6254730 -> Serving 128 bytes for Hold Me Down_spotdown.org.mp3
[2026-03-06T17:39:07.882Z] Range: bytes=0-1023 -> Serving 1024 bytes for Hold On, We're Going Home_spotdown.org.mp3
[2026-03-06T17:39:07.885Z] Range: bytes=6790347-6790475 -> Serving 128 bytes for Hold On, We're Going Home_spotdown.org.mp3
[2026-03-06T17:39:07.895Z] Range: bytes=0-57343 -> Serving 57344 bytes for GREECE (feat. Drake)_spotdown.org.mp3
[2026-03-06T17:39:07.900Z] Range: bytes=0-38911 -> Serving 38912 bytes for Headlines_spotdown.org.mp3
[2026-03-06T17:39:07.904Z] Range: bytes=0-41983 -> Serving 41984 bytes for Her Way_spotdown.org.mp3
[2026-03-06T17:39:07.911Z] Range: bytes=0-16383 -> Serving 16384 bytes for Hold Me Down_spotdown.org.mp3
[2026-03-06T17:39:07.920Z] Range: bytes=0-25599 -> Serving 25600 bytes for Hold On, We're Going Home_spotdown.org.mp3
[2026-03-06T17:39:07.976Z] Range: bytes=0-1023 -> Serving 1024 bytes for Hotline Bling_spotdown.org.mp3
[2026-03-06T17:39:07.984Z] Range: bytes=3866148-3866276 -> Serving 128 bytes for Hotline Bling_spotdown.org.mp3
[2026-03-06T17:39:07.986Z] Range: bytes=0-1023 -> Serving 1024 bytes for I'M ON ONE (feat. Drake)_spotdown.org.mp3
[2026-03-06T17:39:07.988Z] Range: bytes=6950200-6950328 -> Serving 128 bytes for I'M ON ONE (feat. Drake)_spotdown.org.mp3
[2026-03-06T17:39:07.991Z] Range: bytes=0-1023 -> Serving 1024 bytes for I'm Upset_spotdown.org.mp3
[2026-03-06T17:39:07.992Z] Range: bytes=6293819-6293947 -> Serving 128 bytes for I'm Upset_spotdown.org.mp3
[2026-03-06T17:39:08.000Z] Range: bytes=0-1023 -> Serving 1024 bytes for IDGAF (feat. Yeat)_spotdown.org.mp3
[2026-03-06T17:39:08.004Z] Range: bytes=7378016-7378144 -> Serving 128 bytes for IDGAF (feat. Yeat)_spotdown.org.mp3
[2026-03-06T17:39:08.006Z] Range: bytes=0-1023 -> Serving 1024 bytes for In My Feelings_spotdown.org.mp3
[2026-03-06T17:39:08.009Z] Range: bytes=6004215-6004343 -> Serving 128 bytes for In My Feelings_spotdown.org.mp3
[2026-03-06T17:39:08.018Z] Range: bytes=0-21503 -> Serving 21504 bytes for Hotline Bling_spotdown.org.mp3
[2026-03-06T17:39:08.019Z] Range: bytes=0-23551 -> Serving 23552 bytes for I'M ON ONE (feat. Drake)_spotdown.org.mp3
[2026-03-06T17:39:08.023Z] Range: bytes=0-86015 -> Serving 86016 bytes for I'm Upset_spotdown.org.mp3
[2026-03-06T17:39:08.033Z] Range: bytes=0-18431 -> Serving 18432 bytes for IDGAF (feat. Yeat)_spotdown.org.mp3
[2026-03-06T17:39:08.036Z] Range: bytes=0-86015 -> Serving 86016 bytes for In My Feelings_spotdown.org.mp3
[2026-03-06T17:39:08.077Z] Range: bytes=0-1023 -> Serving 1024 bytes for In The Bible (with Lil Durk & Giveon)_spotdown.org.mp3
[2026-03-06T17:39:08.081Z] Range: bytes=8811152-8811280 -> Serving 128 bytes for In The Bible (with Lil Durk & Giveon)_spotdown.org.mp3
[2026-03-06T17:39:08.084Z] Range: bytes=0-1023 -> Serving 1024 bytes for Infrunami_spotdown.org.mp3
[2026-03-06T17:39:08.086Z] Range: bytes=4449858-4449986 -> Serving 128 bytes for Infrunami_spotdown.org.mp3
[2026-03-06T17:39:08.088Z] Range: bytes=0-1023 -> Serving 1024 bytes for Ivy_spotdown.org.mp3
[2026-03-06T17:39:08.089Z] Range: bytes=7533685-7533813 -> Serving 128 bytes for Ivy_spotdown.org.mp3
[2026-03-06T17:39:08.101Z] Range: bytes=0-1023 -> Serving 1024 bytes for Jaded_spotdown.org.mp3
[2026-03-06T17:39:08.103Z] Range: bytes=8448464-8448592 -> Serving 128 bytes for Jaded_spotdown.org.mp3
[2026-03-06T17:39:08.104Z] Range: bytes=0-1023 -> Serving 1024 bytes for Japanese Denim_spotdown.org.mp3
[2026-03-06T17:39:08.106Z] Range: bytes=7619790-7619918 -> Serving 128 bytes for Japanese Denim_spotdown.org.mp3
[2026-03-06T17:39:08.108Z] Range: bytes=0-23551 -> Serving 23552 bytes for In The Bible (with Lil Durk & Giveon)_spotdown.org.mp3
[2026-03-06T17:39:08.121Z] Range: bytes=0-37887 -> Serving 37888 bytes for Infrunami_spotdown.org.mp3
[2026-03-06T17:39:08.125Z] Range: bytes=0-20479 -> Serving 20480 bytes for Ivy_spotdown.org.mp3
[2026-03-06T17:39:08.135Z] Range: bytes=0-47103 -> Serving 47104 bytes for Japanese Denim_spotdown.org.mp3
[2026-03-06T17:39:08.138Z] Range: bytes=0-22527 -> Serving 22528 bytes for Jaded_spotdown.org.mp3
[2026-03-06T17:39:08.187Z] Range: bytes=0-1023 -> Serving 1024 bytes for Jimmy Cooks (feat. 21 Savage)_spotdown.org.mp3
[2026-03-06T17:39:08.190Z] Range: bytes=6590588-6590716 -> Serving 128 bytes for Jimmy Cooks (feat. 21 Savage)_spotdown.org.mp3
[2026-03-06T17:39:08.193Z] Range: bytes=0-1023 -> Serving 1024 bytes for Jumpman_spotdown.org.mp3
[2026-03-06T17:39:08.204Z] Range: bytes=0-1023 -> Serving 1024 bytes for Knife Talk (with 21 Savage ft. Project Pat)_spotdown.org.mp3
[2026-03-06T17:39:08.206Z] Range: bytes=6159467-6159595 -> Serving 128 bytes for Jumpman_spotdown.org.mp3
[2026-03-06T17:39:08.214Z] Range: bytes=0-1023 -> Serving 1024 bytes for Know Yourself_spotdown.org.mp3
[2026-03-06T17:39:08.217Z] Range: bytes=7371250-7371378 -> Serving 128 bytes for Knife Talk (with 21 Savage ft. Project Pat)_spotdown.org.mp3
[2026-03-06T17:39:08.223Z] Range: bytes=6816421-6816549 -> Serving 128 bytes for Know Yourself_spotdown.org.mp3
[2026-03-06T17:39:08.231Z] Range: bytes=0-1023 -> Serving 1024 bytes for Laugh Now Cry Later (feat. Lil Durk)_spotdown.org.mp3
[2026-03-06T17:39:08.238Z] Range: bytes=7313975-7314103 -> Serving 128 bytes for Laugh Now Cry Later (feat. Lil Durk)_spotdown.org.mp3
[2026-03-06T17:39:08.240Z] Range: bytes=0-30719 -> Serving 30720 bytes for Jimmy Cooks (feat. 21 Savage)_spotdown.org.mp3
[2026-03-06T17:39:08.243Z] Range: bytes=0-45055 -> Serving 45056 bytes for Jumpman_spotdown.org.mp3
[2026-03-06T17:39:08.247Z] Range: bytes=0-23551 -> Serving 23552 bytes for Knife Talk (with 21 Savage ft. Project Pat)_spotdown.org.mp3
[2026-03-06T17:39:08.255Z] Range: bytes=0-53247 -> Serving 53248 bytes for Know Yourself_spotdown.org.mp3
[2026-03-06T17:39:08.294Z] Range: bytes=0-34815 -> Serving 34816 bytes for Laugh Now Cry Later (feat. Lil Durk)_spotdown.org.mp3
[2026-03-06T17:39:08.333Z] Range: bytes=0-1023 -> Serving 1024 bytes for Legend_spotdown.org.mp3
[2026-03-06T17:39:08.335Z] Range: bytes=7423289-7423417 -> Serving 128 bytes for Legend_spotdown.org.mp3
[2026-03-06T17:39:08.338Z] Range: bytes=0-1023 -> Serving 1024 bytes for Life Is Good (feat. Drake)_spotdown.org.mp3
[2026-03-06T17:39:08.341Z] Range: bytes=6962900-6963028 -> Serving 128 bytes for Life Is Good (feat. Drake)_spotdown.org.mp3
[2026-03-06T17:39:08.344Z] Range: bytes=0-1023 -> Serving 1024 bytes for Look Alive (feat. Drake)_spotdown.org.mp3
[2026-03-06T17:39:08.348Z] Range: bytes=5384505-5384633 -> Serving 128 bytes for Look Alive (feat. Drake)_spotdown.org.mp3
[2026-03-06T17:39:08.354Z] Range: bytes=0-1023 -> Serving 1024 bytes for Loose_spotdown.org.mp3
[2026-03-06T17:39:08.360Z] Range: bytes=4579606-4579734 -> Serving 128 bytes for Loose_spotdown.org.mp3
[2026-03-06T17:39:08.364Z] Range: bytes=0-1023 -> Serving 1024 bytes for Lost_spotdown.org.mp3
[2026-03-06T17:39:08.366Z] Range: bytes=6958074-6958202 -> Serving 128 bytes for Lost_spotdown.org.mp3
[2026-03-06T17:39:08.369Z] Range: bytes=0-19455 -> Serving 19456 bytes for Legend_spotdown.org.mp3
[2026-03-06T17:39:08.370Z] Range: bytes=0-39935 -> Serving 39936 bytes for Life Is Good (feat. Drake)_spotdown.org.mp3
[2026-03-06T17:39:08.380Z] Range: bytes=0-69631 -> Serving 69632 bytes for Look Alive (feat. Drake)_spotdown.org.mp3
[2026-03-06T17:39:08.420Z] Range: bytes=0-21503 -> Serving 21504 bytes for Lost_spotdown.org.mp3
[2026-03-06T17:39:08.422Z] Range: bytes=0-84991 -> Serving 84992 bytes for Loose_spotdown.org.mp3
[2026-03-06T17:39:08.456Z] Range: bytes=0-1023 -> Serving 1024 bytes for Love Is Only a Feeling_spotdown.org.mp3
[2026-03-06T17:39:08.458Z] Range: bytes=3860145-3860273 -> Serving 128 bytes for Love Is Only a Feeling_spotdown.org.mp3
[2026-03-06T17:39:08.460Z] Range: bytes=0-1023 -> Serving 1024 bytes for LOVE. FEAT. ZACARI._spotdown.org.mp3
[2026-03-06T17:39:08.465Z] Range: bytes=5989775-5989903 -> Serving 128 bytes for LOVE. FEAT. ZACARI._spotdown.org.mp3
[2026-03-06T17:39:08.466Z] Range: bytes=0-1023 -> Serving 1024 bytes for Major Distribution_spotdown.org.mp3
[2026-03-06T17:39:08.468Z] Range: bytes=4365605-4365733 -> Serving 128 bytes for Major Distribution_spotdown.org.mp3
[2026-03-06T17:39:08.480Z] Range: bytes=0-1023 -> Serving 1024 bytes for Marvins Room_spotdown.org.mp3
[2026-03-06T17:39:08.483Z] Range: bytes=9286084-9286212 -> Serving 128 bytes for Marvins Room_spotdown.org.mp3
[2026-03-06T17:39:08.485Z] Range: bytes=0-1023 -> Serving 1024 bytes for Massive_spotdown.org.mp3
[2026-03-06T17:39:08.486Z] Range: bytes=9938064-9938192 -> Serving 128 bytes for Massive_spotdown.org.mp3
[2026-03-06T17:39:08.494Z] Range: bytes=0-41983 -> Serving 41984 bytes for Love Is Only a Feeling_spotdown.org.mp3
[2026-03-06T17:39:08.498Z] Range: bytes=0-32767 -> Serving 32768 bytes for LOVE. FEAT. ZACARI._spotdown.org.mp3
[2026-03-06T17:39:08.507Z] Range: bytes=0-33791 -> Serving 33792 bytes for Major Distribution_spotdown.org.mp3
[2026-03-06T17:39:08.509Z] Range: bytes=0-38911 -> Serving 38912 bytes for Marvins Room_spotdown.org.mp3
[2026-03-06T17:39:08.541Z] Range: bytes=0-96255 -> Serving 96256 bytes for Massive_spotdown.org.mp3
[2026-03-06T17:39:08.575Z] Range: bytes=0-1023 -> Serving 1024 bytes for MELTDOWN (feat. Drake)_spotdown.org.mp3
[2026-03-06T17:39:08.578Z] Range: bytes=7095525-7095653 -> Serving 128 bytes for MELTDOWN (feat. Drake)_spotdown.org.mp3
[2026-03-06T17:39:08.583Z] Range: bytes=0-1023 -> Serving 1024 bytes for MIA (feat. Drake)_spotdown.org.mp3
[2026-03-06T17:39:08.587Z] Range: bytes=6194048-6194176 -> Serving 128 bytes for MIA (feat. Drake)_spotdown.org.mp3
[2026-03-06T17:39:08.589Z] Range: bytes=0-1023 -> Serving 1024 bytes for Middle of the Ocean_spotdown.org.mp3
[2026-03-06T17:39:08.592Z] Range: bytes=5536043-5536171 -> Serving 128 bytes for Middle of the Ocean_spotdown.org.mp3
[2026-03-06T17:39:08.598Z] Range: bytes=0-1023 -> Serving 1024 bytes for Mob Ties_spotdown.org.mp3
[2026-03-06T17:39:08.603Z] Range: bytes=5722529-5722657 -> Serving 128 bytes for Mob Ties_spotdown.org.mp3
[2026-03-06T17:39:08.608Z] Range: bytes=0-1023 -> Serving 1024 bytes for Money In The Grave (Drake ft. Rick Ross)_spotdown.org.mp3
[2026-03-06T17:39:08.609Z] Range: bytes=6132187-6132315 -> Serving 128 bytes for Money In The Grave (Drake ft. Rick Ross)_spotdown.org.mp3
[2026-03-06T17:39:08.611Z] Range: bytes=0-9215 -> Serving 9216 bytes for MELTDOWN (feat. Drake)_spotdown.org.mp3
[2026-03-06T17:39:08.617Z] Range: bytes=0-16383 -> Serving 16384 bytes for MIA (feat. Drake)_spotdown.org.mp3
[2026-03-06T17:39:08.620Z] Range: bytes=0-33791 -> Serving 33792 bytes for Middle of the Ocean_spotdown.org.mp3
[2026-03-06T17:39:08.625Z] Range: bytes=0-22527 -> Serving 22528 bytes for Mob Ties_spotdown.org.mp3
[2026-03-06T17:39:08.640Z] Range: bytes=0-16383 -> Serving 16384 bytes for Money In The Grave (Drake ft. Rick Ross)_spotdown.org.mp3
[2026-03-06T17:39:08.656Z] Range: bytes=0-1023 -> Serving 1024 bytes for Mr. Right Now (feat. Drake)_spotdown.org.mp3
[2026-03-06T17:39:08.659Z] Range: bytes=6585681-6585809 -> Serving 128 bytes for Mr. Right Now (feat. Drake)_spotdown.org.mp3
[2026-03-06T17:39:08.661Z] Range: bytes=0-1023 -> Serving 1024 bytes for My Way (feat. Monty)_spotdown.org.mp3
[2026-03-06T17:39:08.663Z] Range: bytes=6429737-6429865 -> Serving 128 bytes for My Way (feat. Monty)_spotdown.org.mp3
[2026-03-06T17:39:08.666Z] Range: bytes=0-1023 -> Serving 1024 bytes for N Side_spotdown.org.mp3
[2026-03-06T17:39:08.669Z] Range: bytes=7446338-7446466 -> Serving 128 bytes for N Side_spotdown.org.mp3
[2026-03-06T17:39:08.673Z] Range: bytes=0-1023 -> Serving 1024 bytes for Needle (feat. Drake)_spotdown.org.mp3
[2026-03-06T17:39:08.677Z] Range: bytes=7204589-7204717 -> Serving 128 bytes for Needle (feat. Drake)_spotdown.org.mp3
[2026-03-06T17:39:08.679Z] Range: bytes=0-1023 -> Serving 1024 bytes for Nice For What_spotdown.org.mp3
[2026-03-06T17:39:08.682Z] Range: bytes=5995567-5995695 -> Serving 128 bytes for Nice For What_spotdown.org.mp3
[2026-03-06T17:39:08.687Z] Range: bytes=0-70655 -> Serving 70656 bytes for Mr. Right Now (feat. Drake)_spotdown.org.mp3
[2026-03-06T17:39:08.688Z] Range: bytes=0-113663 -> Serving 113664 bytes for My Way (feat. Monty)_spotdown.org.mp3
[2026-03-06T17:39:08.693Z] Range: bytes=0-20479 -> Serving 20480 bytes for N Side_spotdown.org.mp3
[2026-03-06T17:39:08.698Z] Range: bytes=0-127999 -> Serving 128000 bytes for Needle (feat. Drake)_spotdown.org.mp3
[2026-03-06T17:39:08.702Z] Range: bytes=0-22527 -> Serving 22528 bytes for Nice For What_spotdown.org.mp3
[2026-03-06T17:39:08.781Z] Range: bytes=0-1023 -> Serving 1024 bytes for Nights_spotdown.org.mp3
[2026-03-06T17:39:08.784Z] Range: bytes=8998451-8998579 -> Serving 128 bytes for Nights_spotdown.org.mp3
[2026-03-06T17:39:08.786Z] Range: bytes=0-1023 -> Serving 1024 bytes for No Guidance (feat. Drake)_spotdown.org.mp3
[2026-03-06T17:39:08.788Z] Range: bytes=7199968-7200096 -> Serving 128 bytes for No Guidance (feat. Drake)_spotdown.org.mp3
[2026-03-06T17:39:08.790Z] Range: bytes=0-1023 -> Serving 1024 bytes for Nonstop_spotdown.org.mp3
[2026-03-06T17:39:08.793Z] Range: bytes=6712667-6712795 -> Serving 128 bytes for Nonstop_spotdown.org.mp3
[2026-03-06T17:39:08.799Z] Range: bytes=0-1023 -> Serving 1024 bytes for Not You Too (feat. Chris Brown)_spotdown.org.mp3
[2026-03-06T17:39:08.803Z] Range: bytes=7665210-7665338 -> Serving 128 bytes for Not You Too (feat. Chris Brown)_spotdown.org.mp3
[2026-03-06T17:39:08.807Z] Range: bytes=0-1023 -> Serving 1024 bytes for Omertà_spotdown.org.mp3
[2026-03-06T17:39:08.808Z] Range: bytes=6524785-6524913 -> Serving 128 bytes for Omertà_spotdown.org.mp3
[2026-03-06T17:39:08.810Z] Range: bytes=0-82943 -> Serving 82944 bytes for Nights_spotdown.org.mp3
[2026-03-06T17:39:08.815Z] Range: bytes=0-129023 -> Serving 129024 bytes for No Guidance (feat. Drake)_spotdown.org.mp3
[2026-03-06T17:39:08.820Z] Range: bytes=0-22527 -> Serving 22528 bytes for Nonstop_spotdown.org.mp3
[2026-03-06T17:39:08.824Z] Range: bytes=0-41983 -> Serving 41984 bytes for Not You Too (feat. Chris Brown)_spotdown.org.mp3
[2026-03-06T17:39:08.865Z] Range: bytes=0-16383 -> Serving 16384 bytes for Omertà_spotdown.org.mp3
[2026-03-06T17:39:08.885Z] Range: bytes=0-1023 -> Serving 1024 bytes for On BS_spotdown.org.mp3
[2026-03-06T17:39:08.888Z] Range: bytes=0-1023 -> Serving 1024 bytes for One Dance_spotdown.org.mp3
[2026-03-06T17:39:08.890Z] Range: bytes=7266820-7266948 -> Serving 128 bytes for On BS_spotdown.org.mp3
[2026-03-06T17:39:08.892Z] Range: bytes=121250-121378 -> Serving 128 bytes for One Dance_spotdown.org.mp3
[2026-03-06T17:39:08.896Z] Range: bytes=0-1023 -> Serving 1024 bytes for One Night Only_spotdown.org.mp3
[2026-03-06T17:39:08.899Z] Range: bytes=5993211-5993339 -> Serving 128 bytes for One Night Only_spotdown.org.mp3
[2026-03-06T17:39:08.907Z] Range: bytes=0-1023 -> Serving 1024 bytes for Passionfruit_spotdown.org.mp3
[2026-03-06T17:39:08.909Z] Range: bytes=8894277-8894405 -> Serving 128 bytes for Passionfruit_spotdown.org.mp3
[2026-03-06T17:39:08.910Z] Range: bytes=0-1023 -> Serving 1024 bytes for Peak_spotdown.org.mp3
[2026-03-06T17:39:08.912Z] Range: bytes=6251988-6252116 -> Serving 128 bytes for Peak_spotdown.org.mp3
[2026-03-06T17:39:08.923Z] Range: bytes=0-133119 -> Serving 133120 bytes for On BS_spotdown.org.mp3
[2026-03-06T17:39:08.925Z] Range: bytes=0-21503 -> Serving 21504 bytes for One Dance_spotdown.org.mp3
[2026-03-06T17:39:08.932Z] Range: bytes=0-109567 -> Serving 109568 bytes for One Night Only_spotdown.org.mp3
[2026-03-06T17:39:08.936Z] Range: bytes=0-23551 -> Serving 23552 bytes for Passionfruit_spotdown.org.mp3
[2026-03-06T17:39:08.941Z] Range: bytes=0-22527 -> Serving 22528 bytes for Peak_spotdown.org.mp3
[2026-03-06T17:39:08.990Z] Range: bytes=0-1023 -> Serving 1024 bytes for Pink + White_spotdown.org.mp3
[2026-03-06T17:39:08.992Z] Range: bytes=5568324-5568452 -> Serving 128 bytes for Pink + White_spotdown.org.mp3
[2026-03-06T17:39:08.993Z] Range: bytes=0-1023 -> Serving 1024 bytes for Pink Matter_spotdown.org.mp3
[2026-03-06T17:39:08.995Z] Range: bytes=7174002-7174130 -> Serving 128 bytes for Pink Matter_spotdown.org.mp3
[2026-03-06T17:39:08.999Z] Range: bytes=0-1023 -> Serving 1024 bytes for POPSTAR (feat. Drake)_spotdown.org.mp3
[2026-03-06T17:39:09.002Z] Range: bytes=5036815-5036943 -> Serving 128 bytes for POPSTAR (feat. Drake)_spotdown.org.mp3
[2026-03-06T17:39:09.005Z] Range: bytes=0-1023 -> Serving 1024 bytes for Push Ups_spotdown.org.mp3
[2026-03-06T17:39:09.008Z] Range: bytes=6396747-6396875 -> Serving 128 bytes for Push Ups_spotdown.org.mp3
[2026-03-06T17:39:09.012Z] Range: bytes=0-1023 -> Serving 1024 bytes for Pussy & Millions (feat. Travis Scott)_spotdown.org.mp3
[2026-03-06T17:39:09.015Z] Range: bytes=2160278-2160406 -> Serving 128 bytes for Pussy & Millions (feat. Travis Scott)_spotdown.org.mp3
[2026-03-06T17:39:09.018Z] Range: bytes=0-20479 -> Serving 20480 bytes for Pink + White_spotdown.org.mp3
[2026-03-06T17:39:09.021Z] Range: bytes=0-22527 -> Serving 22528 bytes for Pink Matter_spotdown.org.mp3
[2026-03-06T17:39:09.026Z] Range: bytes=0-55295 -> Serving 55296 bytes for POPSTAR (feat. Drake)_spotdown.org.mp3
[2026-03-06T17:39:09.031Z] Range: bytes=0-102399 -> Serving 102400 bytes for Push Ups_spotdown.org.mp3
[2026-03-06T17:39:09.065Z] Range: bytes=0-33791 -> Serving 33792 bytes for Pussy & Millions (feat. Travis Scott)_spotdown.org.mp3
[2026-03-06T17:39:09.086Z] Range: bytes=0-1023 -> Serving 1024 bytes for Recognize (feat. Drake)_spotdown.org (1).mp3
[2026-03-06T17:39:09.088Z] Range: bytes=9251871-9251999 -> Serving 128 bytes for Recognize (feat. Drake)_spotdown.org (1).mp3
[2026-03-06T17:39:09.090Z] Range: bytes=0-1023 -> Serving 1024 bytes for Recognize (feat. Drake)_spotdown.org.mp3
[2026-03-06T17:39:09.093Z] Range: bytes=9223868-9223996 -> Serving 128 bytes for Recognize (feat. Drake)_spotdown.org.mp3
[2026-03-06T17:39:09.095Z] Range: bytes=0-1023 -> Serving 1024 bytes for Rich Baby Daddy (feat. Sexyy Red & SZA)_spotdown.org.mp3
[2026-03-06T17:39:09.099Z] Range: bytes=9544906-9545034 -> Serving 128 bytes for Rich Baby Daddy (feat. Sexyy Red & SZA)_spotdown.org.mp3
[2026-03-06T17:39:09.105Z] Range: bytes=0-1023 -> Serving 1024 bytes for Rich Flex_spotdown.org.mp3
[2026-03-06T17:39:09.108Z] Range: bytes=6970132-6970260 -> Serving 128 bytes for Rich Flex_spotdown.org.mp3
[2026-03-06T17:39:09.109Z] Range: bytes=0-1023 -> Serving 1024 bytes for Sativa_spotdown.org.mp3
[2026-03-06T17:39:09.115Z] Range: bytes=8435046-8435174 -> Serving 128 bytes for Sativa_spotdown.org.mp3
[2026-03-06T17:39:09.118Z] Range: bytes=0-41983 -> Serving 41984 bytes for Recognize (feat. Drake)_spotdown.org (1).mp3
[2026-03-06T17:39:09.122Z] Range: bytes=0-14335 -> Serving 14336 bytes for Recognize (feat. Drake)_spotdown.org.mp3
[2026-03-06T17:39:09.144Z] Range: bytes=0-18431 -> Serving 18432 bytes for Rich Baby Daddy (feat. Sexyy Red & SZA)_spotdown.org.mp3
[2026-03-06T17:39:09.147Z] Range: bytes=0-132095 -> Serving 132096 bytes for Rich Flex_spotdown.org.mp3
[2026-03-06T17:39:09.176Z] Range: bytes=0-214015 -> Serving 214016 bytes for Sativa_spotdown.org.mp3
[2026-03-06T17:39:09.238Z] Range: bytes=0-1023 -> Serving 1024 bytes for Search & Rescue_spotdown.org.mp3
[2026-03-06T17:39:09.240Z] Range: bytes=7666337-7666465 -> Serving 128 bytes for Search & Rescue_spotdown.org.mp3
[2026-03-06T17:39:09.241Z] Range: bytes=0-1023 -> Serving 1024 bytes for Self Control_spotdown.org.mp3
[2026-03-06T17:39:09.244Z] Range: bytes=6616223-6616351 -> Serving 128 bytes for Self Control_spotdown.org.mp3
[2026-03-06T17:39:09.249Z] Range: bytes=0-1023 -> Serving 1024 bytes for She_spotdown.org.mp3
[2026-03-06T17:39:09.253Z] Range: bytes=7372052-7372180 -> Serving 128 bytes for She_spotdown.org.mp3
[2026-03-06T17:39:09.257Z] Range: bytes=0-1023 -> Serving 1024 bytes for Shot For Me_spotdown.org.mp3
[2026-03-06T17:39:09.258Z] Range: bytes=6146179-6146307 -> Serving 128 bytes for Shot For Me_spotdown.org.mp3
[2026-03-06T17:39:09.259Z] Range: bytes=0-1023 -> Serving 1024 bytes for SICKO MODE_spotdown.org.mp3
[2026-03-06T17:39:09.264Z] Range: bytes=9408955-9409083 -> Serving 128 bytes for SICKO MODE_spotdown.org.mp3
[2026-03-06T17:39:09.269Z] Range: bytes=0-12287 -> Serving 12288 bytes for Search & Rescue_spotdown.org.mp3
[2026-03-06T17:39:09.272Z] Range: bytes=0-82943 -> Serving 82944 bytes for Self Control_spotdown.org.mp3
[2026-03-06T17:39:09.277Z] Range: bytes=0-147455 -> Serving 147456 bytes for She_spotdown.org.mp3
[2026-03-06T17:39:09.286Z] Range: bytes=0-38911 -> Serving 38912 bytes for Shot For Me_spotdown.org.mp3
[2026-03-06T17:39:09.325Z] Range: bytes=0-185343 -> Serving 185344 bytes for SICKO MODE_spotdown.org.mp3
[2026-03-06T17:39:09.362Z] Range: bytes=0-1023 -> Serving 1024 bytes for Sideways_spotdown.org.mp3
[2026-03-06T17:39:09.366Z] Range: bytes=8261138-8261266 -> Serving 128 bytes for Sideways_spotdown.org.mp3
[2026-03-06T17:39:09.368Z] Range: bytes=0-1023 -> Serving 1024 bytes for Slide (feat. Frank Ocean & Migos)_spotdown.org.mp3
[2026-03-06T17:39:09.371Z] Range: bytes=6869276-6869404 -> Serving 128 bytes for Slide (feat. Frank Ocean & Migos)_spotdown.org.mp3
[2026-03-06T17:39:09.375Z] Range: bytes=0-1023 -> Serving 1024 bytes for Slime You Out (feat. SZA)_spotdown.org.mp3
[2026-03-06T17:39:09.377Z] Range: bytes=8438087-8438215 -> Serving 128 bytes for Slime You Out (feat. SZA)_spotdown.org.mp3
[2026-03-06T17:39:09.382Z] Range: bytes=0-1023 -> Serving 1024 bytes for SLOW DANCING IN THE DARK_spotdown.org.mp3
[2026-03-06T17:39:09.385Z] Range: bytes=5685187-5685315 -> Serving 128 bytes for SLOW DANCING IN THE DARK_spotdown.org.mp3
[2026-03-06T17:39:09.387Z] Range: bytes=0-1023 -> Serving 1024 bytes for Small Worlds_spotdown.org.mp3
[2026-03-06T17:39:09.389Z] Range: bytes=8102302-8102430 -> Serving 128 bytes for Small Worlds_spotdown.org.mp3
[2026-03-06T17:39:09.393Z] Range: bytes=0-178175 -> Serving 178176 bytes for Sideways_spotdown.org.mp3
[2026-03-06T17:39:09.398Z] Range: bytes=0-28671 -> Serving 28672 bytes for Slide (feat. Frank Ocean & Migos)_spotdown.org.mp3
[2026-03-06T17:39:09.404Z] Range: bytes=0-75775 -> Serving 75776 bytes for Slime You Out (feat. SZA)_spotdown.org.mp3
[2026-03-06T17:39:09.406Z] Range: bytes=0-121855 -> Serving 121856 bytes for SLOW DANCING IN THE DARK_spotdown.org.mp3
[2026-03-06T17:39:09.449Z] Range: bytes=0-11263 -> Serving 11264 bytes for Small Worlds_spotdown.org.mp3
[2026-03-06T17:39:09.475Z] Range: bytes=0-1023 -> Serving 1024 bytes for Sooner Than Later_spotdown.org.mp3
[2026-03-06T17:39:09.478Z] Range: bytes=7020264-7020392 -> Serving 128 bytes for Sooner Than Later_spotdown.org.mp3
[2026-03-06T17:39:09.481Z] Range: bytes=0-1023 -> Serving 1024 bytes for Spin Bout U_spotdown.org.mp3
[2026-03-06T17:39:09.483Z] Range: bytes=6578004-6578132 -> Serving 128 bytes for Spin Bout U_spotdown.org.mp3
[2026-03-06T17:39:09.485Z] Range: bytes=0-1023 -> Serving 1024 bytes for Started From the Bottom_spotdown.org.mp3
[2026-03-06T17:39:09.488Z] Range: bytes=4743159-4743287 -> Serving 128 bytes for Started From the Bottom_spotdown.org.mp3
[2026-03-06T17:39:09.491Z] Range: bytes=0-1023 -> Serving 1024 bytes for Sticky_spotdown.org.mp3
[2026-03-06T17:39:09.499Z] Range: bytes=7108308-7108436 -> Serving 128 bytes for Sticky_spotdown.org.mp3
[2026-03-06T17:39:09.500Z] Range: bytes=0-1023 -> Serving 1024 bytes for Sunday (feat. Frank Ocean)_spotdown.org.mp3
[2026-03-06T17:39:09.502Z] Range: bytes=6307517-6307645 -> Serving 128 bytes for Sunday (feat. Frank Ocean)_spotdown.org.mp3
[2026-03-06T17:39:09.504Z] Range: bytes=0-11263 -> Serving 11264 bytes for Sooner Than Later_spotdown.org.mp3
[2026-03-06T17:39:09.507Z] Range: bytes=0-133119 -> Serving 133120 bytes for Spin Bout U_spotdown.org.mp3
[2026-03-06T17:39:09.515Z] Range: bytes=0-25599 -> Serving 25600 bytes for Started From the Bottom_spotdown.org.mp3
[2026-03-06T17:39:09.543Z] Range: bytes=0-30719 -> Serving 30720 bytes for Sticky_spotdown.org.mp3
[2026-03-06T17:39:09.546Z] Range: bytes=0-30719 -> Serving 30720 bytes for Sunday (feat. Frank Ocean)_spotdown.org.mp3
[2026-03-06T17:39:09.572Z] Range: bytes=0-1023 -> Serving 1024 bytes for Sunshine (feat. Fousheé)_spotdown.org.mp3
[2026-03-06T17:39:09.575Z] Range: bytes=9559776-9559904 -> Serving 128 bytes for Sunshine (feat. Fousheé)_spotdown.org.mp3
[2026-03-06T17:39:09.577Z] Range: bytes=0-1023 -> Serving 1024 bytes for Super Rich Kids_spotdown.org.mp3
[2026-03-06T17:39:09.580Z] Range: bytes=8814909-8815037 -> Serving 128 bytes for Super Rich Kids_spotdown.org.mp3
[2026-03-06T17:39:09.582Z] Range: bytes=0-1023 -> Serving 1024 bytes for Superpower (feat. Frank Ocean)_spotdown.org.mp3
[2026-03-06T17:39:09.585Z] Range: bytes=7987819-7987947 -> Serving 128 bytes for Superpower (feat. Frank Ocean)_spotdown.org.mp3
[2026-03-06T17:39:09.588Z] Range: bytes=0-1023 -> Serving 1024 bytes for Superpowers_spotdown.org.mp3
[2026-03-06T17:39:09.595Z] Range: bytes=5118888-5119016 -> Serving 128 bytes for Superpowers_spotdown.org.mp3
[2026-03-06T17:39:09.598Z] Range: bytes=0-1023 -> Serving 1024 bytes for Sure Thing_spotdown.org.mp3
[2026-03-06T17:39:09.600Z] Range: bytes=5995909-5996037 -> Serving 128 bytes for Sure Thing_spotdown.org.mp3
[2026-03-06T17:39:09.604Z] Range: bytes=0-31743 -> Serving 31744 bytes for Sunshine (feat. Fousheé)_spotdown.org.mp3
[2026-03-06T17:39:09.607Z] Range: bytes=0-22527 -> Serving 22528 bytes for Super Rich Kids_spotdown.org.mp3
[2026-03-06T17:39:09.611Z] Range: bytes=0-7167 -> Serving 7168 bytes for Superpower (feat. Frank Ocean)_spotdown.org.mp3
[2026-03-06T17:39:09.617Z] Range: bytes=0-33791 -> Serving 33792 bytes for Superpowers_spotdown.org.mp3
[2026-03-06T17:39:09.637Z] Range: bytes=0-29695 -> Serving 29696 bytes for Sure Thing_spotdown.org.mp3
[2026-03-06T17:39:09.672Z] Range: bytes=0-1023 -> Serving 1024 bytes for Talk Up (feat. Jay-Z)_spotdown.org.mp3
[2026-03-06T17:39:09.675Z] Range: bytes=3655528-3655656 -> Serving 128 bytes for Talk Up (feat. Jay-Z)_spotdown.org.mp3
[2026-03-06T17:39:09.677Z] Range: bytes=0-1023 -> Serving 1024 bytes for That’s How You Feel_spotdown.org.mp3
[2026-03-06T17:39:09.681Z] Range: bytes=4297087-4297215 -> Serving 128 bytes for That’s How You Feel_spotdown.org.mp3
[2026-03-06T17:39:09.683Z] Range: bytes=0-1023 -> Serving 1024 bytes for The Motto_spotdown.org.mp3
[2026-03-06T17:39:09.686Z] Range: bytes=4927975-4928103 -> Serving 128 bytes for The Motto_spotdown.org.mp3
[2026-03-06T17:39:09.689Z] Range: bytes=0-1023 -> Serving 1024 bytes for Thinkin Bout You_spotdown.org.mp3
[2026-03-06T17:39:09.693Z] Range: bytes=5861879-5862007 -> Serving 128 bytes for Thinkin Bout You_spotdown.org.mp3
[2026-03-06T17:39:09.699Z] Range: bytes=0-1023 -> Serving 1024 bytes for Too Fast_spotdown.org.mp3
[2026-03-06T17:39:09.701Z] Range: bytes=8615192-8615320 -> Serving 128 bytes for Too Fast_spotdown.org.mp3
[2026-03-06T17:39:09.704Z] Range: bytes=0-22527 -> Serving 22528 bytes for Talk Up (feat. Jay-Z)_spotdown.org.mp3
[2026-03-06T17:39:09.708Z] Range: bytes=0-22527 -> Serving 22528 bytes for That’s How You Feel_spotdown.org.mp3
[2026-03-06T17:39:09.714Z] Range: bytes=0-138239 -> Serving 138240 bytes for The Motto_spotdown.org.mp3
[2026-03-06T17:39:09.721Z] Range: bytes=0-22527 -> Serving 22528 bytes for Thinkin Bout You_spotdown.org.mp3
[2026-03-06T17:39:09.749Z] Range: bytes=0-27647 -> Serving 27648 bytes for Too Fast_spotdown.org.mp3
[2026-03-06T17:39:09.769Z] Range: bytes=0-1023 -> Serving 1024 bytes for Toosie Slide_spotdown.org.mp3
[2026-03-06T17:39:09.773Z] Range: bytes=6497720-6497848 -> Serving 128 bytes for Toosie Slide_spotdown.org.mp3
[2026-03-06T17:39:09.775Z] Range: bytes=0-1023 -> Serving 1024 bytes for Trust Issues_spotdown.org.mp3
[2026-03-06T17:39:09.777Z] Range: bytes=8069210-8069338 -> Serving 128 bytes for Trust Issues_spotdown.org.mp3
[2026-03-06T17:39:09.781Z] Range: bytes=0-1023 -> Serving 1024 bytes for TSU_spotdown.org.mp3
[2026-03-06T17:39:09.785Z] Range: bytes=8987656-8987784 -> Serving 128 bytes for TSU_spotdown.org.mp3
[2026-03-06T17:39:09.790Z] Range: bytes=0-1023 -> Serving 1024 bytes for Virginia Beach_spotdown.org.mp3
[2026-03-06T17:39:09.794Z] Range: bytes=7022280-7022408 -> Serving 128 bytes for Virginia Beach_spotdown.org.mp3
[2026-03-06T17:39:09.798Z] Range: bytes=0-1023 -> Serving 1024 bytes for WAIT FOR U (feat. Drake & Tems)_spotdown.org.mp3
[2026-03-06T17:39:09.801Z] Range: bytes=5632773-5632901 -> Serving 128 bytes for WAIT FOR U (feat. Drake & Tems)_spotdown.org.mp3
[2026-03-06T17:39:09.804Z] Range: bytes=0-41983 -> Serving 41984 bytes for Toosie Slide_spotdown.org.mp3
[2026-03-06T17:39:09.807Z] Range: bytes=0-70655 -> Serving 70656 bytes for Trust Issues_spotdown.org.mp3
[2026-03-06T17:39:09.813Z] Range: bytes=0-23551 -> Serving 23552 bytes for TSU_spotdown.org.mp3
[2026-03-06T17:39:09.818Z] Range: bytes=0-18431 -> Serving 18432 bytes for Virginia Beach_spotdown.org.mp3
[2026-03-06T17:39:09.825Z] Range: bytes=0-94207 -> Serving 94208 bytes for WAIT FOR U (feat. Drake & Tems)_spotdown.org.mp3
[2026-03-06T17:39:09.876Z] Range: bytes=0-1023 -> Serving 1024 bytes for Walk It Talk It_spotdown.org.mp3
[2026-03-06T17:39:09.880Z] Range: bytes=8235748-8235876 -> Serving 128 bytes for Walk It Talk It_spotdown.org.mp3
[2026-03-06T17:39:09.883Z] Range: bytes=0-1023 -> Serving 1024 bytes for Wants and Needs (feat. Lil Baby)_spotdown.org.mp3
[2026-03-06T17:39:09.885Z] Range: bytes=5574923-5575051 -> Serving 128 bytes for Wants and Needs (feat. Lil Baby)_spotdown.org.mp3
[2026-03-06T17:39:09.887Z] Range: bytes=0-1023 -> Serving 1024 bytes for Way 2 Sexy (with Future & Young Thug)_spotdown.org.mp3
[2026-03-06T17:39:09.888Z] Range: bytes=7357534-7357662 -> Serving 128 bytes for Way 2 Sexy (with Future & Young Thug)_spotdown.org.mp3
[2026-03-06T17:39:09.896Z] Range: bytes=0-1023 -> Serving 1024 bytes for We Find Love_spotdown.org.mp3
[2026-03-06T17:39:09.898Z] Range: bytes=7215792-7215920 -> Serving 128 bytes for We Find Love_spotdown.org.mp3
[2026-03-06T17:39:09.900Z] Range: bytes=0-1023 -> Serving 1024 bytes for What You Heard_spotdown.org.mp3
[2026-03-06T17:39:09.902Z] Range: bytes=7035255-7035383 -> Serving 128 bytes for What You Heard_spotdown.org.mp3
[2026-03-06T17:39:09.909Z] Range: bytes=0-105471 -> Serving 105472 bytes for Walk It Talk It_spotdown.org.mp3
[2026-03-06T17:39:09.911Z] Range: bytes=0-11263 -> Serving 11264 bytes for Wants and Needs (feat. Lil Baby)_spotdown.org.mp3
[2026-03-06T17:39:09.914Z] Range: bytes=0-64511 -> Serving 64512 bytes for Way 2 Sexy (with Future & Young Thug)_spotdown.org.mp3
[2026-03-06T17:39:09.920Z] Range: bytes=0-84991 -> Serving 84992 bytes for We Find Love_spotdown.org.mp3
[2026-03-06T17:39:09.922Z] Range: bytes=0-46079 -> Serving 46080 bytes for What You Heard_spotdown.org.mp3
[2026-03-06T17:39:09.996Z] Range: bytes=0-1023 -> Serving 1024 bytes for What's Next_spotdown.org.mp3
[2026-03-06T17:39:10.001Z] Range: bytes=5193809-5193937 -> Serving 128 bytes for What's Next_spotdown.org.mp3
[2026-03-06T17:39:10.003Z] Range: bytes=0-1023 -> Serving 1024 bytes for White (feat. Frank Ocean)_spotdown.org.mp3
[2026-03-06T17:39:10.005Z] Range: bytes=3620157-3620285 -> Serving 128 bytes for White (feat. Frank Ocean)_spotdown.org.mp3
[2026-03-06T17:39:10.007Z] Range: bytes=0-1023 -> Serving 1024 bytes for Who Told You (feat. Drake)_spotdown.org.mp3
[2026-03-06T17:39:10.008Z] Range: bytes=5651484-5651612 -> Serving 128 bytes for Who Told You (feat. Drake)_spotdown.org.mp3
[2026-03-06T17:39:10.015Z] Range: bytes=0-1023 -> Serving 1024 bytes for Wildfire (feat. Frank Ocean)_spotdown.org.mp3
[2026-03-06T17:39:10.022Z] Range: bytes=2743259-2743387 -> Serving 128 bytes for Wildfire (feat. Frank Ocean)_spotdown.org.mp3
[2026-03-06T17:39:10.025Z] Range: bytes=0-1023 -> Serving 1024 bytes for Work_spotdown.org.mp3
[2026-03-06T17:39:10.027Z] Range: bytes=6253650-6253778 -> Serving 128 bytes for Work_spotdown.org.mp3
[2026-03-06T17:39:10.032Z] Range: bytes=0-56319 -> Serving 56320 bytes for What's Next_spotdown.org.mp3
[2026-03-06T17:39:10.035Z] Range: bytes=0-29695 -> Serving 29696 bytes for White (feat. Frank Ocean)_spotdown.org.mp3
[2026-03-06T17:39:10.041Z] Range: bytes=0-25599 -> Serving 25600 bytes for Who Told You (feat. Drake)_spotdown.org.mp3
[2026-03-06T17:39:10.048Z] Range: bytes=0-94207 -> Serving 94208 bytes for Wildfire (feat. Frank Ocean)_spotdown.org.mp3
[2026-03-06T17:39:10.050Z] Range: bytes=0-24575 -> Serving 24576 bytes for Work_spotdown.org.mp3
[2026-03-06T17:39:10.100Z] Range: bytes=0-1023 -> Serving 1024 bytes for Yebba’s Heartbreak_spotdown.org.mp3
[2026-03-06T17:39:10.103Z] Range: bytes=3515846-3515974 -> Serving 128 bytes for Yebba’s Heartbreak_spotdown.org.mp3
[2026-03-06T17:39:10.104Z] Range: bytes=0-1023 -> Serving 1024 bytes for You Broke My Heart_spotdown.org.mp3
[2026-03-06T17:39:10.106Z] Range: bytes=6654251-6654379 -> Serving 128 bytes for You Broke My Heart_spotdown.org.mp3
[2026-03-06T17:39:10.117Z] Range: bytes=0-64511 -> Serving 64512 bytes for Yebba’s Heartbreak_spotdown.org.mp3
[2026-03-06T17:39:10.133Z] Range: bytes=0-21503 -> Serving 21504 bytes for You Broke My Heart_spotdown.org.mp3
[2026-03-06T17:39:12.127Z] File system change detected: change You Broke My Heart_spotdown.org.mp3. Notifying clients.
[2026-03-06T17:39:12.229Z] Range: bytes=0- -> Serving 6731403 bytes for act ii_ date @ 8 (feat. Drake) - remix_spotdown.org.mp3
[2026-03-06T17:40:44.550Z] Range: bytes=0- -> Serving 8639851 bytes for All I Want Is You (feat. J. Cole)_spotdown.org.mp3
[2026-03-06T17:40:47.483Z] Range: bytes=0- -> Serving 4839363 bytes for Another Late Night (feat. Lil Yachty)_spotdown.org.mp3
[2026-03-06T17:40:49.430Z] Range: bytes=0- -> Serving 2818913 bytes for Belong to the City_spotdown.org.mp3
[2026-03-06T17:40:50.604Z] Range: bytes=0- -> Serving 7409029 bytes for Blessings_spotdown.org.mp3
[2026-03-06T17:40:52.809Z] Range: bytes=0- -> Serving 5810599 bytes for Both (feat. Drake)_spotdown.org.mp3
[2026-03-06T17:40:53.991Z] Range: bytes=0- -> Serving 2999723 bytes for Break from Toronto_spotdown.org.mp3
[2026-03-06T17:40:54.862Z] Range: bytes=0- -> Serving 3684250 bytes for C U Girl_spotdown.org.mp3
[2026-03-06T17:40:59.283Z] Range: bytes=0- -> Serving 6040816 bytes for Chanel_spotdown.org.mp3
[2026-03-06T17:44:13.185Z] Range: bytes=0- -> Serving 9894648 bytes for coffee_spotdown.org.mp3
[2026-03-06T17:44:17.640Z] Range: bytes=0- -> Serving 7276605 bytes for Come and See Me (feat. Drake)_spotdown.org.mp3
[2026-03-06T17:44:21.239Z] Range: bytes=0- -> Serving 4707180 bytes for Come Back to Earth_spotdown.org.mp3
[2026-03-06T17:44:25.503Z] Range: bytes=0- -> Serving 7275242 bytes for Congratulations (feat. Bilal)_spotdown.org.mp3
[2026-03-06T17:44:27.054Z] Range: bytes=0- -> Serving 466214 bytes for Controlla_spotdown.org.mp3
[2026-03-06T17:44:34.311Z] Range: bytes=0- -> Serving 5817784 bytes for Crew Love_spotdown.org.mp3
[2026-03-06T17:44:35.915Z] Range: bytes=0- -> Serving 4963847 bytes for Dark Red_spotdown.org.mp3
[2026-03-06T17:46:51.346Z] Range: bytes=0- -> Serving 5592314 bytes for CYANIDE_spotdown.org.mp3
[2026-03-06T17:46:53.184Z] Range: bytes=0- -> Serving 7265141 bytes for Drama (feat. Drake)_spotdown.org.mp3
[2026-03-06T17:47:00.552Z] Range: bytes=0- -> Serving 5822138 bytes for Ela É do Tipo (feat. Drake) - Remix_spotdown.org.mp3
[2026-03-06T17:47:01.784Z] Range: bytes=0- -> Serving 4843038 bytes for Energy_spotdown.org.mp3
[2026-03-06T17:47:03.556Z] Range: bytes=0- -> Serving 6086153 bytes for Evergreen (You Didn’t Deserve Me At All)_spotdown.org.mp3
[2026-03-06T17:47:05.039Z] Range: bytes=0- -> Serving 8534733 bytes for Fair Trade (with Travis Scott)_spotdown.org.mp3
[2026-03-06T17:47:06.386Z] Range: bytes=0- -> Serving 6069405 bytes for Fake Love_spotdown.org.mp3
[2026-03-06T17:47:08.498Z] Range: bytes=917504- -> Serving 7617229 bytes for Fair Trade (with Travis Scott)_spotdown.org.mp3
[2026-03-06T17:47:31.201Z] Range: bytes=3309568- -> Serving 2759837 bytes for Fake Love_spotdown.org.mp3
[2026-03-06T17:47:33.520Z] Range: bytes=0- -> Serving 8759926 bytes for Fancy_spotdown.org.mp3
[2026-03-06T17:53:05.898Z] Range: bytes=0- -> Serving 5481600 bytes for For Free_spotdown.org.mp3
[2026-03-06T17:53:34.595Z] Range: bytes=0- -> Serving 7640371 bytes for Get You (feat. Kali Uchis)_spotdown.org.mp3
[2026-03-06T17:53:36.211Z] Range: bytes=0- -> Serving 6393289 bytes for Girls Need Love (with Drake) - Remix_spotdown.org.mp3
[2026-03-06T17:53:39.806Z] Range: bytes=0- -> Serving 6969282 bytes for Give You the World_spotdown.org.mp3
[2026-03-06T17:53:41.020Z] Range: bytes=0- -> Serving 5044032 bytes for Godspeed_spotdown.org.mp3
[2026-03-06T17:56:39.129Z] Range: bytes=0- -> Serving 7533813 bytes for Ivy_spotdown.org.mp3
[2026-03-06T18:00:48.516Z] Range: bytes=0- -> Serving 8998579 bytes for Nights_spotdown.org.mp3
[2026-03-06T18:05:55.912Z] Range: bytes=0- -> Serving 5568452 bytes for Pink + White_spotdown.org.mp3
[2026-03-06T18:09:00.655Z] Range: bytes=0- -> Serving 6616351 bytes for Self Control_spotdown.org.mp3
[2026-03-06T18:13:10.504Z] Range: bytes=0- -> Serving 5781348 bytes for Going Bad (feat. Drake)_spotdown.org.mp3
[2026-03-06T18:16:11.289Z] Range: bytes=0- -> Serving 6041037 bytes for GREECE (feat. Drake)_spotdown.org.mp3
[2026-03-06T18:19:50.758Z] Range: bytes=0- -> Serving 6790475 bytes for Hold On, We're Going Home_spotdown.org.mp3
[2026-03-06T18:23:38.892Z] Range: bytes=0- -> Serving 4743287 bytes for Started From the Bottom_spotdown.org.mp3
[2026-03-06T18:26:33.208Z] Range: bytes=0- -> Serving 6950328 bytes for I'M ON ONE (feat. Drake)_spotdown.org.mp3
[2026-03-06T18:30:29.612Z] Range: bytes=0- -> Serving 5632901 bytes for WAIT FOR U (feat. Drake & Tems)_spotdown.org.mp3
[2026-03-06T18:33:39.697Z] Range: bytes=0- -> Serving 4449986 bytes for Infrunami_spotdown.org.mp3
[2026-03-06T18:36:38.233Z] Range: bytes=0- -> Serving 7619918 bytes for Japanese Denim_spotdown.org.mp3
[2026-03-06T18:41:08.992Z] Range: bytes=0- -> Serving 6159595 bytes for Jumpman_spotdown.org.mp3
[2026-03-06T18:41:11.108Z] File system change detected: change Jumpman_spotdown.org.mp3. Notifying clients.
[2026-03-06T18:44:35.063Z] Range: bytes=0- -> Serving 7314103 bytes for Laugh Now Cry Later (feat. Lil Durk)_spotdown.org.mp3
[2026-03-06T18:44:37.297Z] File system change detected: change Laugh Now Cry Later (feat. Lil Durk)_spotdown.org.mp3. Notifying clients.
[2026-03-06T18:48:56.818Z] Range: bytes=0- -> Serving 6963028 bytes for Life Is Good (feat. Drake)_spotdown.org.mp3
[2026-03-06T18:48:58.960Z] File system change detected: change Life Is Good (feat. Drake)_spotdown.org.mp3. Notifying clients.
[2026-03-06T18:52:54.914Z] Range: bytes=0- -> Serving 5384633 bytes for Look Alive (feat. Drake)_spotdown.org.mp3
[2026-03-06T18:52:57.090Z] File system change detected: change Look Alive (feat. Drake)_spotdown.org.mp3. Notifying clients.
[2026-03-06T18:55:56.444Z] Range: bytes=0- -> Serving 6958202 bytes for Lost_spotdown.org.mp3
[2026-03-06T18:55:58.600Z] File system change detected: change Lost_spotdown.org.mp3. Notifying clients.
[2026-03-06T18:59:50.767Z] Range: bytes=0- -> Serving 7174130 bytes for Pink Matter_spotdown.org.mp3
[2026-03-06T18:59:52.901Z] File system change detected: change Pink Matter_spotdown.org.mp3. Notifying clients.
[2026-03-06T19:04:19.770Z] Range: bytes=0- -> Serving 8815037 bytes for Super Rich Kids_spotdown.org.mp3
[2026-03-06T19:05:58.363Z] File system change detected: change Super Rich Kids_spotdown.org.mp3. Notifying clients.
[2026-03-06T19:09:24.751Z] Range: bytes=0- -> Serving 5862007 bytes for Thinkin Bout You_spotdown.org.mp3
[2026-03-06T19:09:26.850Z] File system change detected: change Thinkin Bout You_spotdown.org.mp3. Notifying clients.
[2026-03-06T19:12:45.669Z] Range: bytes=0- -> Serving 5989903 bytes for LOVE. FEAT. ZACARI._spotdown.org.mp3
[2026-03-06T19:12:47.862Z] File system change detected: change LOVE. FEAT. ZACARI._spotdown.org.mp3. Notifying clients.
[2026-03-06T19:16:19.308Z] Range: bytes=0- -> Serving 3860273 bytes for Love Is Only a Feeling_spotdown.org.mp3
[2026-03-06T19:16:21.393Z] File system change detected: change Love Is Only a Feeling_spotdown.org.mp3. Notifying clients.
[2026-03-06T19:18:51.544Z] Range: bytes=0- -> Serving 4365733 bytes for Major Distribution_spotdown.org.mp3
[2026-03-06T19:18:53.647Z] File system change detected: change Major Distribution_spotdown.org.mp3. Notifying clients.
[2026-03-06T19:21:42.247Z] Range: bytes=0- -> Serving 7266948 bytes for On BS_spotdown.org.mp3
[2026-03-06T19:21:44.438Z] File system change detected: change On BS_spotdown.org.mp3. Notifying clients.
[2026-03-06T19:26:04.039Z] Range: bytes=0- -> Serving 2160406 bytes for Pussy & Millions (feat. Travis Scott)_spotdown.org.mp3
[2026-03-06T19:26:06.111Z] File system change detected: change Pussy & Millions (feat. Travis Scott)_spotdown.org.mp3. Notifying clients.
[2026-03-06T19:27:14.996Z] Range: bytes=0- -> Serving 6970260 bytes for Rich Flex_spotdown.org.mp3
[2026-03-06T19:27:17.136Z] File system change detected: change Rich Flex_spotdown.org.mp3. Notifying clients.
[2026-03-06T19:31:14.565Z] Range: bytes=0- -> Serving 6578132 bytes for Spin Bout U_spotdown.org.mp3
[2026-03-06T19:31:16.713Z] File system change detected: change Spin Bout U_spotdown.org.mp3. Notifying clients.
[2026-03-06T19:34:49.428Z] Range: bytes=0- -> Serving 7095653 bytes for MELTDOWN (feat. Drake)_spotdown.org.mp3
[2026-03-06T19:34:51.640Z] File system change detected: change MELTDOWN (feat. Drake)_spotdown.org.mp3. Notifying clients.
[2026-03-06T19:38:55.837Z] Range: bytes=0- -> Serving 6194176 bytes for MIA (feat. Drake)_spotdown.org.mp3
[2026-03-06T19:38:57.980Z] File system change detected: change MIA (feat. Drake)_spotdown.org.mp3. Notifying clients.
[2026-03-06T19:42:26.415Z] Range: bytes=0- -> Serving 5536171 bytes for Middle of the Ocean_spotdown.org.mp3
[2026-03-06T19:42:28.536Z] File system change detected: change Middle of the Ocean_spotdown.org.mp3. Notifying clients.
[2026-03-06T19:48:23.204Z] Range: bytes=0- -> Serving 6132315 bytes for Money In The Grave (Drake ft. Rick Ross)_spotdown.org.mp3
[2026-03-06T19:48:25.348Z] File system change detected: change Money In The Grave (Drake ft. Rick Ross)_spotdown.org.mp3. Notifying clients.
[2026-03-06T19:51:52.418Z] Range: bytes=0- -> Serving 6524913 bytes for Omertà_spotdown.org.mp3
[2026-03-06T19:51:54.556Z] File system change detected: change Omertà_spotdown.org.mp3. Notifying clients.
[2026-03-06T19:55:32.111Z] Range: bytes=0- -> Serving 6429865 bytes for My Way (feat. Monty)_spotdown.org.mp3
[2026-03-06T19:55:34.324Z] File system change detected: change My Way (feat. Monty)_spotdown.org.mp3. Notifying clients.
[2026-03-06T19:59:05.454Z] Range: bytes=0- -> Serving 6585809 bytes for Mr. Right Now (feat. Drake)_spotdown.org.mp3
[2026-03-06T19:59:07.570Z] File system change detected: change Mr. Right Now (feat. Drake)_spotdown.org.mp3. Notifying clients.
[2026-03-06T20:02:19.491Z] Range: bytes=0- -> Serving 7446466 bytes for N Side_spotdown.org.mp3
[2026-03-06T20:02:21.651Z] File system change detected: change N Side_spotdown.org.mp3. Notifying clients.
[2026-03-06T20:06:04.150Z] Range: bytes=0- -> Serving 7204717 bytes for Needle (feat. Drake)_spotdown.org.mp3
[2026-03-06T20:06:06.318Z] File system change detected: change Needle (feat. Drake)_spotdown.org.mp3. Notifying clients.
[2026-03-06T20:10:00.046Z] Range: bytes=0- -> Serving 7200096 bytes for No Guidance (feat. Drake)_spotdown.org.mp3
[2026-03-06T20:10:02.210Z] File system change detected: change No Guidance (feat. Drake)_spotdown.org.mp3. Notifying clients.
[2026-03-06T20:14:20.911Z] Range: bytes=0- -> Serving 7665338 bytes for Not You Too (feat. Chris Brown)_spotdown.org.mp3
[2026-03-06T20:14:23.067Z] File system change detected: change Not You Too (feat. Chris Brown)_spotdown.org.mp3. Notifying clients.
[2026-03-06T20:18:50.792Z] Range: bytes=0- -> Serving 6497848 bytes for Toosie Slide_spotdown.org.mp3
[2026-03-06T20:18:52.926Z] File system change detected: change Toosie Slide_spotdown.org.mp3. Notifying clients.
[2026-03-06T20:22:58.057Z] Range: bytes=0- -> Serving 5993339 bytes for One Night Only_spotdown.org.mp3
[2026-03-06T20:23:00.292Z] File system change detected: change One Night Only_spotdown.org.mp3. Notifying clients.
[2026-03-06T20:26:14.259Z] Range: bytes=0- -> Serving 5036943 bytes for POPSTAR (feat. Drake)_spotdown.org.mp3
[2026-03-06T20:26:16.404Z] File system change detected: change POPSTAR (feat. Drake)_spotdown.org.mp3. Notifying clients.
[2026-03-06T20:29:34.756Z] Range: bytes=0- -> Serving 6396875 bytes for Push Ups_spotdown.org.mp3
[2026-03-06T20:29:36.967Z] File system change detected: change Push Ups_spotdown.org.mp3. Notifying clients.
[2026-03-06T20:33:27.802Z] Range: bytes=0- -> Serving 8435174 bytes for Sativa_spotdown.org.mp3
[2026-03-06T20:35:05.394Z] File system change detected: change Sativa_spotdown.org.mp3. Notifying clients.
[2026-03-06T20:38:04.983Z] Range: bytes=0- -> Serving 7666465 bytes for Search & Rescue_spotdown.org.mp3
[2026-03-06T20:38:07.149Z] File system change detected: change Search & Rescue_spotdown.org.mp3. Notifying clients.
[2026-03-06T20:42:37.317Z] Range: bytes=0- -> Serving 7372180 bytes for She_spotdown.org.mp3
[2026-03-06T20:42:39.483Z] File system change detected: change She_spotdown.org.mp3. Notifying clients.
[2026-03-06T20:46:50.923Z] Range: bytes=0- -> Serving 9409083 bytes for SICKO MODE_spotdown.org.mp3
[2026-03-06T20:48:34.995Z] File system change detected: change SICKO MODE_spotdown.org.mp3. Notifying clients.
[2026-03-06T20:52:03.993Z] Range: bytes=0- -> Serving 6869404 bytes for Slide (feat. Frank Ocean & Migos)_spotdown.org.mp3
[2026-03-06T20:52:06.165Z] File system change detected: change Slide (feat. Frank Ocean & Migos)_spotdown.org.mp3. Notifying clients.
[2026-03-06T20:55:55.025Z] Range: bytes=0- -> Serving 8261266 bytes for Sideways_spotdown.org.mp3
[2026-03-06T20:55:57.261Z] File system change detected: change Sideways_spotdown.org.mp3. Notifying clients.
[2026-03-06T21:00:09.076Z] Range: bytes=0- -> Serving 5685315 bytes for SLOW DANCING IN THE DARK_spotdown.org.mp3
[2026-03-06T21:00:11.244Z] File system change detected: change SLOW DANCING IN THE DARK_spotdown.org.mp3. Notifying clients.
[2026-03-06T21:03:38.578Z] Range: bytes=0- -> Serving 7020392 bytes for Sooner Than Later_spotdown.org.mp3
[2026-03-06T21:03:40.763Z] File system change detected: change Sooner Than Later_spotdown.org.mp3. Notifying clients.
[2026-03-06T21:08:00.845Z] Range: bytes=0- -> Serving 6307645 bytes for Sunday (feat. Frank Ocean)_spotdown.org.mp3
[2026-03-06T21:08:02.998Z] File system change detected: change Sunday (feat. Frank Ocean)_spotdown.org.mp3. Notifying clients.
[2026-03-06T21:11:26.911Z] Range: bytes=0- -> Serving 7987947 bytes for Superpower (feat. Frank Ocean)_spotdown.org.mp3
[2026-03-06T21:13:03.710Z] File system change detected: change Superpower (feat. Frank Ocean)_spotdown.org.mp3. Notifying clients.
[2026-03-06T21:16:03.755Z] Range: bytes=0- -> Serving 5119016 bytes for Superpowers_spotdown.org.mp3
[2026-03-06T21:16:05.926Z] File system change detected: change Superpowers_spotdown.org.mp3. Notifying clients.
[2026-03-06T21:18:58.513Z] Range: bytes=0- -> Serving 8615320 bytes for Too Fast_spotdown.org.mp3
[2026-03-06T21:20:34.364Z] File system change detected: change Too Fast_spotdown.org.mp3. Notifying clients.
[2026-03-06T21:23:54.537Z] Range: bytes=0- -> Serving 8069338 bytes for Trust Issues_spotdown.org.mp3
[2026-03-06T21:25:34.112Z] File system change detected: change Trust Issues_spotdown.org.mp3. Notifying clients.
[2026-03-06T21:28:36.238Z] Range: bytes=0- -> Serving 5575051 bytes for Wants and Needs (feat. Lil Baby)_spotdown.org.mp3
[2026-03-06T21:28:38.397Z] File system change detected: change Wants and Needs (feat. Lil Baby)_spotdown.org.mp3. Notifying clients.
[2026-03-06T21:31:49.426Z] Range: bytes=0- -> Serving 5193937 bytes for What's Next_spotdown.org.mp3
[2026-03-06T21:31:51.526Z] File system change detected: change What's Next_spotdown.org.mp3. Notifying clients.
[2026-03-06T21:34:47.764Z] Range: bytes=0- -> Serving 8235876 bytes for Walk It Talk It_spotdown.org.mp3
[2026-03-06T21:36:25.819Z] File system change detected: change Walk It Talk It_spotdown.org.mp3. Notifying clients.
[2026-03-06T21:39:24.132Z] Range: bytes=0- -> Serving 7035383 bytes for What You Heard_spotdown.org.mp3
[2026-03-06T21:39:26.290Z] File system change detected: change What You Heard_spotdown.org.mp3. Notifying clients.
[2026-03-06T21:43:22.597Z] Range: bytes=0- -> Serving 5651612 bytes for Who Told You (feat. Drake)_spotdown.org.mp3
[2026-03-06T21:43:24.770Z] File system change detected: change Who Told You (feat. Drake)_spotdown.org.mp3. Notifying clients.
[2026-03-06T21:46:51.760Z] Range: bytes=0- -> Serving 3620285 bytes for White (feat. Frank Ocean)_spotdown.org.mp3
[2026-03-06T21:46:53.863Z] File system change detected: change White (feat. Frank Ocean)_spotdown.org.mp3. Notifying clients.
[2026-03-06T21:48:54.887Z] Range: bytes=0- -> Serving 2743387 bytes for Wildfire (feat. Frank Ocean)_spotdown.org.mp3
[2026-03-06T21:48:56.953Z] File system change detected: change Wildfire (feat. Frank Ocean)_spotdown.org.mp3. Notifying clients.
[2026-03-06T21:50:20.936Z] Range: bytes=0- -> Serving 6253778 bytes for Work_spotdown.org.mp3
[2026-03-06T21:50:23.042Z] File system change detected: change Work_spotdown.org.mp3. Notifying clients.
[2026-03-06T21:54:00.420Z] Range: bytes=0- -> Serving 6654379 bytes for You Broke My Heart_spotdown.org.mp3
[2026-03-06T21:54:02.546Z] File system change detected: change You Broke My Heart_spotdown.org.mp3. Notifying clients.
[2026-03-07T09:13:34.811Z] File system change detected: change 8 Out Of 10_spotdown.org.mp3. Notifying clients.
[2026-03-09T14:29:22.832Z] Server running at http://localhost:8080/
[2026-03-09T14:29:22.871Z] Music directory: C:\Users\User\Music
[2026-03-09T14:29:23.278Z] Range: bytes=2939260-2939388 -> Serving 128 bytes for 8 Out Of 10_spotdown.org.mp3
[2026-03-09T14:29:23.283Z] Range: bytes=0-1023 -> Serving 1024 bytes for A Keeper_spotdown.org.mp3
[2026-03-09T14:29:23.284Z] Range: bytes=4759998-4760126 -> Serving 128 bytes for A Keeper_spotdown.org.mp3
[2026-03-09T14:29:23.285Z] Range: bytes=0-1023 -> Serving 1024 bytes for Abune_Zesemyt.mp3
[2026-03-09T14:29:23.287Z] Range: bytes=0-1023 -> Serving 1024 bytes for 8 Out Of 10_spotdown.org.mp3
[2026-03-09T14:29:23.288Z] Range: bytes=1486885-1487013 -> Serving 128 bytes for Abune_Zesemyt.mp3
[2026-03-09T14:29:23.299Z] Range: bytes=0-1023 -> Serving 1024 bytes for act ii_ date @ 8 (feat. Drake) - remix_spotdown.org.mp3
[2026-03-09T14:29:23.303Z] Range: bytes=6731275-6731403 -> Serving 128 bytes for act ii_ date @ 8 (feat. Drake) - remix_spotdown.org.mp3
[2026-03-09T14:29:23.305Z] Range: bytes=0-1023 -> Serving 1024 bytes for All I Want Is You (feat. J. Cole)_spotdown.org.mp3
[2026-03-09T14:29:23.307Z] Range: bytes=8639723-8639851 -> Serving 128 bytes for All I Want Is You (feat. J. Cole)_spotdown.org.mp3
[2026-03-09T14:29:23.311Z] Range: bytes=0-30719 -> Serving 30720 bytes for A Keeper_spotdown.org.mp3
[2026-03-09T14:29:23.312Z] Range: bytes=0-22527 -> Serving 22528 bytes for 8 Out Of 10_spotdown.org.mp3
[2026-03-09T14:29:23.317Z] Range: bytes=0-32767 -> Serving 32768 bytes for act ii_ date @ 8 (feat. Drake) - remix_spotdown.org.mp3
[2026-03-09T14:29:23.340Z] Range: bytes=0-29695 -> Serving 29696 bytes for All I Want Is You (feat. J. Cole)_spotdown.org.mp3
[2026-03-09T14:29:23.363Z] Range: bytes=0-1023 -> Serving 1024 bytes for Another Late Night (feat. Lil Yachty)_spotdown.org.mp3
[2026-03-09T14:29:23.365Z] Range: bytes=4839235-4839363 -> Serving 128 bytes for Another Late Night (feat. Lil Yachty)_spotdown.org.mp3
[2026-03-09T14:29:23.366Z] Range: bytes=0-1023 -> Serving 1024 bytes for Bahamas Promises_spotdown.org.mp3
[2026-03-09T14:29:23.368Z] Range: bytes=5410627-5410755 -> Serving 128 bytes for Bahamas Promises_spotdown.org.mp3
[2026-03-09T14:29:23.370Z] Range: bytes=0-1023 -> Serving 1024 bytes for Belong to the City_spotdown.org.mp3
[2026-03-09T14:29:23.372Z] Range: bytes=2818785-2818913 -> Serving 128 bytes for Belong to the City_spotdown.org.mp3
[2026-03-09T14:29:23.375Z] Range: bytes=0-1023 -> Serving 1024 bytes for Blessings_spotdown.org.mp3
[2026-03-09T14:29:23.376Z] Range: bytes=7408901-7409029 -> Serving 128 bytes for Blessings_spotdown.org.mp3
[2026-03-09T14:29:23.377Z] Range: bytes=0-1023 -> Serving 1024 bytes for Both (feat. Drake)_spotdown.org.mp3
[2026-03-09T14:29:23.379Z] Range: bytes=5810471-5810599 -> Serving 128 bytes for Both (feat. Drake)_spotdown.org.mp3
[2026-03-09T14:29:23.381Z] Range: bytes=0-18431 -> Serving 18432 bytes for Another Late Night (feat. Lil Yachty)_spotdown.org.mp3
[2026-03-09T14:29:23.383Z] Range: bytes=0-75775 -> Serving 75776 bytes for Bahamas Promises_spotdown.org.mp3
[2026-03-09T14:29:23.385Z] Range: bytes=0-41983 -> Serving 41984 bytes for Belong to the City_spotdown.org.mp3
[2026-03-09T14:29:23.388Z] Range: bytes=0-30719 -> Serving 30720 bytes for Blessings_spotdown.org.mp3
[2026-03-09T14:29:23.407Z] Range: bytes=0-36863 -> Serving 36864 bytes for Both (feat. Drake)_spotdown.org.mp3
[2026-03-09T14:29:23.424Z] Range: bytes=0-1023 -> Serving 1024 bytes for Break from Toronto_spotdown.org.mp3
[2026-03-09T14:29:23.426Z] Range: bytes=2999595-2999723 -> Serving 128 bytes for Break from Toronto_spotdown.org.mp3
[2026-03-09T14:29:23.427Z] Range: bytes=0-1023 -> Serving 1024 bytes for C U Girl_spotdown.org.mp3
[2026-03-09T14:29:23.429Z] Range: bytes=3684122-3684250 -> Serving 128 bytes for C U Girl_spotdown.org.mp3
[2026-03-09T14:29:23.431Z] Range: bytes=0-1023 -> Serving 1024 bytes for Calling My Name_spotdown.org.mp3
[2026-03-09T14:29:23.432Z] Range: bytes=3648444-3648572 -> Serving 128 bytes for Calling My Name_spotdown.org.mp3
[2026-03-09T14:29:23.434Z] Range: bytes=0-1023 -> Serving 1024 bytes for Can’t Take A Joke_spotdown.org.mp3
[2026-03-09T14:29:23.438Z] Range: bytes=5324221-5324349 -> Serving 128 bytes for Can’t Take A Joke_spotdown.org.mp3
[2026-03-09T14:29:23.440Z] Range: bytes=0-1023 -> Serving 1024 bytes for Chanel_spotdown.org.mp3
[2026-03-09T14:29:23.441Z] Range: bytes=6040688-6040816 -> Serving 128 bytes for Chanel_spotdown.org.mp3
[2026-03-09T14:29:23.443Z] Range: bytes=0-72703 -> Serving 72704 bytes for Break from Toronto_spotdown.org.mp3
[2026-03-09T14:29:23.445Z] Range: bytes=0-34815 -> Serving 34816 bytes for C U Girl_spotdown.org.mp3
[2026-03-09T14:29:23.447Z] Range: bytes=0-30719 -> Serving 30720 bytes for Calling My Name_spotdown.org.mp3
[2026-03-09T14:29:23.449Z] Range: bytes=0-22527 -> Serving 22528 bytes for Can’t Take A Joke_spotdown.org.mp3
[2026-03-09T14:29:23.469Z] Range: bytes=0-23551 -> Serving 23552 bytes for Chanel_spotdown.org.mp3
[2026-03-09T14:29:23.485Z] Range: bytes=0-1023 -> Serving 1024 bytes for coffee_spotdown.org.mp3
[2026-03-09T14:29:23.488Z] Range: bytes=9894520-9894648 -> Serving 128 bytes for coffee_spotdown.org.mp3
[2026-03-09T14:29:23.489Z] Range: bytes=0-1023 -> Serving 1024 bytes for Come and See Me (feat. Drake)_spotdown.org.mp3
[2026-03-09T14:29:23.492Z] Range: bytes=7276477-7276605 -> Serving 128 bytes for Come and See Me (feat. Drake)_spotdown.org.mp3
[2026-03-09T14:29:23.493Z] Range: bytes=0-1023 -> Serving 1024 bytes for Come Back to Earth_spotdown.org.mp3
[2026-03-09T14:29:23.495Z] Range: bytes=4707052-4707180 -> Serving 128 bytes for Come Back to Earth_spotdown.org.mp3
[2026-03-09T14:29:23.498Z] Range: bytes=0-1023 -> Serving 1024 bytes for Congratulations (feat. Bilal)_spotdown.org.mp3
[2026-03-09T14:29:23.501Z] Range: bytes=7275114-7275242 -> Serving 128 bytes for Congratulations (feat. Bilal)_spotdown.org.mp3
[2026-03-09T14:29:23.502Z] Range: bytes=0-1023 -> Serving 1024 bytes for Controlla_spotdown.org.mp3
[2026-03-09T14:29:23.504Z] Range: bytes=466086-466214 -> Serving 128 bytes for Controlla_spotdown.org.mp3
[2026-03-09T14:29:23.507Z] Range: bytes=0-35839 -> Serving 35840 bytes for coffee_spotdown.org.mp3
[2026-03-09T14:29:23.509Z] Range: bytes=0-31743 -> Serving 31744 bytes for Come and See Me (feat. Drake)_spotdown.org.mp3
[2026-03-09T14:29:23.510Z] Range: bytes=0-11263 -> Serving 11264 bytes for Come Back to Earth_spotdown.org.mp3
[2026-03-09T14:29:23.514Z] Range: bytes=0-22527 -> Serving 22528 bytes for Congratulations (feat. Bilal)_spotdown.org.mp3
[2026-03-09T14:29:23.516Z] Range: bytes=0-21503 -> Serving 21504 bytes for Controlla_spotdown.org.mp3
[2026-03-09T14:29:23.542Z] Range: bytes=0-1023 -> Serving 1024 bytes for Crew Love_spotdown.org.mp3
[2026-03-09T14:29:23.544Z] Range: bytes=5817656-5817784 -> Serving 128 bytes for Crew Love_spotdown.org.mp3
[2026-03-09T14:29:23.545Z] Range: bytes=0-1023 -> Serving 1024 bytes for CYANIDE_spotdown.org.mp3
[2026-03-09T14:29:23.548Z] Range: bytes=5592186-5592314 -> Serving 128 bytes for CYANIDE_spotdown.org.mp3
[2026-03-09T14:29:23.550Z] Range: bytes=0-1023 -> Serving 1024 bytes for Dark Red_spotdown.org.mp3
[2026-03-09T14:29:23.551Z] Range: bytes=4963719-4963847 -> Serving 128 bytes for Dark Red_spotdown.org.mp3
[2026-03-09T14:29:23.553Z] Range: bytes=0-1023 -> Serving 1024 bytes for Drama (feat. Drake)_spotdown.org.mp3
[2026-03-09T14:29:23.556Z] Range: bytes=7265013-7265141 -> Serving 128 bytes for Drama (feat. Drake)_spotdown.org.mp3
[2026-03-09T14:29:23.557Z] Range: bytes=0-1023 -> Serving 1024 bytes for Ela É do Tipo (feat. Drake) - Remix_spotdown.org.mp3
[2026-03-09T14:29:23.559Z] Range: bytes=5822010-5822138 -> Serving 128 bytes for Ela É do Tipo (feat. Drake) - Remix_spotdown.org.mp3
[2026-03-09T14:29:23.561Z] Range: bytes=0-38911 -> Serving 38912 bytes for Crew Love_spotdown.org.mp3
[2026-03-09T14:29:23.563Z] Range: bytes=0-115711 -> Serving 115712 bytes for CYANIDE_spotdown.org.mp3
[2026-03-09T14:29:23.566Z] Range: bytes=0-112639 -> Serving 112640 bytes for Dark Red_spotdown.org.mp3
[2026-03-09T14:29:23.568Z] Range: bytes=0-21503 -> Serving 21504 bytes for Drama (feat. Drake)_spotdown.org.mp3
[2026-03-09T14:29:23.571Z] Range: bytes=0-228351 -> Serving 228352 bytes for Ela É do Tipo (feat. Drake) - Remix_spotdown.org.mp3
[2026-03-09T14:29:23.654Z] Range: bytes=0-1023 -> Serving 1024 bytes for Elevate_spotdown.org.mp3
[2026-03-09T14:29:23.657Z] Range: bytes=5531735-5531863 -> Serving 128 bytes for Elevate_spotdown.org.mp3
[2026-03-09T14:29:23.658Z] Range: bytes=0-1023 -> Serving 1024 bytes for Emotionless_spotdown.org.mp3
[2026-03-09T14:29:23.660Z] Range: bytes=7019717-7019845 -> Serving 128 bytes for Emotionless_spotdown.org.mp3
[2026-03-09T14:29:23.662Z] Range: bytes=0-1023 -> Serving 1024 bytes for Energy_spotdown.org.mp3
[2026-03-09T14:29:23.663Z] Range: bytes=4842910-4843038 -> Serving 128 bytes for Energy_spotdown.org.mp3
[2026-03-09T14:29:23.665Z] Range: bytes=0-1023 -> Serving 1024 bytes for Evergreen (You Didn’t Deserve Me At All)_spotdown.org.mp3
[2026-03-09T14:29:23.669Z] Range: bytes=6086025-6086153 -> Serving 128 bytes for Evergreen (You Didn’t Deserve Me At All)_spotdown.org.mp3
[2026-03-09T14:29:23.670Z] Range: bytes=0-1023 -> Serving 1024 bytes for Fair Trade (with Travis Scott)_spotdown.org.mp3
[2026-03-09T14:29:23.672Z] Range: bytes=8534605-8534733 -> Serving 128 bytes for Fair Trade (with Travis Scott)_spotdown.org.mp3
[2026-03-09T14:29:23.674Z] Range: bytes=0-86015 -> Serving 86016 bytes for Elevate_spotdown.org.mp3
[2026-03-09T14:29:23.676Z] Range: bytes=0-22527 -> Serving 22528 bytes for Emotionless_spotdown.org.mp3
[2026-03-09T14:29:23.677Z] Range: bytes=0-19455 -> Serving 19456 bytes for Energy_spotdown.org.mp3
[2026-03-09T14:29:23.680Z] Range: bytes=0-14335 -> Serving 14336 bytes for Evergreen (You Didn’t Deserve Me At All)_spotdown.org.mp3
[2026-03-09T14:29:23.683Z] Range: bytes=0-64511 -> Serving 64512 bytes for Fair Trade (with Travis Scott)_spotdown.org.mp3
[2026-03-09T14:29:23.712Z] Range: bytes=0-1023 -> Serving 1024 bytes for Fake Love_spotdown.org.mp3
[2026-03-09T14:29:23.713Z] Range: bytes=6069277-6069405 -> Serving 128 bytes for Fake Love_spotdown.org.mp3
[2026-03-09T14:29:23.715Z] Range: bytes=0-1023 -> Serving 1024 bytes for Falling Back_spotdown.org.mp3
[2026-03-09T14:29:23.717Z] Range: bytes=8678156-8678284 -> Serving 128 bytes for Falling Back_spotdown.org.mp3
[2026-03-09T14:29:23.720Z] Range: bytes=0-1023 -> Serving 1024 bytes for Feel No Ways_spotdown.org.mp3
[2026-03-09T14:29:23.721Z] Range: bytes=488852-488980 -> Serving 128 bytes for Feel No Ways_spotdown.org.mp3
[2026-03-09T14:29:23.722Z] Range: bytes=0-1023 -> Serving 1024 bytes for Fancy_spotdown.org.mp3
[2026-03-09T14:29:23.724Z] Range: bytes=8759798-8759926 -> Serving 128 bytes for Fancy_spotdown.org.mp3
[2026-03-09T14:29:23.725Z] Range: bytes=0-1023 -> Serving 1024 bytes for First Person Shooter (feat. J. Cole)_spotdown.org.mp3
[2026-03-09T14:29:23.727Z] Range: bytes=7053518-7053646 -> Serving 128 bytes for First Person Shooter (feat. J. Cole)_spotdown.org.mp3
[2026-03-09T14:29:23.729Z] Range: bytes=0-23551 -> Serving 23552 bytes for Fake Love_spotdown.org.mp3
[2026-03-09T14:29:23.731Z] Range: bytes=0-30719 -> Serving 30720 bytes for Falling Back_spotdown.org.mp3
[2026-03-09T14:29:23.733Z] Range: bytes=0-21503 -> Serving 21504 bytes for Feel No Ways_spotdown.org.mp3
[2026-03-09T14:29:23.739Z] Range: bytes=0-30719 -> Serving 30720 bytes for Fancy_spotdown.org.mp3
[2026-03-09T14:29:23.750Z] Range: bytes=0-18431 -> Serving 18432 bytes for First Person Shooter (feat. J. Cole)_spotdown.org.mp3
[2026-03-09T14:29:23.765Z] Range: bytes=0-1023 -> Serving 1024 bytes for For Free_spotdown.org.mp3
[2026-03-09T14:29:23.767Z] Range: bytes=5481472-5481600 -> Serving 128 bytes for For Free_spotdown.org.mp3
[2026-03-09T14:29:23.769Z] Range: bytes=0-1023 -> Serving 1024 bytes for Gently (feat. Bad Bunny)_spotdown.org.mp3
[2026-03-09T14:29:23.771Z] Range: bytes=3759832-3759960 -> Serving 128 bytes for Gently (feat. Bad Bunny)_spotdown.org.mp3
[2026-03-09T14:29:23.775Z] Range: bytes=0-1023 -> Serving 1024 bytes for Get It Together_spotdown.org.mp3
[2026-03-09T14:29:23.777Z] Range: bytes=7580282-7580410 -> Serving 128 bytes for Get It Together_spotdown.org.mp3
[2026-03-09T14:29:23.780Z] Range: bytes=0-1023 -> Serving 1024 bytes for Get You (feat. Kali Uchis)_spotdown.org.mp3
[2026-03-09T14:29:23.782Z] Range: bytes=7640243-7640371 -> Serving 128 bytes for Get You (feat. Kali Uchis)_spotdown.org.mp3
[2026-03-09T14:29:23.786Z] Range: bytes=0-1023 -> Serving 1024 bytes for Girl With The Tattoo Enter.lewd_spotdown.org.mp3
[2026-03-09T14:29:23.788Z] Range: bytes=2829828-2829956 -> Serving 128 bytes for Girl With The Tattoo Enter.lewd_spotdown.org.mp3
[2026-03-09T14:29:23.791Z] Range: bytes=0-40959 -> Serving 40960 bytes for For Free_spotdown.org.mp3
[2026-03-09T14:29:23.793Z] Range: bytes=0-18431 -> Serving 18432 bytes for Gently (feat. Bad Bunny)_spotdown.org.mp3
[2026-03-09T14:29:23.795Z] Range: bytes=0-73727 -> Serving 73728 bytes for Get It Together_spotdown.org.mp3
[2026-03-09T14:29:23.797Z] Range: bytes=0-16383 -> Serving 16384 bytes for Get You (feat. Kali Uchis)_spotdown.org.mp3
[2026-03-09T14:29:23.819Z] Range: bytes=0-29695 -> Serving 29696 bytes for Girl With The Tattoo Enter.lewd_spotdown.org.mp3
[2026-03-09T14:29:23.834Z] Range: bytes=0-1023 -> Serving 1024 bytes for Girls Need Love (with Drake) - Remix_spotdown.org.mp3
[2026-03-09T14:29:23.835Z] Range: bytes=6393161-6393289 -> Serving 128 bytes for Girls Need Love (with Drake) - Remix_spotdown.org.mp3
[2026-03-09T14:29:23.838Z] Range: bytes=0-1023 -> Serving 1024 bytes for Girls Want Girls (with Lil Baby)_spotdown.org.mp3
[2026-03-09T14:29:23.840Z] Range: bytes=6524485-6524613 -> Serving 128 bytes for Girls Want Girls (with Lil Baby)_spotdown.org.mp3
[2026-03-09T14:29:23.841Z] Range: bytes=0-1023 -> Serving 1024 bytes for Give You the World_spotdown.org.mp3
[2026-03-09T14:29:23.843Z] Range: bytes=6969154-6969282 -> Serving 128 bytes for Give You the World_spotdown.org.mp3
[2026-03-09T14:29:23.844Z] Range: bytes=0-1023 -> Serving 1024 bytes for God's Plan_spotdown.org.mp3
[2026-03-09T14:29:23.846Z] Range: bytes=6357433-6357561 -> Serving 128 bytes for God's Plan_spotdown.org.mp3
[2026-03-09T14:29:23.848Z] Range: bytes=0-1023 -> Serving 1024 bytes for Godspeed_spotdown.org.mp3
[2026-03-09T14:29:23.850Z] Range: bytes=5043904-5044032 -> Serving 128 bytes for Godspeed_spotdown.org.mp3
[2026-03-09T14:29:23.852Z] Range: bytes=0-21503 -> Serving 21504 bytes for Girls Need Love (with Drake) - Remix_spotdown.org.mp3
[2026-03-09T14:29:23.854Z] Range: bytes=0-23551 -> Serving 23552 bytes for Girls Want Girls (with Lil Baby)_spotdown.org.mp3
[2026-03-09T14:29:23.855Z] Range: bytes=0-31743 -> Serving 31744 bytes for Give You the World_spotdown.org.mp3
[2026-03-09T14:29:23.857Z] Range: bytes=0-22527 -> Serving 22528 bytes for God's Plan_spotdown.org.mp3
[2026-03-09T14:29:23.875Z] Range: bytes=0-20479 -> Serving 20480 bytes for Godspeed_spotdown.org.mp3
[2026-03-09T14:29:23.893Z] Range: bytes=0-1023 -> Serving 1024 bytes for Going Bad (feat. Drake)_spotdown.org.mp3
[2026-03-09T14:29:23.894Z] Range: bytes=5781220-5781348 -> Serving 128 bytes for Going Bad (feat. Drake)_spotdown.org.mp3
[2026-03-09T14:29:23.897Z] Range: bytes=0-1023 -> Serving 1024 bytes for GREECE (feat. Drake)_spotdown.org.mp3
[2026-03-09T14:29:23.899Z] Range: bytes=6040909-6041037 -> Serving 128 bytes for GREECE (feat. Drake)_spotdown.org.mp3
[2026-03-09T14:29:23.900Z] Range: bytes=0-1023 -> Serving 1024 bytes for Headlines_spotdown.org.mp3
[2026-03-09T14:29:23.902Z] Range: bytes=7072323-7072451 -> Serving 128 bytes for Headlines_spotdown.org.mp3
[2026-03-09T14:29:23.904Z] Range: bytes=0-1023 -> Serving 1024 bytes for Her Way_spotdown.org.mp3
[2026-03-09T14:29:23.906Z] Range: bytes=6429457-6429585 -> Serving 128 bytes for Her Way_spotdown.org.mp3
[2026-03-09T14:29:23.910Z] Range: bytes=0-1023 -> Serving 1024 bytes for Hold Me Down_spotdown.org.mp3
[2026-03-09T14:29:23.911Z] Range: bytes=6254602-6254730 -> Serving 128 bytes for Hold Me Down_spotdown.org.mp3
[2026-03-09T14:29:23.912Z] Range: bytes=0-173055 -> Serving 173056 bytes for Going Bad (feat. Drake)_spotdown.org.mp3
[2026-03-09T14:29:23.915Z] Range: bytes=0-57343 -> Serving 57344 bytes for GREECE (feat. Drake)_spotdown.org.mp3
[2026-03-09T14:29:23.919Z] Range: bytes=0-38911 -> Serving 38912 bytes for Headlines_spotdown.org.mp3
[2026-03-09T14:29:23.923Z] Range: bytes=0-41983 -> Serving 41984 bytes for Her Way_spotdown.org.mp3
[2026-03-09T14:29:23.925Z] Range: bytes=0-16383 -> Serving 16384 bytes for Hold Me Down_spotdown.org.mp3
[2026-03-09T14:29:23.980Z] Range: bytes=0-1023 -> Serving 1024 bytes for Hold On, We're Going Home_spotdown.org.mp3
[2026-03-09T14:29:23.981Z] Range: bytes=6790347-6790475 -> Serving 128 bytes for Hold On, We're Going Home_spotdown.org.mp3
[2026-03-09T14:29:23.982Z] Range: bytes=0-1023 -> Serving 1024 bytes for Hotline Bling_spotdown.org.mp3
[2026-03-09T14:29:23.985Z] Range: bytes=3866148-3866276 -> Serving 128 bytes for Hotline Bling_spotdown.org.mp3
[2026-03-09T14:29:23.987Z] Range: bytes=0-1023 -> Serving 1024 bytes for I'M ON ONE (feat. Drake)_spotdown.org.mp3
[2026-03-09T14:29:23.988Z] Range: bytes=6950200-6950328 -> Serving 128 bytes for I'M ON ONE (feat. Drake)_spotdown.org.mp3
[2026-03-09T14:29:23.991Z] Range: bytes=0-1023 -> Serving 1024 bytes for I'm Upset_spotdown.org.mp3
[2026-03-09T14:29:23.992Z] Range: bytes=6293819-6293947 -> Serving 128 bytes for I'm Upset_spotdown.org.mp3
[2026-03-09T14:29:23.994Z] Range: bytes=0-1023 -> Serving 1024 bytes for IDGAF (feat. Yeat)_spotdown.org.mp3
[2026-03-09T14:29:23.996Z] Range: bytes=7378016-7378144 -> Serving 128 bytes for IDGAF (feat. Yeat)_spotdown.org.mp3
[2026-03-09T14:29:23.998Z] Range: bytes=0-25599 -> Serving 25600 bytes for Hold On, We're Going Home_spotdown.org.mp3
[2026-03-09T14:29:24.000Z] Range: bytes=0-21503 -> Serving 21504 bytes for Hotline Bling_spotdown.org.mp3
[2026-03-09T14:29:24.002Z] Range: bytes=0-23551 -> Serving 23552 bytes for I'M ON ONE (feat. Drake)_spotdown.org.mp3
[2026-03-09T14:29:24.005Z] Range: bytes=0-86015 -> Serving 86016 bytes for I'm Upset_spotdown.org.mp3
[2026-03-09T14:29:24.024Z] Range: bytes=0-18431 -> Serving 18432 bytes for IDGAF (feat. Yeat)_spotdown.org.mp3
[2026-03-09T14:29:24.037Z] Range: bytes=0-1023 -> Serving 1024 bytes for In My Feelings_spotdown.org.mp3
[2026-03-09T14:29:24.039Z] Range: bytes=6004215-6004343 -> Serving 128 bytes for In My Feelings_spotdown.org.mp3
[2026-03-09T14:29:24.041Z] Range: bytes=0-1023 -> Serving 1024 bytes for In The Bible (with Lil Durk & Giveon)_spotdown.org.mp3
[2026-03-09T14:29:24.043Z] Range: bytes=8811152-8811280 -> Serving 128 bytes for In The Bible (with Lil Durk & Giveon)_spotdown.org.mp3
[2026-03-09T14:29:24.044Z] Range: bytes=0-1023 -> Serving 1024 bytes for Infrunami_spotdown.org.mp3
[2026-03-09T14:29:24.046Z] Range: bytes=4449858-4449986 -> Serving 128 bytes for Infrunami_spotdown.org.mp3
[2026-03-09T14:29:24.047Z] Range: bytes=0-1023 -> Serving 1024 bytes for Ivy_spotdown.org.mp3
[2026-03-09T14:29:24.049Z] Range: bytes=7533685-7533813 -> Serving 128 bytes for Ivy_spotdown.org.mp3
[2026-03-09T14:29:24.051Z] Range: bytes=0-1023 -> Serving 1024 bytes for Jaded_spotdown.org.mp3
[2026-03-09T14:29:24.053Z] Range: bytes=8448464-8448592 -> Serving 128 bytes for Jaded_spotdown.org.mp3
[2026-03-09T14:29:24.055Z] Range: bytes=0-86015 -> Serving 86016 bytes for In My Feelings_spotdown.org.mp3
[2026-03-09T14:29:24.057Z] Range: bytes=0-23551 -> Serving 23552 bytes for In The Bible (with Lil Durk & Giveon)_spotdown.org.mp3
[2026-03-09T14:29:24.059Z] Range: bytes=0-37887 -> Serving 37888 bytes for Infrunami_spotdown.org.mp3
[2026-03-09T14:29:24.088Z] Range: bytes=0-20479 -> Serving 20480 bytes for Ivy_spotdown.org.mp3
[2026-03-09T14:29:24.090Z] Range: bytes=0-22527 -> Serving 22528 bytes for Jaded_spotdown.org.mp3
[2026-03-09T14:29:24.110Z] Range: bytes=0-1023 -> Serving 1024 bytes for Japanese Denim_spotdown.org.mp3
[2026-03-09T14:29:24.112Z] Range: bytes=7619790-7619918 -> Serving 128 bytes for Japanese Denim_spotdown.org.mp3
[2026-03-09T14:29:24.114Z] Range: bytes=0-1023 -> Serving 1024 bytes for Jimmy Cooks (feat. 21 Savage)_spotdown.org.mp3
[2026-03-09T14:29:24.116Z] Range: bytes=6590588-6590716 -> Serving 128 bytes for Jimmy Cooks (feat. 21 Savage)_spotdown.org.mp3
[2026-03-09T14:29:24.117Z] Range: bytes=0-1023 -> Serving 1024 bytes for Jumpman_spotdown.org.mp3
[2026-03-09T14:29:24.119Z] Range: bytes=6159467-6159595 -> Serving 128 bytes for Jumpman_spotdown.org.mp3
[2026-03-09T14:29:24.121Z] Range: bytes=0-1023 -> Serving 1024 bytes for Knife Talk (with 21 Savage ft. Project Pat)_spotdown.org.mp3
[2026-03-09T14:29:24.123Z] Range: bytes=7371250-7371378 -> Serving 128 bytes for Knife Talk (with 21 Savage ft. Project Pat)_spotdown.org.mp3
[2026-03-09T14:29:24.125Z] Range: bytes=0-1023 -> Serving 1024 bytes for Know Yourself_spotdown.org.mp3
[2026-03-09T14:29:24.128Z] Range: bytes=6816421-6816549 -> Serving 128 bytes for Know Yourself_spotdown.org.mp3
[2026-03-09T14:29:24.130Z] Range: bytes=0-47103 -> Serving 47104 bytes for Japanese Denim_spotdown.org.mp3
[2026-03-09T14:29:24.132Z] Range: bytes=0-30719 -> Serving 30720 bytes for Jimmy Cooks (feat. 21 Savage)_spotdown.org.mp3
[2026-03-09T14:29:24.134Z] Range: bytes=0-45055 -> Serving 45056 bytes for Jumpman_spotdown.org.mp3
[2026-03-09T14:29:24.135Z] Range: bytes=0-23551 -> Serving 23552 bytes for Knife Talk (with 21 Savage ft. Project Pat)_spotdown.org.mp3
[2026-03-09T14:29:24.155Z] Range: bytes=0-53247 -> Serving 53248 bytes for Know Yourself_spotdown.org.mp3
[2026-03-09T14:29:24.179Z] Range: bytes=0-1023 -> Serving 1024 bytes for Laugh Now Cry Later (feat. Lil Durk)_spotdown.org.mp3
[2026-03-09T14:29:24.181Z] Range: bytes=7313975-7314103 -> Serving 128 bytes for Laugh Now Cry Later (feat. Lil Durk)_spotdown.org.mp3
[2026-03-09T14:29:24.182Z] Range: bytes=0-1023 -> Serving 1024 bytes for Legend_spotdown.org.mp3
[2026-03-09T14:29:24.183Z] Range: bytes=7423289-7423417 -> Serving 128 bytes for Legend_spotdown.org.mp3
[2026-03-09T14:29:24.185Z] Range: bytes=0-1023 -> Serving 1024 bytes for Life Is Good (feat. Drake)_spotdown.org.mp3
[2026-03-09T14:29:24.186Z] Range: bytes=6962900-6963028 -> Serving 128 bytes for Life Is Good (feat. Drake)_spotdown.org.mp3
[2026-03-09T14:29:24.189Z] Range: bytes=0-1023 -> Serving 1024 bytes for Look Alive (feat. Drake)_spotdown.org.mp3
[2026-03-09T14:29:24.191Z] Range: bytes=5384505-5384633 -> Serving 128 bytes for Look Alive (feat. Drake)_spotdown.org.mp3
[2026-03-09T14:29:24.193Z] Range: bytes=0-1023 -> Serving 1024 bytes for Loose_spotdown.org.mp3
[2026-03-09T14:29:24.195Z] Range: bytes=4579606-4579734 -> Serving 128 bytes for Loose_spotdown.org.mp3
[2026-03-09T14:29:24.197Z] Range: bytes=0-34815 -> Serving 34816 bytes for Laugh Now Cry Later (feat. Lil Durk)_spotdown.org.mp3
[2026-03-09T14:29:24.199Z] Range: bytes=0-19455 -> Serving 19456 bytes for Legend_spotdown.org.mp3
[2026-03-09T14:29:24.202Z] Range: bytes=0-39935 -> Serving 39936 bytes for Life Is Good (feat. Drake)_spotdown.org.mp3
[2026-03-09T14:29:24.205Z] Range: bytes=0-69631 -> Serving 69632 bytes for Look Alive (feat. Drake)_spotdown.org.mp3
[2026-03-09T14:29:24.227Z] Range: bytes=0-84991 -> Serving 84992 bytes for Loose_spotdown.org.mp3
[2026-03-09T14:29:24.248Z] Range: bytes=0-1023 -> Serving 1024 bytes for Lost_spotdown.org.mp3
[2026-03-09T14:29:24.250Z] Range: bytes=6958074-6958202 -> Serving 128 bytes for Lost_spotdown.org.mp3
[2026-03-09T14:29:24.252Z] Range: bytes=0-1023 -> Serving 1024 bytes for Love Is Only a Feeling_spotdown.org.mp3
[2026-03-09T14:29:24.254Z] Range: bytes=3860145-3860273 -> Serving 128 bytes for Love Is Only a Feeling_spotdown.org.mp3
[2026-03-09T14:29:24.256Z] Range: bytes=0-1023 -> Serving 1024 bytes for LOVE. FEAT. ZACARI._spotdown.org.mp3
[2026-03-09T14:29:24.257Z] Range: bytes=5989775-5989903 -> Serving 128 bytes for LOVE. FEAT. ZACARI._spotdown.org.mp3
[2026-03-09T14:29:24.258Z] Range: bytes=0-1023 -> Serving 1024 bytes for Major Distribution_spotdown.org.mp3
[2026-03-09T14:29:24.261Z] Range: bytes=4365605-4365733 -> Serving 128 bytes for Major Distribution_spotdown.org.mp3
[2026-03-09T14:29:24.262Z] Range: bytes=0-1023 -> Serving 1024 bytes for Marvins Room_spotdown.org.mp3
[2026-03-09T14:29:24.264Z] Range: bytes=9286084-9286212 -> Serving 128 bytes for Marvins Room_spotdown.org.mp3
[2026-03-09T14:29:24.266Z] Range: bytes=0-21503 -> Serving 21504 bytes for Lost_spotdown.org.mp3
[2026-03-09T14:29:24.268Z] Range: bytes=0-41983 -> Serving 41984 bytes for Love Is Only a Feeling_spotdown.org.mp3
[2026-03-09T14:29:24.271Z] Range: bytes=0-32767 -> Serving 32768 bytes for LOVE. FEAT. ZACARI._spotdown.org.mp3
[2026-03-09T14:29:24.283Z] Range: bytes=0-33791 -> Serving 33792 bytes for Major Distribution_spotdown.org.mp3
[2026-03-09T14:29:24.284Z] Range: bytes=0-38911 -> Serving 38912 bytes for Marvins Room_spotdown.org.mp3
[2026-03-09T14:29:24.305Z] Range: bytes=0-1023 -> Serving 1024 bytes for Massive_spotdown.org.mp3
[2026-03-09T14:29:24.307Z] Range: bytes=9938064-9938192 -> Serving 128 bytes for Massive_spotdown.org.mp3
[2026-03-09T14:29:24.309Z] Range: bytes=0-1023 -> Serving 1024 bytes for MELTDOWN (feat. Drake)_spotdown.org.mp3
[2026-03-09T14:29:24.311Z] Range: bytes=7095525-7095653 -> Serving 128 bytes for MELTDOWN (feat. Drake)_spotdown.org.mp3
[2026-03-09T14:29:24.312Z] Range: bytes=0-1023 -> Serving 1024 bytes for MIA (feat. Drake)_spotdown.org.mp3
[2026-03-09T14:29:24.314Z] Range: bytes=6194048-6194176 -> Serving 128 bytes for MIA (feat. Drake)_spotdown.org.mp3
[2026-03-09T14:29:24.316Z] Range: bytes=0-1023 -> Serving 1024 bytes for Middle of the Ocean_spotdown.org.mp3
[2026-03-09T14:29:24.320Z] Range: bytes=5536043-5536171 -> Serving 128 bytes for Middle of the Ocean_spotdown.org.mp3
[2026-03-09T14:29:24.321Z] Range: bytes=0-1023 -> Serving 1024 bytes for Mob Ties_spotdown.org.mp3
[2026-03-09T14:29:24.322Z] Range: bytes=5722529-5722657 -> Serving 128 bytes for Mob Ties_spotdown.org.mp3
[2026-03-09T14:29:24.325Z] Range: bytes=0-96255 -> Serving 96256 bytes for Massive_spotdown.org.mp3
[2026-03-09T14:29:24.327Z] Range: bytes=0-9215 -> Serving 9216 bytes for MELTDOWN (feat. Drake)_spotdown.org.mp3
[2026-03-09T14:29:24.330Z] Range: bytes=0-16383 -> Serving 16384 bytes for MIA (feat. Drake)_spotdown.org.mp3
[2026-03-09T14:29:24.346Z] Range: bytes=0-33791 -> Serving 33792 bytes for Middle of the Ocean_spotdown.org.mp3
[2026-03-09T14:29:24.347Z] Range: bytes=0-22527 -> Serving 22528 bytes for Mob Ties_spotdown.org.mp3
[2026-03-09T14:29:24.364Z] Range: bytes=0-1023 -> Serving 1024 bytes for Money In The Grave (Drake ft. Rick Ross)_spotdown.org.mp3
[2026-03-09T14:29:24.365Z] Range: bytes=6132187-6132315 -> Serving 128 bytes for Money In The Grave (Drake ft. Rick Ross)_spotdown.org.mp3
[2026-03-09T14:29:24.367Z] Range: bytes=0-1023 -> Serving 1024 bytes for Mr. Right Now (feat. Drake)_spotdown.org.mp3
[2026-03-09T14:29:24.368Z] Range: bytes=6585681-6585809 -> Serving 128 bytes for Mr. Right Now (feat. Drake)_spotdown.org.mp3
[2026-03-09T14:29:24.371Z] Range: bytes=0-1023 -> Serving 1024 bytes for My Way (feat. Monty)_spotdown.org.mp3
[2026-03-09T14:29:24.372Z] Range: bytes=6429737-6429865 -> Serving 128 bytes for My Way (feat. Monty)_spotdown.org.mp3
[2026-03-09T14:29:24.374Z] Range: bytes=0-1023 -> Serving 1024 bytes for N Side_spotdown.org.mp3
[2026-03-09T14:29:24.376Z] Range: bytes=7446338-7446466 -> Serving 128 bytes for N Side_spotdown.org.mp3
[2026-03-09T14:29:24.379Z] Range: bytes=0-1023 -> Serving 1024 bytes for Needle (feat. Drake)_spotdown.org.mp3
[2026-03-09T14:29:24.380Z] Range: bytes=7204589-7204717 -> Serving 128 bytes for Needle (feat. Drake)_spotdown.org.mp3
[2026-03-09T14:29:24.382Z] Range: bytes=0-16383 -> Serving 16384 bytes for Money In The Grave (Drake ft. Rick Ross)_spotdown.org.mp3
[2026-03-09T14:29:24.384Z] Range: bytes=0-70655 -> Serving 70656 bytes for Mr. Right Now (feat. Drake)_spotdown.org.mp3
[2026-03-09T14:29:24.387Z] Range: bytes=0-113663 -> Serving 113664 bytes for My Way (feat. Monty)_spotdown.org.mp3
[2026-03-09T14:29:24.390Z] Range: bytes=0-20479 -> Serving 20480 bytes for N Side_spotdown.org.mp3
[2026-03-09T14:29:24.428Z] Range: bytes=0-127999 -> Serving 128000 bytes for Needle (feat. Drake)_spotdown.org.mp3
[2026-03-09T14:29:24.456Z] Range: bytes=0-1023 -> Serving 1024 bytes for Nice For What_spotdown.org.mp3
[2026-03-09T14:29:24.457Z] Range: bytes=5995567-5995695 -> Serving 128 bytes for Nice For What_spotdown.org.mp3
[2026-03-09T14:29:24.458Z] Range: bytes=0-1023 -> Serving 1024 bytes for Nights_spotdown.org.mp3
[2026-03-09T14:29:24.461Z] Range: bytes=8998451-8998579 -> Serving 128 bytes for Nights_spotdown.org.mp3
[2026-03-09T14:29:24.462Z] Range: bytes=0-1023 -> Serving 1024 bytes for No Guidance (feat. Drake)_spotdown.org.mp3
[2026-03-09T14:29:24.463Z] Range: bytes=7199968-7200096 -> Serving 128 bytes for No Guidance (feat. Drake)_spotdown.org.mp3
[2026-03-09T14:29:24.465Z] Range: bytes=0-1023 -> Serving 1024 bytes for Nonstop_spotdown.org.mp3
[2026-03-09T14:29:24.466Z] Range: bytes=6712667-6712795 -> Serving 128 bytes for Nonstop_spotdown.org.mp3
[2026-03-09T14:29:24.468Z] Range: bytes=0-1023 -> Serving 1024 bytes for Not You Too (feat. Chris Brown)_spotdown.org.mp3
[2026-03-09T14:29:24.469Z] Range: bytes=7665210-7665338 -> Serving 128 bytes for Not You Too (feat. Chris Brown)_spotdown.org.mp3
[2026-03-09T14:29:24.473Z] Range: bytes=0-22527 -> Serving 22528 bytes for Nice For What_spotdown.org.mp3
[2026-03-09T14:29:24.475Z] Range: bytes=0-82943 -> Serving 82944 bytes for Nights_spotdown.org.mp3
[2026-03-09T14:29:24.476Z] Range: bytes=0-129023 -> Serving 129024 bytes for No Guidance (feat. Drake)_spotdown.org.mp3
[2026-03-09T14:29:24.480Z] Range: bytes=0-22527 -> Serving 22528 bytes for Nonstop_spotdown.org.mp3
[2026-03-09T14:29:24.481Z] Range: bytes=0-41983 -> Serving 41984 bytes for Not You Too (feat. Chris Brown)_spotdown.org.mp3
[2026-03-09T14:29:24.521Z] Range: bytes=0-1023 -> Serving 1024 bytes for Omertà_spotdown.org.mp3
[2026-03-09T14:29:24.523Z] Range: bytes=6524785-6524913 -> Serving 128 bytes for Omertà_spotdown.org.mp3
[2026-03-09T14:29:24.524Z] Range: bytes=0-1023 -> Serving 1024 bytes for On BS_spotdown.org.mp3
[2026-03-09T14:29:24.527Z] Range: bytes=7266820-7266948 -> Serving 128 bytes for On BS_spotdown.org.mp3
[2026-03-09T14:29:24.528Z] Range: bytes=0-1023 -> Serving 1024 bytes for One Dance_spotdown.org.mp3
[2026-03-09T14:29:24.529Z] Range: bytes=121250-121378 -> Serving 128 bytes for One Dance_spotdown.org.mp3
[2026-03-09T14:29:24.530Z] Range: bytes=0-1023 -> Serving 1024 bytes for One Night Only_spotdown.org.mp3
[2026-03-09T14:29:24.533Z] Range: bytes=5993211-5993339 -> Serving 128 bytes for One Night Only_spotdown.org.mp3
[2026-03-09T14:29:24.535Z] Range: bytes=0-1023 -> Serving 1024 bytes for Passionfruit_spotdown.org.mp3
[2026-03-09T14:29:24.538Z] Range: bytes=8894277-8894405 -> Serving 128 bytes for Passionfruit_spotdown.org.mp3
[2026-03-09T14:29:24.539Z] Range: bytes=0-16383 -> Serving 16384 bytes for Omertà_spotdown.org.mp3
[2026-03-09T14:29:24.541Z] Range: bytes=0-133119 -> Serving 133120 bytes for On BS_spotdown.org.mp3
[2026-03-09T14:29:24.542Z] Range: bytes=0-21503 -> Serving 21504 bytes for One Dance_spotdown.org.mp3
[2026-03-09T14:29:24.545Z] Range: bytes=0-109567 -> Serving 109568 bytes for One Night Only_spotdown.org.mp3
[2026-03-09T14:29:24.580Z] Range: bytes=0-23551 -> Serving 23552 bytes for Passionfruit_spotdown.org.mp3
[2026-03-09T14:29:24.594Z] Range: bytes=0-1023 -> Serving 1024 bytes for Peak_spotdown.org.mp3
[2026-03-09T14:29:24.596Z] Range: bytes=6251988-6252116 -> Serving 128 bytes for Peak_spotdown.org.mp3
[2026-03-09T14:29:24.597Z] Range: bytes=0-1023 -> Serving 1024 bytes for Pink + White_spotdown.org.mp3
[2026-03-09T14:29:24.598Z] Range: bytes=5568324-5568452 -> Serving 128 bytes for Pink + White_spotdown.org.mp3
[2026-03-09T14:29:24.601Z] Range: bytes=0-1023 -> Serving 1024 bytes for Pink Matter_spotdown.org.mp3
[2026-03-09T14:29:24.602Z] Range: bytes=7174002-7174130 -> Serving 128 bytes for Pink Matter_spotdown.org.mp3
[2026-03-09T14:29:24.605Z] Range: bytes=0-1023 -> Serving 1024 bytes for POPSTAR (feat. Drake)_spotdown.org.mp3
[2026-03-09T14:29:24.606Z] Range: bytes=5036815-5036943 -> Serving 128 bytes for POPSTAR (feat. Drake)_spotdown.org.mp3
[2026-03-09T14:29:24.608Z] Range: bytes=0-1023 -> Serving 1024 bytes for Push Ups_spotdown.org.mp3
[2026-03-09T14:29:24.609Z] Range: bytes=6396747-6396875 -> Serving 128 bytes for Push Ups_spotdown.org.mp3
[2026-03-09T14:29:24.610Z] Range: bytes=0-22527 -> Serving 22528 bytes for Peak_spotdown.org.mp3
[2026-03-09T14:29:24.613Z] Range: bytes=0-20479 -> Serving 20480 bytes for Pink + White_spotdown.org.mp3
[2026-03-09T14:29:24.615Z] Range: bytes=0-22527 -> Serving 22528 bytes for Pink Matter_spotdown.org.mp3
[2026-03-09T14:29:24.626Z] Range: bytes=0-55295 -> Serving 55296 bytes for POPSTAR (feat. Drake)_spotdown.org.mp3
[2026-03-09T14:29:24.627Z] Range: bytes=0-102399 -> Serving 102400 bytes for Push Ups_spotdown.org.mp3
[2026-03-09T14:29:24.657Z] Range: bytes=0-1023 -> Serving 1024 bytes for Pussy & Millions (feat. Travis Scott)_spotdown.org.mp3
[2026-03-09T14:29:24.660Z] Range: bytes=2160278-2160406 -> Serving 128 bytes for Pussy & Millions (feat. Travis Scott)_spotdown.org.mp3
[2026-03-09T14:29:24.661Z] Range: bytes=0-1023 -> Serving 1024 bytes for Recognize (feat. Drake)_spotdown.org (1).mp3
[2026-03-09T14:29:24.662Z] Range: bytes=9251871-9251999 -> Serving 128 bytes for Recognize (feat. Drake)_spotdown.org (1).mp3
[2026-03-09T14:29:24.664Z] Range: bytes=0-1023 -> Serving 1024 bytes for Recognize (feat. Drake)_spotdown.org.mp3
[2026-03-09T14:29:24.665Z] Range: bytes=9223868-9223996 -> Serving 128 bytes for Recognize (feat. Drake)_spotdown.org.mp3
[2026-03-09T14:29:24.667Z] Range: bytes=0-1023 -> Serving 1024 bytes for Rich Baby Daddy (feat. Sexyy Red & SZA)_spotdown.org.mp3
[2026-03-09T14:29:24.668Z] Range: bytes=9544906-9545034 -> Serving 128 bytes for Rich Baby Daddy (feat. Sexyy Red & SZA)_spotdown.org.mp3
[2026-03-09T14:29:24.672Z] Range: bytes=0-1023 -> Serving 1024 bytes for Rich Flex_spotdown.org.mp3
[2026-03-09T14:29:24.673Z] Range: bytes=6970132-6970260 -> Serving 128 bytes for Rich Flex_spotdown.org.mp3
[2026-03-09T14:29:24.675Z] Range: bytes=0-33791 -> Serving 33792 bytes for Pussy & Millions (feat. Travis Scott)_spotdown.org.mp3
[2026-03-09T14:29:24.677Z] Range: bytes=0-41983 -> Serving 41984 bytes for Recognize (feat. Drake)_spotdown.org (1).mp3
[2026-03-09T14:29:24.679Z] Range: bytes=0-14335 -> Serving 14336 bytes for Recognize (feat. Drake)_spotdown.org.mp3
[2026-03-09T14:29:24.681Z] Range: bytes=0-18431 -> Serving 18432 bytes for Rich Baby Daddy (feat. Sexyy Red & SZA)_spotdown.org.mp3
[2026-03-09T14:29:24.695Z] Range: bytes=0-132095 -> Serving 132096 bytes for Rich Flex_spotdown.org.mp3
[2026-03-09T14:29:24.724Z] Range: bytes=0-1023 -> Serving 1024 bytes for Sativa_spotdown.org.mp3
[2026-03-09T14:29:24.725Z] Range: bytes=8435046-8435174 -> Serving 128 bytes for Sativa_spotdown.org.mp3
[2026-03-09T14:29:24.727Z] Range: bytes=0-1023 -> Serving 1024 bytes for Search & Rescue_spotdown.org.mp3
[2026-03-09T14:29:24.728Z] Range: bytes=7666337-7666465 -> Serving 128 bytes for Search & Rescue_spotdown.org.mp3
[2026-03-09T14:29:24.730Z] Range: bytes=0-1023 -> Serving 1024 bytes for Self Control_spotdown.org.mp3
[2026-03-09T14:29:24.731Z] Range: bytes=6616223-6616351 -> Serving 128 bytes for Self Control_spotdown.org.mp3
[2026-03-09T14:29:24.733Z] Range: bytes=0-1023 -> Serving 1024 bytes for She_spotdown.org.mp3
[2026-03-09T14:29:24.734Z] Range: bytes=7372052-7372180 -> Serving 128 bytes for She_spotdown.org.mp3
[2026-03-09T14:29:24.737Z] Range: bytes=0-1023 -> Serving 1024 bytes for Shot For Me_spotdown.org.mp3
[2026-03-09T14:29:24.738Z] Range: bytes=6146179-6146307 -> Serving 128 bytes for Shot For Me_spotdown.org.mp3
[2026-03-09T14:29:24.740Z] Range: bytes=0-214015 -> Serving 214016 bytes for Sativa_spotdown.org.mp3
[2026-03-09T14:29:24.742Z] Range: bytes=0-12287 -> Serving 12288 bytes for Search & Rescue_spotdown.org.mp3
[2026-03-09T14:29:24.746Z] Range: bytes=0-82943 -> Serving 82944 bytes for Self Control_spotdown.org.mp3
[2026-03-09T14:29:24.747Z] Range: bytes=0-147455 -> Serving 147456 bytes for She_spotdown.org.mp3
[2026-03-09T14:29:24.822Z] Range: bytes=0-38911 -> Serving 38912 bytes for Shot For Me_spotdown.org.mp3
[2026-03-09T14:29:24.837Z] Range: bytes=0-1023 -> Serving 1024 bytes for SICKO MODE_spotdown.org.mp3
[2026-03-09T14:29:24.839Z] Range: bytes=9408955-9409083 -> Serving 128 bytes for SICKO MODE_spotdown.org.mp3
[2026-03-09T14:29:24.840Z] Range: bytes=0-1023 -> Serving 1024 bytes for Sideways_spotdown.org.mp3
[2026-03-09T14:29:24.842Z] Range: bytes=8261138-8261266 -> Serving 128 bytes for Sideways_spotdown.org.mp3
[2026-03-09T14:29:24.844Z] Range: bytes=0-1023 -> Serving 1024 bytes for Slide (feat. Frank Ocean & Migos)_spotdown.org.mp3
[2026-03-09T14:29:24.845Z] Range: bytes=6869276-6869404 -> Serving 128 bytes for Slide (feat. Frank Ocean & Migos)_spotdown.org.mp3
[2026-03-09T14:29:24.847Z] Range: bytes=0-1023 -> Serving 1024 bytes for Slime You Out (feat. SZA)_spotdown.org.mp3
[2026-03-09T14:29:24.849Z] Range: bytes=8438087-8438215 -> Serving 128 bytes for Slime You Out (feat. SZA)_spotdown.org.mp3
[2026-03-09T14:29:24.852Z] Range: bytes=0-1023 -> Serving 1024 bytes for SLOW DANCING IN THE DARK_spotdown.org.mp3
[2026-03-09T14:29:24.854Z] Range: bytes=5685187-5685315 -> Serving 128 bytes for SLOW DANCING IN THE DARK_spotdown.org.mp3
[2026-03-09T14:29:24.856Z] Range: bytes=0-185343 -> Serving 185344 bytes for SICKO MODE_spotdown.org.mp3
[2026-03-09T14:29:24.859Z] Range: bytes=0-178175 -> Serving 178176 bytes for Sideways_spotdown.org.mp3
[2026-03-09T14:29:24.863Z] Range: bytes=0-28671 -> Serving 28672 bytes for Slide (feat. Frank Ocean & Migos)_spotdown.org.mp3
[2026-03-09T14:29:24.865Z] Range: bytes=0-75775 -> Serving 75776 bytes for Slime You Out (feat. SZA)_spotdown.org.mp3
[2026-03-09T14:29:24.872Z] Range: bytes=0-121855 -> Serving 121856 bytes for SLOW DANCING IN THE DARK_spotdown.org.mp3
[2026-03-09T14:29:24.961Z] Range: bytes=0-1023 -> Serving 1024 bytes for Small Worlds_spotdown.org.mp3
[2026-03-09T14:29:24.964Z] Range: bytes=8102302-8102430 -> Serving 128 bytes for Small Worlds_spotdown.org.mp3
[2026-03-09T14:29:24.965Z] Range: bytes=0-1023 -> Serving 1024 bytes for Sooner Than Later_spotdown.org.mp3
[2026-03-09T14:29:24.967Z] Range: bytes=7020264-7020392 -> Serving 128 bytes for Sooner Than Later_spotdown.org.mp3
[2026-03-09T14:29:24.970Z] Range: bytes=6578004-6578132 -> Serving 128 bytes for Spin Bout U_spotdown.org.mp3
[2026-03-09T14:29:24.972Z] Range: bytes=0-1023 -> Serving 1024 bytes for Spin Bout U_spotdown.org.mp3
[2026-03-09T14:29:24.976Z] Range: bytes=0-1023 -> Serving 1024 bytes for Started From the Bottom_spotdown.org.mp3
[2026-03-09T14:29:24.977Z] Range: bytes=4743159-4743287 -> Serving 128 bytes for Started From the Bottom_spotdown.org.mp3
[2026-03-09T14:29:24.981Z] Range: bytes=0-1023 -> Serving 1024 bytes for Sticky_spotdown.org.mp3
[2026-03-09T14:29:24.982Z] Range: bytes=7108308-7108436 -> Serving 128 bytes for Sticky_spotdown.org.mp3
[2026-03-09T14:29:24.987Z] Range: bytes=0-11263 -> Serving 11264 bytes for Small Worlds_spotdown.org.mp3
[2026-03-09T14:29:24.989Z] Range: bytes=0-11263 -> Serving 11264 bytes for Sooner Than Later_spotdown.org.mp3
[2026-03-09T14:29:24.991Z] Range: bytes=0-133119 -> Serving 133120 bytes for Spin Bout U_spotdown.org.mp3
[2026-03-09T14:29:24.993Z] Range: bytes=0-25599 -> Serving 25600 bytes for Started From the Bottom_spotdown.org.mp3
[2026-03-09T14:29:24.996Z] Range: bytes=0-30719 -> Serving 30720 bytes for Sticky_spotdown.org.mp3
[2026-03-09T14:29:25.036Z] Range: bytes=0-1023 -> Serving 1024 bytes for Sunday (feat. Frank Ocean)_spotdown.org.mp3
[2026-03-09T14:29:25.040Z] Range: bytes=6307517-6307645 -> Serving 128 bytes for Sunday (feat. Frank Ocean)_spotdown.org.mp3
[2026-03-09T14:29:25.041Z] Range: bytes=0-1023 -> Serving 1024 bytes for Sunshine (feat. Fousheé)_spotdown.org.mp3
[2026-03-09T14:29:25.043Z] Range: bytes=9559776-9559904 -> Serving 128 bytes for Sunshine (feat. Fousheé)_spotdown.org.mp3
[2026-03-09T14:29:25.045Z] Range: bytes=0-1023 -> Serving 1024 bytes for Super Rich Kids_spotdown.org.mp3
[2026-03-09T14:29:25.047Z] Range: bytes=8814909-8815037 -> Serving 128 bytes for Super Rich Kids_spotdown.org.mp3
[2026-03-09T14:29:25.050Z] Range: bytes=0-1023 -> Serving 1024 bytes for Superpower (feat. Frank Ocean)_spotdown.org.mp3
[2026-03-09T14:29:25.056Z] Range: bytes=7987819-7987947 -> Serving 128 bytes for Superpower (feat. Frank Ocean)_spotdown.org.mp3
[2026-03-09T14:29:25.058Z] Range: bytes=0-1023 -> Serving 1024 bytes for Superpowers_spotdown.org.mp3
[2026-03-09T14:29:25.059Z] Range: bytes=5118888-5119016 -> Serving 128 bytes for Superpowers_spotdown.org.mp3
[2026-03-09T14:29:25.061Z] Range: bytes=0-30719 -> Serving 30720 bytes for Sunday (feat. Frank Ocean)_spotdown.org.mp3
[2026-03-09T14:29:25.064Z] Range: bytes=0-31743 -> Serving 31744 bytes for Sunshine (feat. Fousheé)_spotdown.org.mp3
[2026-03-09T14:29:25.067Z] Range: bytes=0-22527 -> Serving 22528 bytes for Super Rich Kids_spotdown.org.mp3
[2026-03-09T14:29:25.085Z] Range: bytes=0-7167 -> Serving 7168 bytes for Superpower (feat. Frank Ocean)_spotdown.org.mp3
[2026-03-09T14:29:25.087Z] Range: bytes=0-33791 -> Serving 33792 bytes for Superpowers_spotdown.org.mp3
[2026-03-09T14:29:25.117Z] Range: bytes=0-1023 -> Serving 1024 bytes for Sure Thing_spotdown.org.mp3
[2026-03-09T14:29:25.121Z] Range: bytes=5995909-5996037 -> Serving 128 bytes for Sure Thing_spotdown.org.mp3
[2026-03-09T14:29:25.125Z] Range: bytes=0-1023 -> Serving 1024 bytes for Talk Up (feat. Jay-Z)_spotdown.org.mp3
[2026-03-09T14:29:25.126Z] Range: bytes=3655528-3655656 -> Serving 128 bytes for Talk Up (feat. Jay-Z)_spotdown.org.mp3
[2026-03-09T14:29:25.128Z] Range: bytes=0-1023 -> Serving 1024 bytes for That’s How You Feel_spotdown.org.mp3
[2026-03-09T14:29:25.129Z] Range: bytes=4297087-4297215 -> Serving 128 bytes for That’s How You Feel_spotdown.org.mp3
[2026-03-09T14:29:25.134Z] Range: bytes=0-1023 -> Serving 1024 bytes for The Motto_spotdown.org.mp3
[2026-03-09T14:29:25.136Z] Range: bytes=4927975-4928103 -> Serving 128 bytes for The Motto_spotdown.org.mp3
[2026-03-09T14:29:25.139Z] Range: bytes=0-1023 -> Serving 1024 bytes for Thinkin Bout You_spotdown.org.mp3
[2026-03-09T14:29:25.142Z] Range: bytes=5861879-5862007 -> Serving 128 bytes for Thinkin Bout You_spotdown.org.mp3
[2026-03-09T14:29:25.145Z] Range: bytes=0-29695 -> Serving 29696 bytes for Sure Thing_spotdown.org.mp3
[2026-03-09T14:29:25.146Z] Range: bytes=0-22527 -> Serving 22528 bytes for Talk Up (feat. Jay-Z)_spotdown.org.mp3
[2026-03-09T14:29:25.149Z] Range: bytes=0-22527 -> Serving 22528 bytes for That’s How You Feel_spotdown.org.mp3
[2026-03-09T14:29:25.151Z] Range: bytes=0-138239 -> Serving 138240 bytes for The Motto_spotdown.org.mp3
[2026-03-09T14:29:25.156Z] Range: bytes=0-22527 -> Serving 22528 bytes for Thinkin Bout You_spotdown.org.mp3
[2026-03-09T14:29:25.206Z] Range: bytes=0-1023 -> Serving 1024 bytes for Too Fast_spotdown.org.mp3
[2026-03-09T14:29:25.209Z] Range: bytes=8615192-8615320 -> Serving 128 bytes for Too Fast_spotdown.org.mp3
[2026-03-09T14:29:25.210Z] Range: bytes=0-1023 -> Serving 1024 bytes for Toosie Slide_spotdown.org.mp3
[2026-03-09T14:29:25.212Z] Range: bytes=6497720-6497848 -> Serving 128 bytes for Toosie Slide_spotdown.org.mp3
[2026-03-09T14:29:25.214Z] Range: bytes=0-1023 -> Serving 1024 bytes for Trust Issues_spotdown.org.mp3
[2026-03-09T14:29:25.216Z] Range: bytes=8069210-8069338 -> Serving 128 bytes for Trust Issues_spotdown.org.mp3
[2026-03-09T14:29:25.219Z] Range: bytes=0-1023 -> Serving 1024 bytes for TSU_spotdown.org.mp3
[2026-03-09T14:29:25.221Z] Range: bytes=8987656-8987784 -> Serving 128 bytes for TSU_spotdown.org.mp3
[2026-03-09T14:29:25.224Z] Range: bytes=0-1023 -> Serving 1024 bytes for Virginia Beach_spotdown.org.mp3
[2026-03-09T14:29:25.225Z] Range: bytes=7022280-7022408 -> Serving 128 bytes for Virginia Beach_spotdown.org.mp3
[2026-03-09T14:29:25.228Z] Range: bytes=0-27647 -> Serving 27648 bytes for Too Fast_spotdown.org.mp3
[2026-03-09T14:29:25.230Z] Range: bytes=0-41983 -> Serving 41984 bytes for Toosie Slide_spotdown.org.mp3
[2026-03-09T14:29:25.232Z] Range: bytes=0-70655 -> Serving 70656 bytes for Trust Issues_spotdown.org.mp3
[2026-03-09T14:29:25.235Z] Range: bytes=0-23551 -> Serving 23552 bytes for TSU_spotdown.org.mp3
[2026-03-09T14:29:25.257Z] Range: bytes=0-18431 -> Serving 18432 bytes for Virginia Beach_spotdown.org.mp3
[2026-03-09T14:29:25.274Z] Range: bytes=0-1023 -> Serving 1024 bytes for WAIT FOR U (feat. Drake & Tems)_spotdown.org.mp3
[2026-03-09T14:29:25.275Z] Range: bytes=5632773-5632901 -> Serving 128 bytes for WAIT FOR U (feat. Drake & Tems)_spotdown.org.mp3
[2026-03-09T14:29:25.277Z] Range: bytes=0-1023 -> Serving 1024 bytes for Walk It Talk It_spotdown.org.mp3
[2026-03-09T14:29:25.279Z] Range: bytes=8235748-8235876 -> Serving 128 bytes for Walk It Talk It_spotdown.org.mp3
[2026-03-09T14:29:25.281Z] Range: bytes=0-1023 -> Serving 1024 bytes for Wants and Needs (feat. Lil Baby)_spotdown.org.mp3
[2026-03-09T14:29:25.283Z] Range: bytes=5574923-5575051 -> Serving 128 bytes for Wants and Needs (feat. Lil Baby)_spotdown.org.mp3
[2026-03-09T14:29:25.287Z] Range: bytes=0-1023 -> Serving 1024 bytes for Way 2 Sexy (with Future & Young Thug)_spotdown.org.mp3
[2026-03-09T14:29:25.290Z] Range: bytes=7357534-7357662 -> Serving 128 bytes for Way 2 Sexy (with Future & Young Thug)_spotdown.org.mp3
[2026-03-09T14:29:25.291Z] Range: bytes=0-1023 -> Serving 1024 bytes for We Find Love_spotdown.org.mp3
[2026-03-09T14:29:25.293Z] Range: bytes=7215792-7215920 -> Serving 128 bytes for We Find Love_spotdown.org.mp3
[2026-03-09T14:29:25.294Z] Range: bytes=0-94207 -> Serving 94208 bytes for WAIT FOR U (feat. Drake & Tems)_spotdown.org.mp3
[2026-03-09T14:29:25.298Z] Range: bytes=0-105471 -> Serving 105472 bytes for Walk It Talk It_spotdown.org.mp3
[2026-03-09T14:29:25.301Z] Range: bytes=0-11263 -> Serving 11264 bytes for Wants and Needs (feat. Lil Baby)_spotdown.org.mp3
[2026-03-09T14:29:25.307Z] Range: bytes=0-64511 -> Serving 64512 bytes for Way 2 Sexy (with Future & Young Thug)_spotdown.org.mp3
[2026-03-09T14:29:25.345Z] Range: bytes=0-84991 -> Serving 84992 bytes for We Find Love_spotdown.org.mp3
[2026-03-09T14:29:25.370Z] Range: bytes=0-1023 -> Serving 1024 bytes for What You Heard_spotdown.org.mp3
[2026-03-09T14:29:25.372Z] Range: bytes=7035255-7035383 -> Serving 128 bytes for What You Heard_spotdown.org.mp3
[2026-03-09T14:29:25.374Z] Range: bytes=0-1023 -> Serving 1024 bytes for What's Next_spotdown.org.mp3
[2026-03-09T14:29:25.376Z] Range: bytes=5193809-5193937 -> Serving 128 bytes for What's Next_spotdown.org.mp3
[2026-03-09T14:29:25.379Z] Range: bytes=0-1023 -> Serving 1024 bytes for White (feat. Frank Ocean)_spotdown.org.mp3
[2026-03-09T14:29:25.380Z] Range: bytes=3620157-3620285 -> Serving 128 bytes for White (feat. Frank Ocean)_spotdown.org.mp3
[2026-03-09T14:29:25.382Z] Range: bytes=0-1023 -> Serving 1024 bytes for Who Told You (feat. Drake)_spotdown.org.mp3
[2026-03-09T14:29:25.383Z] Range: bytes=5651484-5651612 -> Serving 128 bytes for Who Told You (feat. Drake)_spotdown.org.mp3
[2026-03-09T14:29:25.385Z] Range: bytes=0-1023 -> Serving 1024 bytes for Wildfire (feat. Frank Ocean)_spotdown.org.mp3
[2026-03-09T14:29:25.387Z] Range: bytes=2743259-2743387 -> Serving 128 bytes for Wildfire (feat. Frank Ocean)_spotdown.org.mp3
[2026-03-09T14:29:25.391Z] Range: bytes=0-46079 -> Serving 46080 bytes for What You Heard_spotdown.org.mp3
[2026-03-09T14:29:25.393Z] Range: bytes=0-56319 -> Serving 56320 bytes for What's Next_spotdown.org.mp3
[2026-03-09T14:29:25.396Z] Range: bytes=0-29695 -> Serving 29696 bytes for White (feat. Frank Ocean)_spotdown.org.mp3
[2026-03-09T14:29:25.397Z] Range: bytes=0-25599 -> Serving 25600 bytes for Who Told You (feat. Drake)_spotdown.org.mp3
[2026-03-09T14:29:25.419Z] Range: bytes=0-94207 -> Serving 94208 bytes for Wildfire (feat. Frank Ocean)_spotdown.org.mp3
[2026-03-09T14:29:25.448Z] Range: bytes=0-1023 -> Serving 1024 bytes for Work_spotdown.org.mp3
[2026-03-09T14:29:25.450Z] Range: bytes=6253650-6253778 -> Serving 128 bytes for Work_spotdown.org.mp3
[2026-03-09T14:29:25.452Z] Range: bytes=0-1023 -> Serving 1024 bytes for Yebba’s Heartbreak_spotdown.org.mp3
[2026-03-09T14:29:25.453Z] Range: bytes=3515846-3515974 -> Serving 128 bytes for Yebba’s Heartbreak_spotdown.org.mp3
[2026-03-09T14:29:25.455Z] Range: bytes=0-1023 -> Serving 1024 bytes for You Broke My Heart_spotdown.org.mp3
[2026-03-09T14:29:25.456Z] Range: bytes=6654251-6654379 -> Serving 128 bytes for You Broke My Heart_spotdown.org.mp3
[2026-03-09T14:29:25.461Z] Range: bytes=0-24575 -> Serving 24576 bytes for Work_spotdown.org.mp3
[2026-03-09T14:29:25.470Z] Range: bytes=0-64511 -> Serving 64512 bytes for Yebba’s Heartbreak_spotdown.org.mp3
[2026-03-09T14:29:25.471Z] Range: bytes=0-21503 -> Serving 21504 bytes for You Broke My Heart_spotdown.org.mp3
[2026-03-09T14:29:29.979Z] Range: bytes=0- -> Serving 1487013 bytes for Abune_Zesemyt.mp3
[2026-03-09T14:33:48.549Z] Range: bytes=425984- -> Serving 1061029 bytes for Abune_Zesemyt.mp3
[2026-03-09T14:39:57.478Z] Range: bytes=1146880- -> Serving 340133 bytes for Abune_Zesemyt.mp3
[2026-03-09T14:40:17.580Z] Range: bytes=0- -> Serving 5536171 bytes for Middle of the Ocean_spotdown.org.mp3
[2026-03-09T14:41:00.504Z] Range: bytes=0- -> Serving 1487013 bytes for Abune_Zesemyt.mp3
[2026-03-24T15:54:38.449Z] Server running at http://localhost:8080/
[2026-03-24T15:54:38.493Z] Music directory: C:\Users\User\Music
[2026-03-24T16:05:11.424Z] File system change detected: change Push Ups_spotdown.org.mp3. Notifying clients.
[2026-03-26T08:09:44.637Z] Server running at http://localhost:8080/
[2026-03-26T08:09:44.650Z] Music directory: C:\Users\User\Music
[2026-03-26T08:10:09.040Z] Range: bytes=0-1023 -> Serving 1024 bytes for 8 Out Of 10_spotdown.org.mp3
[2026-03-26T08:10:09.045Z] Range: bytes=2939260-2939388 -> Serving 128 bytes for 8 Out Of 10_spotdown.org.mp3
[2026-03-26T08:10:09.046Z] Range: bytes=0-1023 -> Serving 1024 bytes for A Keeper_spotdown.org.mp3
[2026-03-26T08:10:09.047Z] Range: bytes=4759998-4760126 -> Serving 128 bytes for A Keeper_spotdown.org.mp3
[2026-03-26T08:10:09.048Z] Range: bytes=0-1023 -> Serving 1024 bytes for Abune_Zesemyt.mp3
[2026-03-26T08:10:09.051Z] Range: bytes=1486885-1487013 -> Serving 128 bytes for Abune_Zesemyt.mp3
[2026-03-26T08:10:09.055Z] Range: bytes=0-1023 -> Serving 1024 bytes for act ii_ date @ 8 (feat. Drake) - remix_spotdown.org.mp3
[2026-03-26T08:10:09.057Z] Range: bytes=6731275-6731403 -> Serving 128 bytes for act ii_ date @ 8 (feat. Drake) - remix_spotdown.org.mp3
[2026-03-26T08:10:09.059Z] Range: bytes=0-1023 -> Serving 1024 bytes for All I Want Is You (feat. J. Cole)_spotdown.org.mp3
[2026-03-26T08:10:09.061Z] Range: bytes=8639723-8639851 -> Serving 128 bytes for All I Want Is You (feat. J. Cole)_spotdown.org.mp3
[2026-03-26T08:10:09.654Z] Range: bytes=0-22527 -> Serving 22528 bytes for 8 Out Of 10_spotdown.org.mp3
[2026-03-26T08:10:09.658Z] Range: bytes=0-30719 -> Serving 30720 bytes for A Keeper_spotdown.org.mp3
[2026-03-26T08:10:09.662Z] Range: bytes=0-32767 -> Serving 32768 bytes for act ii_ date @ 8 (feat. Drake) - remix_spotdown.org.mp3
[2026-03-26T08:10:09.666Z] Range: bytes=0-29695 -> Serving 29696 bytes for All I Want Is You (feat. J. Cole)_spotdown.org.mp3
[2026-03-26T08:10:09.732Z] Range: bytes=0-1023 -> Serving 1024 bytes for Another Late Night (feat. Lil Yachty)_spotdown.org.mp3
[2026-03-26T08:10:09.733Z] Range: bytes=4839235-4839363 -> Serving 128 bytes for Another Late Night (feat. Lil Yachty)_spotdown.org.mp3
[2026-03-26T08:10:09.735Z] Range: bytes=0-1023 -> Serving 1024 bytes for Bahamas Promises_spotdown.org.mp3
[2026-03-26T08:10:09.737Z] Range: bytes=5410627-5410755 -> Serving 128 bytes for Bahamas Promises_spotdown.org.mp3
[2026-03-26T08:10:09.739Z] Range: bytes=0-1023 -> Serving 1024 bytes for Belong to the City_spotdown.org.mp3
[2026-03-26T08:10:09.741Z] Range: bytes=2818785-2818913 -> Serving 128 bytes for Belong to the City_spotdown.org.mp3
[2026-03-26T08:10:09.742Z] Range: bytes=0-1023 -> Serving 1024 bytes for Blessings_spotdown.org.mp3
[2026-03-26T08:10:09.745Z] Range: bytes=7408901-7409029 -> Serving 128 bytes for Blessings_spotdown.org.mp3
[2026-03-26T08:10:09.747Z] Range: bytes=0-1023 -> Serving 1024 bytes for Both (feat. Drake)_spotdown.org.mp3
[2026-03-26T08:10:09.749Z] Range: bytes=5810471-5810599 -> Serving 128 bytes for Both (feat. Drake)_spotdown.org.mp3
[2026-03-26T08:10:10.644Z] Range: bytes=0-18431 -> Serving 18432 bytes for Another Late Night (feat. Lil Yachty)_spotdown.org.mp3
[2026-03-26T08:10:10.647Z] Range: bytes=0-75775 -> Serving 75776 bytes for Bahamas Promises_spotdown.org.mp3
[2026-03-26T08:10:10.650Z] Range: bytes=0-41983 -> Serving 41984 bytes for Belong to the City_spotdown.org.mp3
[2026-03-26T08:10:10.652Z] Range: bytes=0-30719 -> Serving 30720 bytes for Blessings_spotdown.org.mp3
[2026-03-26T08:10:10.656Z] Range: bytes=0-36863 -> Serving 36864 bytes for Both (feat. Drake)_spotdown.org.mp3
[2026-03-26T08:10:10.711Z] Range: bytes=0-1023 -> Serving 1024 bytes for Break from Toronto_spotdown.org.mp3
[2026-03-26T08:10:10.713Z] Range: bytes=2999595-2999723 -> Serving 128 bytes for Break from Toronto_spotdown.org.mp3
[2026-03-26T08:10:10.714Z] Range: bytes=0-1023 -> Serving 1024 bytes for C U Girl_spotdown.org.mp3
[2026-03-26T08:10:10.717Z] Range: bytes=3684122-3684250 -> Serving 128 bytes for C U Girl_spotdown.org.mp3
[2026-03-26T08:10:10.719Z] Range: bytes=0-1023 -> Serving 1024 bytes for Calling My Name_spotdown.org.mp3
[2026-03-26T08:10:10.720Z] Range: bytes=3648444-3648572 -> Serving 128 bytes for Calling My Name_spotdown.org.mp3
[2026-03-26T08:10:10.722Z] Range: bytes=0-1023 -> Serving 1024 bytes for Can’t Take A Joke_spotdown.org.mp3
[2026-03-26T08:10:10.727Z] Range: bytes=5324221-5324349 -> Serving 128 bytes for Can’t Take A Joke_spotdown.org.mp3
[2026-03-26T08:10:10.728Z] Range: bytes=0-1023 -> Serving 1024 bytes for Chanel_spotdown.org.mp3
[2026-03-26T08:10:10.730Z] Range: bytes=6040688-6040816 -> Serving 128 bytes for Chanel_spotdown.org.mp3
[2026-03-26T08:10:11.714Z] Range: bytes=0-72703 -> Serving 72704 bytes for Break from Toronto_spotdown.org.mp3
[2026-03-26T08:10:11.716Z] Range: bytes=0-34815 -> Serving 34816 bytes for C U Girl_spotdown.org.mp3
[2026-03-26T08:10:11.718Z] Range: bytes=0-30719 -> Serving 30720 bytes for Calling My Name_spotdown.org.mp3
[2026-03-26T08:10:11.720Z] Range: bytes=0-22527 -> Serving 22528 bytes for Can’t Take A Joke_spotdown.org.mp3
[2026-03-26T08:10:11.722Z] Range: bytes=0-23551 -> Serving 23552 bytes for Chanel_spotdown.org.mp3
[2026-03-26T08:10:11.781Z] Range: bytes=0-1023 -> Serving 1024 bytes for coffee_spotdown.org.mp3
[2026-03-26T08:10:11.784Z] Range: bytes=9894520-9894648 -> Serving 128 bytes for coffee_spotdown.org.mp3
[2026-03-26T08:10:11.785Z] Range: bytes=0-1023 -> Serving 1024 bytes for Come and See Me (feat. Drake)_spotdown.org.mp3
[2026-03-26T08:10:11.787Z] Range: bytes=7276477-7276605 -> Serving 128 bytes for Come and See Me (feat. Drake)_spotdown.org.mp3
[2026-03-26T08:10:11.790Z] Range: bytes=0-1023 -> Serving 1024 bytes for Come Back to Earth_spotdown.org.mp3
[2026-03-26T08:10:11.791Z] Range: bytes=4707052-4707180 -> Serving 128 bytes for Come Back to Earth_spotdown.org.mp3
[2026-03-26T08:10:11.794Z] Range: bytes=0-1023 -> Serving 1024 bytes for Congratulations (feat. Bilal)_spotdown.org.mp3
[2026-03-26T08:10:11.796Z] Range: bytes=7275114-7275242 -> Serving 128 bytes for Congratulations (feat. Bilal)_spotdown.org.mp3
[2026-03-26T08:10:11.797Z] Range: bytes=0-1023 -> Serving 1024 bytes for Controlla_spotdown.org.mp3
[2026-03-26T08:10:11.798Z] Range: bytes=466086-466214 -> Serving 128 bytes for Controlla_spotdown.org.mp3
[2026-03-26T08:10:12.640Z] Range: bytes=0-35839 -> Serving 35840 bytes for coffee_spotdown.org.mp3
[2026-03-26T08:10:12.643Z] Range: bytes=0-31743 -> Serving 31744 bytes for Come and See Me (feat. Drake)_spotdown.org.mp3
[2026-03-26T08:10:12.645Z] Range: bytes=0-11263 -> Serving 11264 bytes for Come Back to Earth_spotdown.org.mp3
[2026-03-26T08:10:12.648Z] Range: bytes=0-22527 -> Serving 22528 bytes for Congratulations (feat. Bilal)_spotdown.org.mp3
[2026-03-26T08:10:12.650Z] Range: bytes=0-21503 -> Serving 21504 bytes for Controlla_spotdown.org.mp3
[2026-03-26T08:10:12.705Z] Range: bytes=0-1023 -> Serving 1024 bytes for Crew Love_spotdown.org.mp3
[2026-03-26T08:10:12.707Z] Range: bytes=5817656-5817784 -> Serving 128 bytes for Crew Love_spotdown.org.mp3
[2026-03-26T08:10:12.709Z] Range: bytes=0-1023 -> Serving 1024 bytes for CYANIDE_spotdown.org.mp3
[2026-03-26T08:10:12.710Z] Range: bytes=5592186-5592314 -> Serving 128 bytes for CYANIDE_spotdown.org.mp3
[2026-03-26T08:10:12.712Z] Range: bytes=0-1023 -> Serving 1024 bytes for Dark Red_spotdown.org.mp3
[2026-03-26T08:10:12.714Z] Range: bytes=4963719-4963847 -> Serving 128 bytes for Dark Red_spotdown.org.mp3
[2026-03-26T08:10:12.715Z] Range: bytes=0-1023 -> Serving 1024 bytes for Drama (feat. Drake)_spotdown.org.mp3
[2026-03-26T08:10:12.717Z] Range: bytes=7265013-7265141 -> Serving 128 bytes for Drama (feat. Drake)_spotdown.org.mp3
[2026-03-26T08:10:12.718Z] Range: bytes=0-1023 -> Serving 1024 bytes for Ela É do Tipo (feat. Drake) - Remix_spotdown.org.mp3
[2026-03-26T08:10:12.720Z] Range: bytes=5822010-5822138 -> Serving 128 bytes for Ela É do Tipo (feat. Drake) - Remix_spotdown.org.mp3
[2026-03-26T08:10:13.641Z] Range: bytes=0-38911 -> Serving 38912 bytes for Crew Love_spotdown.org.mp3
[2026-03-26T08:10:13.644Z] Range: bytes=0-115711 -> Serving 115712 bytes for CYANIDE_spotdown.org.mp3
[2026-03-26T08:10:13.648Z] Range: bytes=0-112639 -> Serving 112640 bytes for Dark Red_spotdown.org.mp3
[2026-03-26T08:10:13.651Z] Range: bytes=0-21503 -> Serving 21504 bytes for Drama (feat. Drake)_spotdown.org.mp3
[2026-03-26T08:10:13.652Z] Range: bytes=0-228351 -> Serving 228352 bytes for Ela É do Tipo (feat. Drake) - Remix_spotdown.org.mp3
[2026-03-26T08:10:13.828Z] Range: bytes=0-1023 -> Serving 1024 bytes for Elevate_spotdown.org.mp3
[2026-03-26T08:10:13.830Z] Range: bytes=5531735-5531863 -> Serving 128 bytes for Elevate_spotdown.org.mp3
[2026-03-26T08:10:13.833Z] Range: bytes=0-1023 -> Serving 1024 bytes for Emotionless_spotdown.org.mp3
[2026-03-26T08:10:13.834Z] Range: bytes=7019717-7019845 -> Serving 128 bytes for Emotionless_spotdown.org.mp3
[2026-03-26T08:10:13.836Z] Range: bytes=0-1023 -> Serving 1024 bytes for Energy_spotdown.org.mp3
[2026-03-26T08:10:13.837Z] Range: bytes=4842910-4843038 -> Serving 128 bytes for Energy_spotdown.org.mp3
[2026-03-26T08:10:13.839Z] Range: bytes=0-1023 -> Serving 1024 bytes for Evergreen (You Didn’t Deserve Me At All)_spotdown.org.mp3
[2026-03-26T08:10:13.841Z] Range: bytes=6086025-6086153 -> Serving 128 bytes for Evergreen (You Didn’t Deserve Me At All)_spotdown.org.mp3
[2026-03-26T08:10:13.843Z] Range: bytes=0-1023 -> Serving 1024 bytes for Fair Trade (with Travis Scott)_spotdown.org.mp3
[2026-03-26T08:10:13.845Z] Range: bytes=8534605-8534733 -> Serving 128 bytes for Fair Trade (with Travis Scott)_spotdown.org.mp3
[2026-03-26T08:10:14.653Z] Range: bytes=0-86015 -> Serving 86016 bytes for Elevate_spotdown.org.mp3
[2026-03-26T08:10:14.658Z] Range: bytes=0-22527 -> Serving 22528 bytes for Emotionless_spotdown.org.mp3
[2026-03-26T08:10:14.661Z] Range: bytes=0-19455 -> Serving 19456 bytes for Energy_spotdown.org.mp3
[2026-03-26T08:10:14.662Z] Range: bytes=0-14335 -> Serving 14336 bytes for Evergreen (You Didn’t Deserve Me At All)_spotdown.org.mp3
[2026-03-26T08:10:14.664Z] Range: bytes=0-64511 -> Serving 64512 bytes for Fair Trade (with Travis Scott)_spotdown.org.mp3
[2026-03-26T08:10:14.711Z] Range: bytes=0-1023 -> Serving 1024 bytes for Fake Love_spotdown.org.mp3
[2026-03-26T08:10:14.712Z] Range: bytes=6069277-6069405 -> Serving 128 bytes for Fake Love_spotdown.org.mp3
[2026-03-26T08:10:14.713Z] Range: bytes=0-1023 -> Serving 1024 bytes for Falling Back_spotdown.org.mp3
[2026-03-26T08:10:14.716Z] Range: bytes=8678156-8678284 -> Serving 128 bytes for Falling Back_spotdown.org.mp3
[2026-03-26T08:10:14.717Z] Range: bytes=0-1023 -> Serving 1024 bytes for Fancy_spotdown.org.mp3
[2026-03-26T08:10:14.718Z] Range: bytes=8759798-8759926 -> Serving 128 bytes for Fancy_spotdown.org.mp3
[2026-03-26T08:10:14.720Z] Range: bytes=0-1023 -> Serving 1024 bytes for Feel No Ways_spotdown.org.mp3
[2026-03-26T08:10:14.721Z] Range: bytes=488852-488980 -> Serving 128 bytes for Feel No Ways_spotdown.org.mp3
[2026-03-26T08:10:14.724Z] Range: bytes=0-1023 -> Serving 1024 bytes for First Person Shooter (feat. J. Cole)_spotdown.org.mp3
[2026-03-26T08:10:14.725Z] Range: bytes=7053518-7053646 -> Serving 128 bytes for First Person Shooter (feat. J. Cole)_spotdown.org.mp3
[2026-03-26T08:10:15.647Z] Range: bytes=0-23551 -> Serving 23552 bytes for Fake Love_spotdown.org.mp3
[2026-03-26T08:10:15.649Z] Range: bytes=0-30719 -> Serving 30720 bytes for Falling Back_spotdown.org.mp3
[2026-03-26T08:10:15.653Z] Range: bytes=0-30719 -> Serving 30720 bytes for Fancy_spotdown.org.mp3
[2026-03-26T08:10:15.656Z] Range: bytes=0-21503 -> Serving 21504 bytes for Feel No Ways_spotdown.org.mp3
[2026-03-26T08:10:15.661Z] Range: bytes=0-18431 -> Serving 18432 bytes for First Person Shooter (feat. J. Cole)_spotdown.org.mp3
[2026-03-26T08:10:15.709Z] Range: bytes=0-1023 -> Serving 1024 bytes for For Free_spotdown.org.mp3
[2026-03-26T08:10:15.711Z] Range: bytes=5481472-5481600 -> Serving 128 bytes for For Free_spotdown.org.mp3
[2026-03-26T08:10:15.712Z] Range: bytes=0-1023 -> Serving 1024 bytes for Gently (feat. Bad Bunny)_spotdown.org.mp3
[2026-03-26T08:10:15.714Z] Range: bytes=3759832-3759960 -> Serving 128 bytes for Gently (feat. Bad Bunny)_spotdown.org.mp3
[2026-03-26T08:10:15.715Z] Range: bytes=0-1023 -> Serving 1024 bytes for Get It Together_spotdown.org.mp3
[2026-03-26T08:10:15.717Z] Range: bytes=7580282-7580410 -> Serving 128 bytes for Get It Together_spotdown.org.mp3
[2026-03-26T08:10:15.719Z] Range: bytes=0-1023 -> Serving 1024 bytes for Get You (feat. Kali Uchis)_spotdown.org.mp3
[2026-03-26T08:10:15.721Z] Range: bytes=0-1023 -> Serving 1024 bytes for Girl With The Tattoo Enter.lewd_spotdown.org.mp3
[2026-03-26T08:10:15.722Z] Range: bytes=7640243-7640371 -> Serving 128 bytes for Get You (feat. Kali Uchis)_spotdown.org.mp3
[2026-03-26T08:10:15.724Z] Range: bytes=2829828-2829956 -> Serving 128 bytes for Girl With The Tattoo Enter.lewd_spotdown.org.mp3
[2026-03-26T08:10:16.646Z] Range: bytes=0-40959 -> Serving 40960 bytes for For Free_spotdown.org.mp3
[2026-03-26T08:10:16.648Z] Range: bytes=0-18431 -> Serving 18432 bytes for Gently (feat. Bad Bunny)_spotdown.org.mp3
[2026-03-26T08:10:16.651Z] Range: bytes=0-73727 -> Serving 73728 bytes for Get It Together_spotdown.org.mp3
[2026-03-26T08:10:16.655Z] Range: bytes=0-16383 -> Serving 16384 bytes for Get You (feat. Kali Uchis)_spotdown.org.mp3
[2026-03-26T08:10:16.657Z] Range: bytes=0-29695 -> Serving 29696 bytes for Girl With The Tattoo Enter.lewd_spotdown.org.mp3
[2026-03-26T08:10:16.749Z] Range: bytes=0-1023 -> Serving 1024 bytes for Girls Need Love (with Drake) - Remix_spotdown.org.mp3
[2026-03-26T08:10:16.752Z] Range: bytes=6393161-6393289 -> Serving 128 bytes for Girls Need Love (with Drake) - Remix_spotdown.org.mp3
[2026-03-26T08:10:16.754Z] Range: bytes=0-1023 -> Serving 1024 bytes for Girls Want Girls (with Lil Baby)_spotdown.org.mp3
[2026-03-26T08:10:16.758Z] Range: bytes=6524485-6524613 -> Serving 128 bytes for Girls Want Girls (with Lil Baby)_spotdown.org.mp3
[2026-03-26T08:10:16.759Z] Range: bytes=0-1023 -> Serving 1024 bytes for Give You the World_spotdown.org.mp3
[2026-03-26T08:10:16.760Z] Range: bytes=6969154-6969282 -> Serving 128 bytes for Give You the World_spotdown.org.mp3
[2026-03-26T08:10:16.763Z] Range: bytes=0-1023 -> Serving 1024 bytes for God's Plan_spotdown.org.mp3
[2026-03-26T08:10:16.765Z] Range: bytes=6357433-6357561 -> Serving 128 bytes for God's Plan_spotdown.org.mp3
[2026-03-26T08:10:16.766Z] Range: bytes=0-1023 -> Serving 1024 bytes for Godspeed_spotdown.org.mp3
[2026-03-26T08:10:16.768Z] Range: bytes=5043904-5044032 -> Serving 128 bytes for Godspeed_spotdown.org.mp3
[2026-03-26T08:10:17.709Z] Range: bytes=0-21503 -> Serving 21504 bytes for Girls Need Love (with Drake) - Remix_spotdown.org.mp3
[2026-03-26T08:10:17.712Z] Range: bytes=0-23551 -> Serving 23552 bytes for Girls Want Girls (with Lil Baby)_spotdown.org.mp3
[2026-03-26T08:10:17.713Z] Range: bytes=0-31743 -> Serving 31744 bytes for Give You the World_spotdown.org.mp3
[2026-03-26T08:10:17.714Z] Range: bytes=0-22527 -> Serving 22528 bytes for God's Plan_spotdown.org.mp3
[2026-03-26T08:10:17.717Z] Range: bytes=0-20479 -> Serving 20480 bytes for Godspeed_spotdown.org.mp3
[2026-03-26T08:10:17.749Z] Range: bytes=0-1023 -> Serving 1024 bytes for Going Bad (feat. Drake)_spotdown.org.mp3
[2026-03-26T08:10:17.751Z] Range: bytes=5781220-5781348 -> Serving 128 bytes for Going Bad (feat. Drake)_spotdown.org.mp3
[2026-03-26T08:10:17.754Z] Range: bytes=0-1023 -> Serving 1024 bytes for GREECE (feat. Drake)_spotdown.org.mp3
[2026-03-26T08:10:17.756Z] Range: bytes=6040909-6041037 -> Serving 128 bytes for GREECE (feat. Drake)_spotdown.org.mp3
[2026-03-26T08:10:17.757Z] Range: bytes=0-1023 -> Serving 1024 bytes for Headlines_spotdown.org.mp3
[2026-03-26T08:10:17.758Z] Range: bytes=7072323-7072451 -> Serving 128 bytes for Headlines_spotdown.org.mp3
[2026-03-26T08:10:17.760Z] Range: bytes=0-1023 -> Serving 1024 bytes for Her Way_spotdown.org.mp3
[2026-03-26T08:10:17.761Z] Range: bytes=6429457-6429585 -> Serving 128 bytes for Her Way_spotdown.org.mp3
[2026-03-26T08:10:17.764Z] Range: bytes=0-1023 -> Serving 1024 bytes for Hold Me Down_spotdown.org.mp3
[2026-03-26T08:10:17.766Z] Range: bytes=6254602-6254730 -> Serving 128 bytes for Hold Me Down_spotdown.org.mp3
[2026-03-26T08:10:18.648Z] Range: bytes=0-173055 -> Serving 173056 bytes for Going Bad (feat. Drake)_spotdown.org.mp3
[2026-03-26T08:10:18.651Z] Range: bytes=0-57343 -> Serving 57344 bytes for GREECE (feat. Drake)_spotdown.org.mp3
[2026-03-26T08:10:18.652Z] Range: bytes=0-41983 -> Serving 41984 bytes for Her Way_spotdown.org.mp3
[2026-03-26T08:10:18.653Z] Range: bytes=0-38911 -> Serving 38912 bytes for Headlines_spotdown.org.mp3
[2026-03-26T08:10:18.655Z] Range: bytes=0-16383 -> Serving 16384 bytes for Hold Me Down_spotdown.org.mp3
[2026-03-26T08:10:18.743Z] Range: bytes=0-1023 -> Serving 1024 bytes for Hold On, We're Going Home_spotdown.org.mp3
[2026-03-26T08:10:18.745Z] Range: bytes=6790347-6790475 -> Serving 128 bytes for Hold On, We're Going Home_spotdown.org.mp3
[2026-03-26T08:10:18.746Z] Range: bytes=0-1023 -> Serving 1024 bytes for Hotline Bling_spotdown.org.mp3
[2026-03-26T08:10:18.750Z] Range: bytes=3866148-3866276 -> Serving 128 bytes for Hotline Bling_spotdown.org.mp3
[2026-03-26T08:10:18.751Z] Range: bytes=0-1023 -> Serving 1024 bytes for I'M ON ONE (feat. Drake)_spotdown.org.mp3
[2026-03-26T08:10:18.752Z] Range: bytes=6950200-6950328 -> Serving 128 bytes for I'M ON ONE (feat. Drake)_spotdown.org.mp3
[2026-03-26T08:10:18.754Z] Range: bytes=0-1023 -> Serving 1024 bytes for I'm Upset_spotdown.org.mp3
[2026-03-26T08:10:18.757Z] Range: bytes=6293819-6293947 -> Serving 128 bytes for I'm Upset_spotdown.org.mp3
[2026-03-26T08:10:18.759Z] Range: bytes=0-1023 -> Serving 1024 bytes for IDGAF (feat. Yeat)_spotdown.org.mp3
[2026-03-26T08:10:18.761Z] Range: bytes=7378016-7378144 -> Serving 128 bytes for IDGAF (feat. Yeat)_spotdown.org.mp3
[2026-03-26T08:10:19.658Z] Range: bytes=0-25599 -> Serving 25600 bytes for Hold On, We're Going Home_spotdown.org.mp3
[2026-03-26T08:10:19.671Z] Range: bytes=0-21503 -> Serving 21504 bytes for Hotline Bling_spotdown.org.mp3
[2026-03-26T08:10:19.673Z] Range: bytes=0-23551 -> Serving 23552 bytes for I'M ON ONE (feat. Drake)_spotdown.org.mp3
[2026-03-26T08:10:19.674Z] Range: bytes=0-86015 -> Serving 86016 bytes for I'm Upset_spotdown.org.mp3
[2026-03-26T08:10:19.676Z] Range: bytes=0-18431 -> Serving 18432 bytes for IDGAF (feat. Yeat)_spotdown.org.mp3
[2026-03-26T08:10:19.731Z] Range: bytes=0-1023 -> Serving 1024 bytes for In My Feelings_spotdown.org.mp3
[2026-03-26T08:10:19.733Z] Range: bytes=6004215-6004343 -> Serving 128 bytes for In My Feelings_spotdown.org.mp3
[2026-03-26T08:10:19.735Z] Range: bytes=0-1023 -> Serving 1024 bytes for In The Bible (with Lil Durk & Giveon)_spotdown.org.mp3
[2026-03-26T08:10:19.736Z] Range: bytes=8811152-8811280 -> Serving 128 bytes for In The Bible (with Lil Durk & Giveon)_spotdown.org.mp3
[2026-03-26T08:10:19.739Z] Range: bytes=0-1023 -> Serving 1024 bytes for Infrunami_spotdown.org.mp3
[2026-03-26T08:10:19.740Z] Range: bytes=4449858-4449986 -> Serving 128 bytes for Infrunami_spotdown.org.mp3
[2026-03-26T08:10:19.741Z] Range: bytes=0-1023 -> Serving 1024 bytes for Ivy_spotdown.org.mp3
[2026-03-26T08:10:19.744Z] Range: bytes=7533685-7533813 -> Serving 128 bytes for Ivy_spotdown.org.mp3
[2026-03-26T08:10:19.746Z] Range: bytes=0-1023 -> Serving 1024 bytes for Jaded_spotdown.org.mp3
[2026-03-26T08:10:19.747Z] Range: bytes=8448464-8448592 -> Serving 128 bytes for Jaded_spotdown.org.mp3
[2026-03-26T08:10:20.648Z] Range: bytes=0-86015 -> Serving 86016 bytes for In My Feelings_spotdown.org.mp3
[2026-03-26T08:10:20.650Z] Range: bytes=0-23551 -> Serving 23552 bytes for In The Bible (with Lil Durk & Giveon)_spotdown.org.mp3
[2026-03-26T08:10:20.655Z] Range: bytes=0-37887 -> Serving 37888 bytes for Infrunami_spotdown.org.mp3
[2026-03-26T08:10:20.657Z] Range: bytes=0-20479 -> Serving 20480 bytes for Ivy_spotdown.org.mp3
[2026-03-26T08:10:20.661Z] Range: bytes=0-22527 -> Serving 22528 bytes for Jaded_spotdown.org.mp3
[2026-03-26T08:10:20.731Z] Range: bytes=0-1023 -> Serving 1024 bytes for Japanese Denim_spotdown.org.mp3
[2026-03-26T08:10:20.733Z] Range: bytes=7619790-7619918 -> Serving 128 bytes for Japanese Denim_spotdown.org.mp3
[2026-03-26T08:10:20.735Z] Range: bytes=0-1023 -> Serving 1024 bytes for Jimmy Cooks (feat. 21 Savage)_spotdown.org.mp3
[2026-03-26T08:10:20.736Z] Range: bytes=6590588-6590716 -> Serving 128 bytes for Jimmy Cooks (feat. 21 Savage)_spotdown.org.mp3
[2026-03-26T08:10:20.738Z] Range: bytes=0-1023 -> Serving 1024 bytes for Jumpman_spotdown.org.mp3
[2026-03-26T08:10:20.739Z] Range: bytes=6159467-6159595 -> Serving 128 bytes for Jumpman_spotdown.org.mp3
[2026-03-26T08:10:20.741Z] Range: bytes=0-1023 -> Serving 1024 bytes for Knife Talk (with 21 Savage ft. Project Pat)_spotdown.org.mp3
[2026-03-26T08:10:20.744Z] Range: bytes=7371250-7371378 -> Serving 128 bytes for Knife Talk (with 21 Savage ft. Project Pat)_spotdown.org.mp3
[2026-03-26T08:10:20.746Z] Range: bytes=0-1023 -> Serving 1024 bytes for Know Yourself_spotdown.org.mp3
[2026-03-26T08:10:20.747Z] Range: bytes=6816421-6816549 -> Serving 128 bytes for Know Yourself_spotdown.org.mp3
[2026-03-26T08:10:21.641Z] Range: bytes=0-47103 -> Serving 47104 bytes for Japanese Denim_spotdown.org.mp3
[2026-03-26T08:10:21.644Z] Range: bytes=0-30719 -> Serving 30720 bytes for Jimmy Cooks (feat. 21 Savage)_spotdown.org.mp3
[2026-03-26T08:10:21.648Z] Range: bytes=0-45055 -> Serving 45056 bytes for Jumpman_spotdown.org.mp3
[2026-03-26T08:10:21.650Z] Range: bytes=0-23551 -> Serving 23552 bytes for Knife Talk (with 21 Savage ft. Project Pat)_spotdown.org.mp3
[2026-03-26T08:10:21.653Z] Range: bytes=0-53247 -> Serving 53248 bytes for Know Yourself_spotdown.org.mp3
[2026-03-26T08:10:21.745Z] Range: bytes=0-1023 -> Serving 1024 bytes for Laugh Now Cry Later (feat. Lil Durk)_spotdown.org.mp3
[2026-03-26T08:10:21.746Z] Range: bytes=7313975-7314103 -> Serving 128 bytes for Laugh Now Cry Later (feat. Lil Durk)_spotdown.org.mp3
[2026-03-26T08:10:21.747Z] Range: bytes=0-1023 -> Serving 1024 bytes for Legend_spotdown.org.mp3
[2026-03-26T08:10:21.750Z] Range: bytes=7423289-7423417 -> Serving 128 bytes for Legend_spotdown.org.mp3
[2026-03-26T08:10:21.752Z] Range: bytes=0-1023 -> Serving 1024 bytes for Look Alive (feat. Drake)_spotdown.org.mp3
[2026-03-26T08:10:21.754Z] Range: bytes=5384505-5384633 -> Serving 128 bytes for Look Alive (feat. Drake)_spotdown.org.mp3
[2026-03-26T08:10:21.755Z] Range: bytes=0-1023 -> Serving 1024 bytes for Loose_spotdown.org.mp3
[2026-03-26T08:10:21.756Z] Range: bytes=4579606-4579734 -> Serving 128 bytes for Loose_spotdown.org.mp3
[2026-03-26T08:10:21.758Z] Range: bytes=0-1023 -> Serving 1024 bytes for Life Is Good (feat. Drake)_spotdown.org.mp3
[2026-03-26T08:10:21.759Z] Range: bytes=6962900-6963028 -> Serving 128 bytes for Life Is Good (feat. Drake)_spotdown.org.mp3
[2026-03-26T08:10:22.744Z] Range: bytes=0-34815 -> Serving 34816 bytes for Laugh Now Cry Later (feat. Lil Durk)_spotdown.org.mp3
[2026-03-26T08:10:22.747Z] Range: bytes=0-19455 -> Serving 19456 bytes for Legend_spotdown.org.mp3
[2026-03-26T08:10:22.749Z] Range: bytes=0-69631 -> Serving 69632 bytes for Look Alive (feat. Drake)_spotdown.org.mp3
[2026-03-26T08:10:22.752Z] Range: bytes=0-84991 -> Serving 84992 bytes for Loose_spotdown.org.mp3
[2026-03-26T08:10:22.754Z] Range: bytes=0-39935 -> Serving 39936 bytes for Life Is Good (feat. Drake)_spotdown.org.mp3
[2026-03-26T08:10:22.825Z] Range: bytes=0-1023 -> Serving 1024 bytes for Lost_spotdown.org.mp3
[2026-03-26T08:10:22.827Z] Range: bytes=6958074-6958202 -> Serving 128 bytes for Lost_spotdown.org.mp3
[2026-03-26T08:10:22.829Z] Range: bytes=0-1023 -> Serving 1024 bytes for Love Is Only a Feeling_spotdown.org.mp3
[2026-03-26T08:10:22.831Z] Range: bytes=3860145-3860273 -> Serving 128 bytes for Love Is Only a Feeling_spotdown.org.mp3
[2026-03-26T08:10:22.832Z] Range: bytes=0-1023 -> Serving 1024 bytes for LOVE. FEAT. ZACARI._spotdown.org.mp3
[2026-03-26T08:10:22.834Z] Range: bytes=5989775-5989903 -> Serving 128 bytes for LOVE. FEAT. ZACARI._spotdown.org.mp3
[2026-03-26T08:10:22.836Z] Range: bytes=0-1023 -> Serving 1024 bytes for Major Distribution_spotdown.org.mp3
[2026-03-26T08:10:22.837Z] Range: bytes=4365605-4365733 -> Serving 128 bytes for Major Distribution_spotdown.org.mp3
[2026-03-26T08:10:22.839Z] Range: bytes=0-1023 -> Serving 1024 bytes for Marvins Room_spotdown.org.mp3
[2026-03-26T08:10:22.841Z] Range: bytes=9286084-9286212 -> Serving 128 bytes for Marvins Room_spotdown.org.mp3
[2026-03-26T08:10:23.655Z] Range: bytes=0-21503 -> Serving 21504 bytes for Lost_spotdown.org.mp3
[2026-03-26T08:10:23.658Z] Range: bytes=0-41983 -> Serving 41984 bytes for Love Is Only a Feeling_spotdown.org.mp3
[2026-03-26T08:10:23.662Z] Range: bytes=0-32767 -> Serving 32768 bytes for LOVE. FEAT. ZACARI._spotdown.org.mp3
[2026-03-26T08:10:23.664Z] Range: bytes=0-33791 -> Serving 33792 bytes for Major Distribution_spotdown.org.mp3
[2026-03-26T08:10:23.666Z] Range: bytes=0-38911 -> Serving 38912 bytes for Marvins Room_spotdown.org.mp3
[2026-03-26T08:10:23.717Z] Range: bytes=0-1023 -> Serving 1024 bytes for Massive_spotdown.org.mp3
[2026-03-26T08:10:23.719Z] Range: bytes=9938064-9938192 -> Serving 128 bytes for Massive_spotdown.org.mp3
[2026-03-26T08:10:23.720Z] Range: bytes=0-1023 -> Serving 1024 bytes for MELTDOWN (feat. Drake)_spotdown.org.mp3
[2026-03-26T08:10:23.722Z] Range: bytes=7095525-7095653 -> Serving 128 bytes for MELTDOWN (feat. Drake)_spotdown.org.mp3
[2026-03-26T08:10:23.725Z] Range: bytes=0-1023 -> Serving 1024 bytes for MIA (feat. Drake)_spotdown.org.mp3
[2026-03-26T08:10:23.726Z] Range: bytes=6194048-6194176 -> Serving 128 bytes for MIA (feat. Drake)_spotdown.org.mp3
[2026-03-26T08:10:23.727Z] Range: bytes=0-1023 -> Serving 1024 bytes for Middle of the Ocean_spotdown.org.mp3
[2026-03-26T08:10:23.730Z] Range: bytes=5536043-5536171 -> Serving 128 bytes for Middle of the Ocean_spotdown.org.mp3
[2026-03-26T08:10:23.731Z] Range: bytes=0-1023 -> Serving 1024 bytes for Mob Ties_spotdown.org.mp3
[2026-03-26T08:10:23.733Z] Range: bytes=5722529-5722657 -> Serving 128 bytes for Mob Ties_spotdown.org.mp3
[2026-03-26T08:10:24.644Z] Range: bytes=0-96255 -> Serving 96256 bytes for Massive_spotdown.org.mp3
[2026-03-26T08:10:24.647Z] Range: bytes=0-9215 -> Serving 9216 bytes for MELTDOWN (feat. Drake)_spotdown.org.mp3
[2026-03-26T08:10:24.652Z] Range: bytes=0-16383 -> Serving 16384 bytes for MIA (feat. Drake)_spotdown.org.mp3
[2026-03-26T08:10:24.654Z] Range: bytes=0-33791 -> Serving 33792 bytes for Middle of the Ocean_spotdown.org.mp3
[2026-03-26T08:10:24.657Z] Range: bytes=0-22527 -> Serving 22528 bytes for Mob Ties_spotdown.org.mp3
[2026-03-26T08:10:24.713Z] Range: bytes=0-1023 -> Serving 1024 bytes for Money In The Grave (Drake ft. Rick Ross)_spotdown.org.mp3
[2026-03-26T08:10:24.715Z] Range: bytes=6132187-6132315 -> Serving 128 bytes for Money In The Grave (Drake ft. Rick Ross)_spotdown.org.mp3
[2026-03-26T08:10:24.716Z] Range: bytes=0-1023 -> Serving 1024 bytes for Mr. Right Now (feat. Drake)_spotdown.org.mp3
[2026-03-26T08:10:24.718Z] Range: bytes=6585681-6585809 -> Serving 128 bytes for Mr. Right Now (feat. Drake)_spotdown.org.mp3
[2026-03-26T08:10:24.720Z] Range: bytes=0-1023 -> Serving 1024 bytes for My Way (feat. Monty)_spotdown.org.mp3
[2026-03-26T08:10:24.722Z] Range: bytes=6429737-6429865 -> Serving 128 bytes for My Way (feat. Monty)_spotdown.org.mp3
[2026-03-26T08:10:24.723Z] Range: bytes=0-1023 -> Serving 1024 bytes for N Side_spotdown.org.mp3
[2026-03-26T08:10:24.726Z] Range: bytes=7446338-7446466 -> Serving 128 bytes for N Side_spotdown.org.mp3
[2026-03-26T08:10:24.727Z] Range: bytes=0-1023 -> Serving 1024 bytes for Needle (feat. Drake)_spotdown.org.mp3
[2026-03-26T08:10:24.730Z] Range: bytes=7204589-7204717 -> Serving 128 bytes for Needle (feat. Drake)_spotdown.org.mp3
[2026-03-26T08:10:25.643Z] Range: bytes=0-16383 -> Serving 16384 bytes for Money In The Grave (Drake ft. Rick Ross)_spotdown.org.mp3
[2026-03-26T08:10:25.645Z] Range: bytes=0-70655 -> Serving 70656 bytes for Mr. Right Now (feat. Drake)_spotdown.org.mp3
[2026-03-26T08:10:25.647Z] Range: bytes=0-113663 -> Serving 113664 bytes for My Way (feat. Monty)_spotdown.org.mp3
[2026-03-26T08:10:25.648Z] Range: bytes=0-20479 -> Serving 20480 bytes for N Side_spotdown.org.mp3
[2026-03-26T08:10:25.649Z] Range: bytes=0-127999 -> Serving 128000 bytes for Needle (feat. Drake)_spotdown.org.mp3
[2026-03-26T08:10:25.729Z] Range: bytes=0-1023 -> Serving 1024 bytes for Nice For What_spotdown.org.mp3
[2026-03-26T08:10:25.731Z] Range: bytes=5995567-5995695 -> Serving 128 bytes for Nice For What_spotdown.org.mp3
[2026-03-26T08:10:25.732Z] Range: bytes=0-1023 -> Serving 1024 bytes for Nights_spotdown.org.mp3
[2026-03-26T08:10:25.734Z] Range: bytes=8998451-8998579 -> Serving 128 bytes for Nights_spotdown.org.mp3
[2026-03-26T08:10:25.738Z] Range: bytes=0-1023 -> Serving 1024 bytes for No Guidance (feat. Drake)_spotdown.org.mp3
[2026-03-26T08:10:25.739Z] Range: bytes=7199968-7200096 -> Serving 128 bytes for No Guidance (feat. Drake)_spotdown.org.mp3
[2026-03-26T08:10:25.742Z] Range: bytes=0-1023 -> Serving 1024 bytes for Nonstop_spotdown.org.mp3
[2026-03-26T08:10:25.744Z] Range: bytes=6712667-6712795 -> Serving 128 bytes for Nonstop_spotdown.org.mp3
[2026-03-26T08:10:25.745Z] Range: bytes=0-1023 -> Serving 1024 bytes for Not You Too (feat. Chris Brown)_spotdown.org.mp3
[2026-03-26T08:10:25.748Z] Range: bytes=7665210-7665338 -> Serving 128 bytes for Not You Too (feat. Chris Brown)_spotdown.org.mp3
[2026-03-26T08:10:26.661Z] Range: bytes=0-22527 -> Serving 22528 bytes for Nice For What_spotdown.org.mp3
[2026-03-26T08:10:26.671Z] Range: bytes=0-82943 -> Serving 82944 bytes for Nights_spotdown.org.mp3
[2026-03-26T08:10:26.673Z] Range: bytes=0-129023 -> Serving 129024 bytes for No Guidance (feat. Drake)_spotdown.org.mp3
[2026-03-26T08:10:26.674Z] Range: bytes=0-22527 -> Serving 22528 bytes for Nonstop_spotdown.org.mp3
[2026-03-26T08:10:26.677Z] Range: bytes=0-41983 -> Serving 41984 bytes for Not You Too (feat. Chris Brown)_spotdown.org.mp3
[2026-03-26T08:10:26.774Z] Range: bytes=0-1023 -> Serving 1024 bytes for Omertà_spotdown.org.mp3
[2026-03-26T08:10:26.776Z] Range: bytes=6524785-6524913 -> Serving 128 bytes for Omertà_spotdown.org.mp3
[2026-03-26T08:10:26.778Z] Range: bytes=0-1023 -> Serving 1024 bytes for On BS_spotdown.org.mp3
[2026-03-26T08:10:26.780Z] Range: bytes=7266820-7266948 -> Serving 128 bytes for On BS_spotdown.org.mp3
[2026-03-26T08:10:26.783Z] Range: bytes=0-1023 -> Serving 1024 bytes for One Dance_spotdown.org.mp3
[2026-03-26T08:10:26.785Z] Range: bytes=121250-121378 -> Serving 128 bytes for One Dance_spotdown.org.mp3
[2026-03-26T08:10:26.787Z] Range: bytes=0-1023 -> Serving 1024 bytes for One Night Only_spotdown.org.mp3
[2026-03-26T08:10:26.789Z] Range: bytes=5993211-5993339 -> Serving 128 bytes for One Night Only_spotdown.org.mp3
[2026-03-26T08:10:26.791Z] Range: bytes=0-1023 -> Serving 1024 bytes for Passionfruit_spotdown.org.mp3
[2026-03-26T08:10:26.792Z] Range: bytes=8894277-8894405 -> Serving 128 bytes for Passionfruit_spotdown.org.mp3
[2026-03-26T08:10:27.640Z] Range: bytes=0-16383 -> Serving 16384 bytes for Omertà_spotdown.org.mp3
[2026-03-26T08:10:27.643Z] Range: bytes=0-133119 -> Serving 133120 bytes for On BS_spotdown.org.mp3
[2026-03-26T08:10:27.645Z] Range: bytes=0-21503 -> Serving 21504 bytes for One Dance_spotdown.org.mp3
[2026-03-26T08:10:27.647Z] Range: bytes=0-109567 -> Serving 109568 bytes for One Night Only_spotdown.org.mp3
[2026-03-26T08:10:27.648Z] Range: bytes=0-23551 -> Serving 23552 bytes for Passionfruit_spotdown.org.mp3
[2026-03-26T08:10:27.739Z] Range: bytes=0-1023 -> Serving 1024 bytes for Peak_spotdown.org.mp3
[2026-03-26T08:10:27.741Z] Range: bytes=6251988-6252116 -> Serving 128 bytes for Peak_spotdown.org.mp3
[2026-03-26T08:10:27.742Z] Range: bytes=0-1023 -> Serving 1024 bytes for Pink + White_spotdown.org.mp3
[2026-03-26T08:10:27.746Z] Range: bytes=5568324-5568452 -> Serving 128 bytes for Pink + White_spotdown.org.mp3
[2026-03-26T08:10:27.747Z] Range: bytes=0-1023 -> Serving 1024 bytes for Pink Matter_spotdown.org.mp3
[2026-03-26T08:10:27.748Z] Range: bytes=7174002-7174130 -> Serving 128 bytes for Pink Matter_spotdown.org.mp3
[2026-03-26T08:10:27.751Z] Range: bytes=0-1023 -> Serving 1024 bytes for POPSTAR (feat. Drake)_spotdown.org.mp3
[2026-03-26T08:10:27.753Z] Range: bytes=5036815-5036943 -> Serving 128 bytes for POPSTAR (feat. Drake)_spotdown.org.mp3
[2026-03-26T08:10:27.756Z] Range: bytes=0-1023 -> Serving 1024 bytes for Push Ups_spotdown.org.mp3
[2026-03-26T08:10:27.758Z] Range: bytes=6396747-6396875 -> Serving 128 bytes for Push Ups_spotdown.org.mp3
[2026-03-26T08:10:28.640Z] Range: bytes=0-22527 -> Serving 22528 bytes for Peak_spotdown.org.mp3
[2026-03-26T08:10:28.644Z] Range: bytes=0-20479 -> Serving 20480 bytes for Pink + White_spotdown.org.mp3
[2026-03-26T08:10:28.645Z] Range: bytes=0-22527 -> Serving 22528 bytes for Pink Matter_spotdown.org.mp3
[2026-03-26T08:10:28.649Z] Range: bytes=0-55295 -> Serving 55296 bytes for POPSTAR (feat. Drake)_spotdown.org.mp3
[2026-03-26T08:10:28.652Z] Range: bytes=0-102399 -> Serving 102400 bytes for Push Ups_spotdown.org.mp3
[2026-03-26T08:10:28.728Z] Range: bytes=0-1023 -> Serving 1024 bytes for Pussy & Millions (feat. Travis Scott)_spotdown.org.mp3
[2026-03-26T08:10:28.729Z] Range: bytes=2160278-2160406 -> Serving 128 bytes for Pussy & Millions (feat. Travis Scott)_spotdown.org.mp3
[2026-03-26T08:10:28.732Z] Range: bytes=0-1023 -> Serving 1024 bytes for Recognize (feat. Drake)_spotdown.org (1).mp3
[2026-03-26T08:10:28.733Z] Range: bytes=9251871-9251999 -> Serving 128 bytes for Recognize (feat. Drake)_spotdown.org (1).mp3
[2026-03-26T08:10:28.735Z] Range: bytes=0-1023 -> Serving 1024 bytes for Recognize (feat. Drake)_spotdown.org.mp3
[2026-03-26T08:10:28.736Z] Range: bytes=9223868-9223996 -> Serving 128 bytes for Recognize (feat. Drake)_spotdown.org.mp3
[2026-03-26T08:10:28.739Z] Range: bytes=0-1023 -> Serving 1024 bytes for Rich Baby Daddy (feat. Sexyy Red & SZA)_spotdown.org.mp3
[2026-03-26T08:10:28.742Z] Range: bytes=9544906-9545034 -> Serving 128 bytes for Rich Baby Daddy (feat. Sexyy Red & SZA)_spotdown.org.mp3
[2026-03-26T08:10:28.744Z] Range: bytes=0-1023 -> Serving 1024 bytes for Rich Flex_spotdown.org.mp3
[2026-03-26T08:10:28.745Z] Range: bytes=6970132-6970260 -> Serving 128 bytes for Rich Flex_spotdown.org.mp3
[2026-03-26T08:10:29.652Z] Range: bytes=0-33791 -> Serving 33792 bytes for Pussy & Millions (feat. Travis Scott)_spotdown.org.mp3
[2026-03-26T08:10:29.654Z] Range: bytes=0-41983 -> Serving 41984 bytes for Recognize (feat. Drake)_spotdown.org (1).mp3
[2026-03-26T08:10:29.656Z] Range: bytes=0-14335 -> Serving 14336 bytes for Recognize (feat. Drake)_spotdown.org.mp3
[2026-03-26T08:10:29.657Z] Range: bytes=0-18431 -> Serving 18432 bytes for Rich Baby Daddy (feat. Sexyy Red & SZA)_spotdown.org.mp3
[2026-03-26T08:10:29.659Z] Range: bytes=0-132095 -> Serving 132096 bytes for Rich Flex_spotdown.org.mp3
[2026-03-26T08:10:29.725Z] Range: bytes=0-1023 -> Serving 1024 bytes for Sativa_spotdown.org.mp3
[2026-03-26T08:10:29.727Z] Range: bytes=8435046-8435174 -> Serving 128 bytes for Sativa_spotdown.org.mp3
[2026-03-26T08:10:29.729Z] Range: bytes=0-1023 -> Serving 1024 bytes for Search & Rescue_spotdown.org.mp3
[2026-03-26T08:10:29.730Z] Range: bytes=7666337-7666465 -> Serving 128 bytes for Search & Rescue_spotdown.org.mp3
[2026-03-26T08:10:29.736Z] Range: bytes=0-1023 -> Serving 1024 bytes for Self Control_spotdown.org.mp3
[2026-03-26T08:10:29.738Z] Range: bytes=6616223-6616351 -> Serving 128 bytes for Self Control_spotdown.org.mp3
[2026-03-26T08:10:29.739Z] Range: bytes=0-1023 -> Serving 1024 bytes for She_spotdown.org.mp3
[2026-03-26T08:10:29.741Z] Range: bytes=7372052-7372180 -> Serving 128 bytes for She_spotdown.org.mp3
[2026-03-26T08:10:29.742Z] Range: bytes=0-1023 -> Serving 1024 bytes for Shot For Me_spotdown.org.mp3
[2026-03-26T08:10:29.744Z] Range: bytes=6146179-6146307 -> Serving 128 bytes for Shot For Me_spotdown.org.mp3
[2026-03-26T08:10:30.655Z] Range: bytes=0-214015 -> Serving 214016 bytes for Sativa_spotdown.org.mp3
[2026-03-26T08:10:30.658Z] Range: bytes=0-12287 -> Serving 12288 bytes for Search & Rescue_spotdown.org.mp3
[2026-03-26T08:10:30.661Z] Range: bytes=0-82943 -> Serving 82944 bytes for Self Control_spotdown.org.mp3
[2026-03-26T08:10:30.665Z] Range: bytes=0-147455 -> Serving 147456 bytes for She_spotdown.org.mp3
[2026-03-26T08:10:30.667Z] Range: bytes=0-38911 -> Serving 38912 bytes for Shot For Me_spotdown.org.mp3
[2026-03-26T08:10:30.787Z] Range: bytes=0-1023 -> Serving 1024 bytes for SICKO MODE_spotdown.org.mp3
[2026-03-26T08:10:30.788Z] Range: bytes=9408955-9409083 -> Serving 128 bytes for SICKO MODE_spotdown.org.mp3
[2026-03-26T08:10:30.790Z] Range: bytes=0-1023 -> Serving 1024 bytes for Sideways_spotdown.org.mp3
[2026-03-26T08:10:30.792Z] Range: bytes=8261138-8261266 -> Serving 128 bytes for Sideways_spotdown.org.mp3
[2026-03-26T08:10:30.793Z] Range: bytes=0-1023 -> Serving 1024 bytes for Slide (feat. Frank Ocean & Migos)_spotdown.org.mp3
[2026-03-26T08:10:30.795Z] Range: bytes=6869276-6869404 -> Serving 128 bytes for Slide (feat. Frank Ocean & Migos)_spotdown.org.mp3
[2026-03-26T08:10:30.796Z] Range: bytes=0-1023 -> Serving 1024 bytes for Slime You Out (feat. SZA)_spotdown.org.mp3
[2026-03-26T08:10:30.799Z] Range: bytes=8438087-8438215 -> Serving 128 bytes for Slime You Out (feat. SZA)_spotdown.org.mp3
[2026-03-26T08:10:30.801Z] Range: bytes=0-1023 -> Serving 1024 bytes for SLOW DANCING IN THE DARK_spotdown.org.mp3
[2026-03-26T08:10:30.802Z] Range: bytes=5685187-5685315 -> Serving 128 bytes for SLOW DANCING IN THE DARK_spotdown.org.mp3
[2026-03-26T08:10:31.653Z] Range: bytes=0-185343 -> Serving 185344 bytes for SICKO MODE_spotdown.org.mp3
[2026-03-26T08:10:31.656Z] Range: bytes=0-178175 -> Serving 178176 bytes for Sideways_spotdown.org.mp3
[2026-03-26T08:10:31.658Z] Range: bytes=0-28671 -> Serving 28672 bytes for Slide (feat. Frank Ocean & Migos)_spotdown.org.mp3
[2026-03-26T08:10:31.675Z] Range: bytes=0-75775 -> Serving 75776 bytes for Slime You Out (feat. SZA)_spotdown.org.mp3
[2026-03-26T08:10:31.678Z] Range: bytes=0-121855 -> Serving 121856 bytes for SLOW DANCING IN THE DARK_spotdown.org.mp3
[2026-03-26T08:10:31.811Z] Range: bytes=0-1023 -> Serving 1024 bytes for Small Worlds_spotdown.org.mp3
[2026-03-26T08:10:31.813Z] Range: bytes=8102302-8102430 -> Serving 128 bytes for Small Worlds_spotdown.org.mp3
[2026-03-26T08:10:31.814Z] Range: bytes=0-1023 -> Serving 1024 bytes for Spin Bout U_spotdown.org.mp3
[2026-03-26T08:10:31.817Z] Range: bytes=6578004-6578132 -> Serving 128 bytes for Spin Bout U_spotdown.org.mp3
[2026-03-26T08:10:31.818Z] Range: bytes=0-1023 -> Serving 1024 bytes for Sooner Than Later_spotdown.org.mp3
[2026-03-26T08:10:31.821Z] Range: bytes=7020264-7020392 -> Serving 128 bytes for Sooner Than Later_spotdown.org.mp3
[2026-03-26T08:10:31.823Z] Range: bytes=0-1023 -> Serving 1024 bytes for Started From the Bottom_spotdown.org.mp3
[2026-03-26T08:10:31.825Z] Range: bytes=4743159-4743287 -> Serving 128 bytes for Started From the Bottom_spotdown.org.mp3
[2026-03-26T08:10:31.828Z] Range: bytes=0-1023 -> Serving 1024 bytes for Sticky_spotdown.org.mp3
[2026-03-26T08:10:31.830Z] Range: bytes=7108308-7108436 -> Serving 128 bytes for Sticky_spotdown.org.mp3
[2026-03-26T08:10:32.639Z] Range: bytes=0-11263 -> Serving 11264 bytes for Small Worlds_spotdown.org.mp3
[2026-03-26T08:10:32.642Z] Range: bytes=0-133119 -> Serving 133120 bytes for Spin Bout U_spotdown.org.mp3
[2026-03-26T08:10:32.644Z] Range: bytes=0-11263 -> Serving 11264 bytes for Sooner Than Later_spotdown.org.mp3
[2026-03-26T08:10:32.647Z] Range: bytes=0-25599 -> Serving 25600 bytes for Started From the Bottom_spotdown.org.mp3
[2026-03-26T08:10:32.649Z] Range: bytes=0-30719 -> Serving 30720 bytes for Sticky_spotdown.org.mp3
[2026-03-26T08:10:32.784Z] Range: bytes=0-1023 -> Serving 1024 bytes for Sunday (feat. Frank Ocean)_spotdown.org.mp3
[2026-03-26T08:10:32.786Z] Range: bytes=6307517-6307645 -> Serving 128 bytes for Sunday (feat. Frank Ocean)_spotdown.org.mp3
[2026-03-26T08:10:32.788Z] Range: bytes=0-1023 -> Serving 1024 bytes for Sunshine (feat. Fousheé)_spotdown.org.mp3
[2026-03-26T08:10:32.790Z] Range: bytes=9559776-9559904 -> Serving 128 bytes for Sunshine (feat. Fousheé)_spotdown.org.mp3
[2026-03-26T08:10:32.792Z] Range: bytes=0-1023 -> Serving 1024 bytes for Super Rich Kids_spotdown.org.mp3
[2026-03-26T08:10:32.793Z] Range: bytes=8814909-8815037 -> Serving 128 bytes for Super Rich Kids_spotdown.org.mp3
[2026-03-26T08:10:32.796Z] Range: bytes=0-1023 -> Serving 1024 bytes for Superpower (feat. Frank Ocean)_spotdown.org.mp3
[2026-03-26T08:10:32.798Z] Range: bytes=7987819-7987947 -> Serving 128 bytes for Superpower (feat. Frank Ocean)_spotdown.org.mp3
[2026-03-26T08:10:32.799Z] Range: bytes=0-1023 -> Serving 1024 bytes for Superpowers_spotdown.org.mp3
[2026-03-26T08:10:32.800Z] Range: bytes=5118888-5119016 -> Serving 128 bytes for Superpowers_spotdown.org.mp3
[2026-03-26T08:10:33.642Z] Range: bytes=0-30719 -> Serving 30720 bytes for Sunday (feat. Frank Ocean)_spotdown.org.mp3
[2026-03-26T08:10:33.645Z] Range: bytes=0-31743 -> Serving 31744 bytes for Sunshine (feat. Fousheé)_spotdown.org.mp3
[2026-03-26T08:10:33.649Z] Range: bytes=0-22527 -> Serving 22528 bytes for Super Rich Kids_spotdown.org.mp3
[2026-03-26T08:10:33.652Z] Range: bytes=0-7167 -> Serving 7168 bytes for Superpower (feat. Frank Ocean)_spotdown.org.mp3
[2026-03-26T08:10:33.655Z] Range: bytes=0-33791 -> Serving 33792 bytes for Superpowers_spotdown.org.mp3
[2026-03-26T08:10:33.747Z] Range: bytes=0-1023 -> Serving 1024 bytes for Sure Thing_spotdown.org.mp3
[2026-03-26T08:10:33.751Z] Range: bytes=5995909-5996037 -> Serving 128 bytes for Sure Thing_spotdown.org.mp3
[2026-03-26T08:10:33.753Z] Range: bytes=0-1023 -> Serving 1024 bytes for Talk Up (feat. Jay-Z)_spotdown.org.mp3
[2026-03-26T08:10:33.758Z] Range: bytes=3655528-3655656 -> Serving 128 bytes for Talk Up (feat. Jay-Z)_spotdown.org.mp3
[2026-03-26T08:10:33.762Z] Range: bytes=0-1023 -> Serving 1024 bytes for That’s How You Feel_spotdown.org.mp3
[2026-03-26T08:10:33.765Z] Range: bytes=4297087-4297215 -> Serving 128 bytes for That’s How You Feel_spotdown.org.mp3
[2026-03-26T08:10:33.769Z] Range: bytes=0-1023 -> Serving 1024 bytes for The Motto_spotdown.org.mp3
[2026-03-26T08:10:33.770Z] Range: bytes=4927975-4928103 -> Serving 128 bytes for The Motto_spotdown.org.mp3
[2026-03-26T08:10:33.772Z] Range: bytes=0-1023 -> Serving 1024 bytes for Thinkin Bout You_spotdown.org.mp3
[2026-03-26T08:10:33.773Z] Range: bytes=5861879-5862007 -> Serving 128 bytes for Thinkin Bout You_spotdown.org.mp3
[2026-03-26T08:10:34.643Z] Range: bytes=0-29695 -> Serving 29696 bytes for Sure Thing_spotdown.org.mp3
[2026-03-26T08:10:34.646Z] Range: bytes=0-22527 -> Serving 22528 bytes for Talk Up (feat. Jay-Z)_spotdown.org.mp3
[2026-03-26T08:10:34.648Z] Range: bytes=0-22527 -> Serving 22528 bytes for That’s How You Feel_spotdown.org.mp3
[2026-03-26T08:10:34.650Z] Range: bytes=0-138239 -> Serving 138240 bytes for The Motto_spotdown.org.mp3
[2026-03-26T08:10:34.651Z] Range: bytes=0-22527 -> Serving 22528 bytes for Thinkin Bout You_spotdown.org.mp3
[2026-03-26T08:10:34.715Z] Range: bytes=0-1023 -> Serving 1024 bytes for Too Fast_spotdown.org.mp3
[2026-03-26T08:10:34.717Z] Range: bytes=8615192-8615320 -> Serving 128 bytes for Too Fast_spotdown.org.mp3
[2026-03-26T08:10:34.719Z] Range: bytes=0-1023 -> Serving 1024 bytes for Toosie Slide_spotdown.org.mp3
[2026-03-26T08:10:34.720Z] Range: bytes=6497720-6497848 -> Serving 128 bytes for Toosie Slide_spotdown.org.mp3
[2026-03-26T08:10:34.722Z] Range: bytes=0-1023 -> Serving 1024 bytes for Trust Issues_spotdown.org.mp3
[2026-03-26T08:10:34.724Z] Range: bytes=8069210-8069338 -> Serving 128 bytes for Trust Issues_spotdown.org.mp3
[2026-03-26T08:10:34.725Z] Range: bytes=0-1023 -> Serving 1024 bytes for TSU_spotdown.org.mp3
[2026-03-26T08:10:34.727Z] Range: bytes=8987656-8987784 -> Serving 128 bytes for TSU_spotdown.org.mp3
[2026-03-26T08:10:34.729Z] Range: bytes=0-1023 -> Serving 1024 bytes for Virginia Beach_spotdown.org.mp3
[2026-03-26T08:10:34.731Z] Range: bytes=7022280-7022408 -> Serving 128 bytes for Virginia Beach_spotdown.org.mp3
[2026-03-26T08:10:35.657Z] Range: bytes=0-27647 -> Serving 27648 bytes for Too Fast_spotdown.org.mp3
[2026-03-26T08:10:35.659Z] Range: bytes=0-41983 -> Serving 41984 bytes for Toosie Slide_spotdown.org.mp3
[2026-03-26T08:10:35.661Z] Range: bytes=0-70655 -> Serving 70656 bytes for Trust Issues_spotdown.org.mp3
[2026-03-26T08:10:35.662Z] Range: bytes=0-23551 -> Serving 23552 bytes for TSU_spotdown.org.mp3
[2026-03-26T08:10:35.670Z] Range: bytes=0-18431 -> Serving 18432 bytes for Virginia Beach_spotdown.org.mp3
[2026-03-26T08:10:35.710Z] Range: bytes=0-1023 -> Serving 1024 bytes for WAIT FOR U (feat. Drake & Tems)_spotdown.org.mp3
[2026-03-26T08:10:35.711Z] Range: bytes=5632773-5632901 -> Serving 128 bytes for WAIT FOR U (feat. Drake & Tems)_spotdown.org.mp3
[2026-03-26T08:10:35.712Z] Range: bytes=0-1023 -> Serving 1024 bytes for Walk It Talk It_spotdown.org.mp3
[2026-03-26T08:10:35.714Z] Range: bytes=8235748-8235876 -> Serving 128 bytes for Walk It Talk It_spotdown.org.mp3
[2026-03-26T08:10:35.716Z] Range: bytes=0-1023 -> Serving 1024 bytes for Wants and Needs (feat. Lil Baby)_spotdown.org.mp3
[2026-03-26T08:10:35.725Z] Range: bytes=5574923-5575051 -> Serving 128 bytes for Wants and Needs (feat. Lil Baby)_spotdown.org.mp3
[2026-03-26T08:10:35.726Z] Range: bytes=0-1023 -> Serving 1024 bytes for Way 2 Sexy (with Future & Young Thug)_spotdown.org.mp3
[2026-03-26T08:10:35.728Z] Range: bytes=7357534-7357662 -> Serving 128 bytes for Way 2 Sexy (with Future & Young Thug)_spotdown.org.mp3
[2026-03-26T08:10:35.729Z] Range: bytes=0-1023 -> Serving 1024 bytes for We Find Love_spotdown.org.mp3
[2026-03-26T08:10:35.731Z] Range: bytes=7215792-7215920 -> Serving 128 bytes for We Find Love_spotdown.org.mp3
[2026-03-26T08:10:36.644Z] Range: bytes=0-94207 -> Serving 94208 bytes for WAIT FOR U (feat. Drake & Tems)_spotdown.org.mp3
[2026-03-26T08:10:36.647Z] Range: bytes=0-105471 -> Serving 105472 bytes for Walk It Talk It_spotdown.org.mp3
[2026-03-26T08:10:36.650Z] Range: bytes=0-11263 -> Serving 11264 bytes for Wants and Needs (feat. Lil Baby)_spotdown.org.mp3
[2026-03-26T08:10:36.655Z] Range: bytes=0-64511 -> Serving 64512 bytes for Way 2 Sexy (with Future & Young Thug)_spotdown.org.mp3
[2026-03-26T08:10:36.657Z] Range: bytes=0-84991 -> Serving 84992 bytes for We Find Love_spotdown.org.mp3
[2026-03-26T08:10:36.737Z] Range: bytes=0-1023 -> Serving 1024 bytes for What You Heard_spotdown.org.mp3
[2026-03-26T08:10:36.739Z] Range: bytes=7035255-7035383 -> Serving 128 bytes for What You Heard_spotdown.org.mp3
[2026-03-26T08:10:36.740Z] Range: bytes=0-1023 -> Serving 1024 bytes for What's Next_spotdown.org.mp3
[2026-03-26T08:10:36.743Z] Range: bytes=5193809-5193937 -> Serving 128 bytes for What's Next_spotdown.org.mp3
[2026-03-26T08:10:36.745Z] Range: bytes=0-1023 -> Serving 1024 bytes for White (feat. Frank Ocean)_spotdown.org.mp3
[2026-03-26T08:10:36.747Z] Range: bytes=0-1023 -> Serving 1024 bytes for Who Told You (feat. Drake)_spotdown.org.mp3
[2026-03-26T08:10:36.748Z] Range: bytes=3620157-3620285 -> Serving 128 bytes for White (feat. Frank Ocean)_spotdown.org.mp3
[2026-03-26T08:10:36.751Z] Range: bytes=5651484-5651612 -> Serving 128 bytes for Who Told You (feat. Drake)_spotdown.org.mp3
[2026-03-26T08:10:36.752Z] Range: bytes=0-1023 -> Serving 1024 bytes for Wildfire (feat. Frank Ocean)_spotdown.org.mp3
[2026-03-26T08:10:36.753Z] Range: bytes=2743259-2743387 -> Serving 128 bytes for Wildfire (feat. Frank Ocean)_spotdown.org.mp3
[2026-03-26T08:10:37.649Z] Range: bytes=0-46079 -> Serving 46080 bytes for What You Heard_spotdown.org.mp3
[2026-03-26T08:10:37.652Z] Range: bytes=0-56319 -> Serving 56320 bytes for What's Next_spotdown.org.mp3
[2026-03-26T08:10:37.656Z] Range: bytes=0-29695 -> Serving 29696 bytes for White (feat. Frank Ocean)_spotdown.org.mp3
[2026-03-26T08:10:37.659Z] Range: bytes=0-25599 -> Serving 25600 bytes for Who Told You (feat. Drake)_spotdown.org.mp3
[2026-03-26T08:10:37.667Z] Range: bytes=0-94207 -> Serving 94208 bytes for Wildfire (feat. Frank Ocean)_spotdown.org.mp3
[2026-03-26T08:10:37.721Z] Range: bytes=0-1023 -> Serving 1024 bytes for Work_spotdown.org.mp3
[2026-03-26T08:10:37.722Z] Range: bytes=6253650-6253778 -> Serving 128 bytes for Work_spotdown.org.mp3
[2026-03-26T08:10:37.725Z] Range: bytes=0-1023 -> Serving 1024 bytes for Yebba’s Heartbreak_spotdown.org.mp3
[2026-03-26T08:10:37.726Z] Range: bytes=3515846-3515974 -> Serving 128 bytes for Yebba’s Heartbreak_spotdown.org.mp3
[2026-03-26T08:10:37.728Z] Range: bytes=0-1023 -> Serving 1024 bytes for You Broke My Heart_spotdown.org.mp3
[2026-03-26T08:10:37.729Z] Range: bytes=6654251-6654379 -> Serving 128 bytes for You Broke My Heart_spotdown.org.mp3
[2026-03-26T08:10:38.652Z] Range: bytes=0-24575 -> Serving 24576 bytes for Work_spotdown.org.mp3
[2026-03-26T08:10:38.655Z] Range: bytes=0-64511 -> Serving 64512 bytes for Yebba’s Heartbreak_spotdown.org.mp3
[2026-03-26T08:10:38.657Z] Range: bytes=0-21503 -> Serving 21504 bytes for You Broke My Heart_spotdown.org.mp3
[2026-05-06T07:07:01.671Z] Server running at http://localhost:8080/
[2026-05-06T07:07:01.678Z] Music directory: C:\Users\the1frombeyond\Music
[2026-05-06T07:07:58.857Z] Range: bytes=0-1023 -> Serving 1024 bytes for 3005_spotdown.org.mp3
[2026-05-06T07:07:58.867Z] Range: bytes=7593486-7593614 -> Serving 128 bytes for 3005_spotdown.org.mp3
[2026-05-06T07:07:58.869Z] Range: bytes=0-1023 -> Serving 1024 bytes for Belong to the City_spotdown.org.mp3
[2026-05-06T07:07:58.871Z] Range: bytes=3116962-3117090 -> Serving 128 bytes for Belong to the City_spotdown.org.mp3
[2026-05-06T07:07:58.873Z] Range: bytes=0-1023 -> Serving 1024 bytes for Blessed_spotdown.org.mp3
[2026-05-06T07:07:58.876Z] Range: bytes=6439080-6439208 -> Serving 128 bytes for Blessed_spotdown.org.mp3
[2026-05-06T07:07:58.917Z] Range: bytes=0-1023 -> Serving 1024 bytes for All I Want Is You (feat. J. Cole)_spotdown.org.mp3
[2026-05-06T07:07:58.919Z] Range: bytes=9757619-9757747 -> Serving 128 bytes for All I Want Is You (feat. J. Cole)_spotdown.org.mp3
[2026-05-06T07:07:58.922Z] Range: bytes=0-1023 -> Serving 1024 bytes for Bound 2_spotdown.org.mp3
[2026-05-06T07:07:58.929Z] Range: bytes=6575743-6575871 -> Serving 128 bytes for Bound 2_spotdown.org.mp3
[2026-05-06T07:07:58.932Z] Range: bytes=0-32767 -> Serving 32768 bytes for 3005_spotdown.org.mp3
[2026-05-06T07:07:58.935Z] Range: bytes=0-14335 -> Serving 14336 bytes for Belong to the City_spotdown.org.mp3
[2026-05-06T07:07:58.980Z] Range: bytes=0-16383 -> Serving 16384 bytes for Blessed_spotdown.org.mp3
[2026-05-06T07:07:58.984Z] Range: bytes=0-29695 -> Serving 29696 bytes for All I Want Is You (feat. J. Cole)_spotdown.org.mp3
[2026-05-06T07:07:59.020Z] Range: bytes=0-88063 -> Serving 88064 bytes for Bound 2_spotdown.org.mp3
[2026-05-06T07:07:59.164Z] Range: bytes=0-1023 -> Serving 1024 bytes for C U Girl_spotdown.org.mp3
[2026-05-06T07:07:59.167Z] Range: bytes=4043102-4043230 -> Serving 128 bytes for C U Girl_spotdown.org.mp3
[2026-05-06T07:07:59.459Z] Range: bytes=0-1023 -> Serving 1024 bytes for Chanel_spotdown.org.mp3
[2026-05-06T07:07:59.462Z] Range: bytes=6685206-6685334 -> Serving 128 bytes for Chanel_spotdown.org.mp3
[2026-05-06T07:07:59.476Z] Range: bytes=0-1023 -> Serving 1024 bytes for CYANIDE_spotdown.org.mp3
[2026-05-06T07:07:59.480Z] Range: bytes=5592186-5592314 -> Serving 128 bytes for CYANIDE_spotdown.org.mp3
[2026-05-06T07:07:59.482Z] Range: bytes=0-1023 -> Serving 1024 bytes for Dark Red_spotdown.org.mp3
[2026-05-06T07:07:59.485Z] Range: bytes=4883642-4883770 -> Serving 128 bytes for Dark Red_spotdown.org.mp3
[2026-05-06T07:07:59.525Z] Range: bytes=0-1023 -> Serving 1024 bytes for Don't_spotdown.org.mp3
[2026-05-06T07:07:59.530Z] Range: bytes=6287829-6287957 -> Serving 128 bytes for Don't_spotdown.org.mp3
[2026-05-06T07:07:59.541Z] Range: bytes=0-34815 -> Serving 34816 bytes for C U Girl_spotdown.org.mp3
[2026-05-06T07:07:59.546Z] Range: bytes=0-23551 -> Serving 23552 bytes for Chanel_spotdown.org.mp3
[2026-05-06T07:07:59.555Z] Range: bytes=0-115711 -> Serving 115712 bytes for CYANIDE_spotdown.org.mp3
[2026-05-06T07:07:59.561Z] Range: bytes=0-32767 -> Serving 32768 bytes for Dark Red_spotdown.org.mp3
[2026-05-06T07:07:59.588Z] Range: bytes=0-11263 -> Serving 11264 bytes for Don't_spotdown.org.mp3
[2026-05-06T07:07:59.782Z] Range: bytes=0-1023 -> Serving 1024 bytes for Ghost Town_spotdown.org.mp3
[2026-05-06T07:07:59.784Z] Range: bytes=8383526-8383654 -> Serving 128 bytes for Ghost Town_spotdown.org.mp3
[2026-05-06T07:07:59.788Z] Range: bytes=0-1023 -> Serving 1024 bytes for Evergreen (You Didn’t Deserve Me At All)_spotdown.org.mp3
[2026-05-06T07:07:59.791Z] Range: bytes=6086025-6086153 -> Serving 128 bytes for Evergreen (You Didn’t Deserve Me At All)_spotdown.org.mp3
[2026-05-06T07:07:59.841Z] Range: bytes=0-1023 -> Serving 1024 bytes for Girl With The Tattoo Enter.lewd_spotdown.org.mp3
[2026-05-06T07:07:59.852Z] Range: bytes=2830094-2830222 -> Serving 128 bytes for Girl With The Tattoo Enter.lewd_spotdown.org.mp3
[2026-05-06T07:07:59.866Z] Range: bytes=0-1023 -> Serving 1024 bytes for Give You the World_spotdown.org.mp3
[2026-05-06T07:07:59.872Z] Range: bytes=6969154-6969282 -> Serving 128 bytes for Give You the World_spotdown.org.mp3
[2026-05-06T07:07:59.880Z] Range: bytes=0-1023 -> Serving 1024 bytes for Godspeed_spotdown.org.mp3
[2026-05-06T07:07:59.886Z] Range: bytes=5319246-5319374 -> Serving 128 bytes for Godspeed_spotdown.org.mp3
[2026-05-06T07:07:59.922Z] Range: bytes=0-26623 -> Serving 26624 bytes for Ghost Town_spotdown.org.mp3
[2026-05-06T07:07:59.947Z] Range: bytes=0-14335 -> Serving 14336 bytes for Evergreen (You Didn’t Deserve Me At All)_spotdown.org.mp3
[2026-05-06T07:07:59.959Z] Range: bytes=0-29695 -> Serving 29696 bytes for Girl With The Tattoo Enter.lewd_spotdown.org.mp3
[2026-05-06T07:07:59.966Z] Range: bytes=0-31743 -> Serving 31744 bytes for Give You the World_spotdown.org.mp3
[2026-05-06T07:07:59.980Z] Range: bytes=0-20479 -> Serving 20480 bytes for Godspeed_spotdown.org.mp3
[2026-05-06T07:08:00.105Z] Range: bytes=0-1023 -> Serving 1024 bytes for Infrunami_spotdown.org.mp3
[2026-05-06T07:08:00.107Z] Range: bytes=4449728-4449856 -> Serving 128 bytes for Infrunami_spotdown.org.mp3
[2026-05-06T07:08:00.109Z] Range: bytes=0-1023 -> Serving 1024 bytes for Loose_spotdown.org.mp3
[2026-05-06T07:08:00.111Z] Range: bytes=4579606-4579734 -> Serving 128 bytes for Loose_spotdown.org.mp3
[2026-05-06T07:08:00.114Z] Range: bytes=0-1023 -> Serving 1024 bytes for Hold Me Down_spotdown.org.mp3
[2026-05-06T07:08:00.116Z] Range: bytes=6985942-6986070 -> Serving 128 bytes for Hold Me Down_spotdown.org.mp3
[2026-05-06T07:08:00.156Z] Range: bytes=0-1023 -> Serving 1024 bytes for Ivy_spotdown.org.mp3
[2026-05-06T07:08:00.175Z] Range: bytes=7533685-7533813 -> Serving 128 bytes for Ivy_spotdown.org.mp3
[2026-05-06T07:08:00.185Z] Range: bytes=0-1023 -> Serving 1024 bytes for Japanese Denim_spotdown.org.mp3
[2026-05-06T07:08:00.189Z] Range: bytes=7619790-7619918 -> Serving 128 bytes for Japanese Denim_spotdown.org.mp3
[2026-05-06T07:08:00.191Z] Range: bytes=0-37887 -> Serving 37888 bytes for Infrunami_spotdown.org.mp3
[2026-05-06T07:08:00.198Z] Range: bytes=0-16383 -> Serving 16384 bytes for Hold Me Down_spotdown.org.mp3
[2026-05-06T07:08:00.211Z] Range: bytes=0-84991 -> Serving 84992 bytes for Loose_spotdown.org.mp3
[2026-05-06T07:08:00.320Z] Range: bytes=0-20479 -> Serving 20480 bytes for Ivy_spotdown.org.mp3
[2026-05-06T07:08:00.324Z] Range: bytes=0-47103 -> Serving 47104 bytes for Japanese Denim_spotdown.org.mp3
[2026-05-06T07:08:00.419Z] Range: bytes=0-1023 -> Serving 1024 bytes for Lost_spotdown.org.mp3
[2026-05-06T07:08:00.424Z] Range: bytes=6958074-6958202 -> Serving 128 bytes for Lost_spotdown.org.mp3
[2026-05-06T07:08:00.436Z] Range: bytes=0-1023 -> Serving 1024 bytes for Love Is Only a Feeling_spotdown.org.mp3
[2026-05-06T07:08:00.442Z] Range: bytes=3860145-3860273 -> Serving 128 bytes for Love Is Only a Feeling_spotdown.org.mp3
[2026-05-06T07:08:00.448Z] Range: bytes=0-1023 -> Serving 1024 bytes for Moon River_spotdown.org.mp3
[2026-05-06T07:08:00.450Z] Range: bytes=5507651-5507779 -> Serving 128 bytes for Moon River_spotdown.org.mp3
[2026-05-06T07:08:00.472Z] Range: bytes=0-1023 -> Serving 1024 bytes for LOVE. FEAT. ZACARI._spotdown.org.mp3
[2026-05-06T07:08:00.480Z] Range: bytes=5989775-5989903 -> Serving 128 bytes for LOVE. FEAT. ZACARI._spotdown.org.mp3
[2026-05-06T07:08:00.484Z] Range: bytes=0-1023 -> Serving 1024 bytes for Me and Your Mama_spotdown.org.mp3
[2026-05-06T07:08:00.490Z] Range: bytes=11391761-11391889 -> Serving 128 bytes for Me and Your Mama_spotdown.org.mp3
[2026-05-06T07:08:00.493Z] Range: bytes=0-21503 -> Serving 21504 bytes for Lost_spotdown.org.mp3
[2026-05-06T07:08:00.505Z] Range: bytes=0-41983 -> Serving 41984 bytes for Love Is Only a Feeling_spotdown.org.mp3
[2026-05-06T07:08:00.516Z] Range: bytes=0-189439 -> Serving 189440 bytes for Moon River_spotdown.org.mp3
[2026-05-06T07:08:00.520Z] Range: bytes=0-32767 -> Serving 32768 bytes for LOVE. FEAT. ZACARI._spotdown.org.mp3
[2026-05-06T07:08:00.769Z] Range: bytes=0-55295 -> Serving 55296 bytes for Me and Your Mama_spotdown.org.mp3
[2026-05-06T07:08:00.835Z] Range: bytes=0-1023 -> Serving 1024 bytes for N Side_spotdown.org.mp3
[2026-05-06T07:08:00.839Z] Range: bytes=7446338-7446466 -> Serving 128 bytes for N Side_spotdown.org.mp3
[2026-05-06T07:08:00.866Z] Range: bytes=0-1023 -> Serving 1024 bytes for One Night Only_spotdown.org.mp3
[2026-05-06T07:08:00.872Z] Range: bytes=6494049-6494177 -> Serving 128 bytes for One Night Only_spotdown.org.mp3
[2026-05-06T07:08:00.875Z] Range: bytes=0-1023 -> Serving 1024 bytes for Passionfruit_spotdown.org.mp3
[2026-05-06T07:08:00.880Z] Range: bytes=9330887-9331015 -> Serving 128 bytes for Passionfruit_spotdown.org.mp3
[2026-05-06T07:08:00.886Z] Range: bytes=0-1023 -> Serving 1024 bytes for Nights_spotdown.org.mp3
[2026-05-06T07:08:00.888Z] Range: bytes=8998451-8998579 -> Serving 128 bytes for Nights_spotdown.org.mp3
[2026-05-06T07:08:00.911Z] Range: bytes=0-1023 -> Serving 1024 bytes for Pink + White_spotdown.org.mp3
[2026-05-06T07:08:00.918Z] Range: bytes=5568200-5568328 -> Serving 128 bytes for Pink + White_spotdown.org.mp3
[2026-05-06T07:08:00.921Z] Range: bytes=0-20479 -> Serving 20480 bytes for N Side_spotdown.org.mp3
[2026-05-06T07:08:00.923Z] Range: bytes=0-109567 -> Serving 109568 bytes for One Night Only_spotdown.org.mp3
[2026-05-06T07:08:00.936Z] Range: bytes=0-23551 -> Serving 23552 bytes for Passionfruit_spotdown.org.mp3
[2026-05-06T07:08:00.944Z] Range: bytes=0-82943 -> Serving 82944 bytes for Nights_spotdown.org.mp3
[2026-05-06T07:08:01.110Z] Range: bytes=0-20479 -> Serving 20480 bytes for Pink + White_spotdown.org.mp3
[2026-05-06T07:08:01.155Z] Range: bytes=0-1023 -> Serving 1024 bytes for Pink Matter_spotdown.org.mp3
[2026-05-06T07:08:01.178Z] Range: bytes=7174002-7174130 -> Serving 128 bytes for Pink Matter_spotdown.org.mp3
[2026-05-06T07:08:01.182Z] Range: bytes=0-1023 -> Serving 1024 bytes for Redbone_spotdown.org.mp3
[2026-05-06T07:08:01.185Z] Range: bytes=9828690-9828818 -> Serving 128 bytes for Redbone_spotdown.org.mp3
[2026-05-06T07:08:01.188Z] Range: bytes=0-1023 -> Serving 1024 bytes for She_spotdown.org.mp3
[2026-05-06T07:08:01.202Z] Range: bytes=7372052-7372180 -> Serving 128 bytes for She_spotdown.org.mp3
[2026-05-06T07:08:01.236Z] Range: bytes=0-1023 -> Serving 1024 bytes for Slide (feat. Frank Ocean & Migos)_spotdown.org.mp3
[2026-05-06T07:08:01.242Z] Range: bytes=6867425-6867553 -> Serving 128 bytes for Slide (feat. Frank Ocean & Migos)_spotdown.org.mp3
[2026-05-06T07:08:01.244Z] Range: bytes=0-1023 -> Serving 1024 bytes for SLOW DANCING IN THE DARK_spotdown.org.mp3
[2026-05-06T07:08:01.247Z] Range: bytes=5685187-5685315 -> Serving 128 bytes for SLOW DANCING IN THE DARK_spotdown.org.mp3
[2026-05-06T07:08:01.252Z] Range: bytes=0-22527 -> Serving 22528 bytes for Pink Matter_spotdown.org.mp3
[2026-05-06T07:08:01.255Z] Range: bytes=0-194559 -> Serving 194560 bytes for Redbone_spotdown.org.mp3
[2026-05-06T07:08:01.268Z] Range: bytes=0-147455 -> Serving 147456 bytes for She_spotdown.org.mp3
[2026-05-06T07:08:01.512Z] Range: bytes=0-121855 -> Serving 121856 bytes for SLOW DANCING IN THE DARK_spotdown.org.mp3
[2026-05-06T07:08:01.515Z] Range: bytes=0-26623 -> Serving 26624 bytes for Slide (feat. Frank Ocean & Migos)_spotdown.org.mp3
[2026-05-06T07:08:01.640Z] Range: bytes=0-1023 -> Serving 1024 bytes for Sunshine (feat. Fousheé)_spotdown.org.mp3
[2026-05-06T07:08:01.645Z] Range: bytes=8547136-8547264 -> Serving 128 bytes for Sunshine (feat. Fousheé)_spotdown.org.mp3
[2026-05-06T07:08:01.647Z] Range: bytes=0-1023 -> Serving 1024 bytes for Superpowers_spotdown.org.mp3
[2026-05-06T07:08:01.652Z] Range: bytes=5858974-5859102 -> Serving 128 bytes for Superpowers_spotdown.org.mp3
[2026-05-06T07:08:01.655Z] Range: bytes=0-1023 -> Serving 1024 bytes for Static_spotdown.org.mp3
[2026-05-06T07:08:01.657Z] Range: bytes=4522959-4523087 -> Serving 128 bytes for Static_spotdown.org.mp3
[2026-05-06T07:08:01.682Z] Range: bytes=0-1023 -> Serving 1024 bytes for Teenage Fever_spotdown.org.mp3
[2026-05-06T07:08:01.685Z] Range: bytes=6129185-6129313 -> Serving 128 bytes for Teenage Fever_spotdown.org.mp3
[2026-05-06T07:08:01.691Z] Range: bytes=0-1023 -> Serving 1024 bytes for Sure Thing_spotdown.org.mp3
[2026-05-06T07:08:01.702Z] Range: bytes=5996329-5996457 -> Serving 128 bytes for Sure Thing_spotdown.org.mp3
[2026-05-06T07:08:01.704Z] Range: bytes=0-31743 -> Serving 31744 bytes for Sunshine (feat. Fousheé)_spotdown.org.mp3
[2026-05-06T07:08:01.711Z] Range: bytes=0-199679 -> Serving 199680 bytes for Superpowers_spotdown.org.mp3
[2026-05-06T07:08:01.734Z] Range: bytes=0-31743 -> Serving 31744 bytes for Static_spotdown.org.mp3
[2026-05-06T07:08:01.742Z] Range: bytes=0-23551 -> Serving 23552 bytes for Teenage Fever_spotdown.org.mp3
[2026-05-06T07:08:01.898Z] Range: bytes=0-29695 -> Serving 29696 bytes for Sure Thing_spotdown.org.mp3
[2026-05-06T07:08:01.949Z] Range: bytes=0-1023 -> Serving 1024 bytes for Thinkin Bout You_spotdown.org.mp3
[2026-05-06T07:08:01.957Z] Range: bytes=5861879-5862007 -> Serving 128 bytes for Thinkin Bout You_spotdown.org.mp3
[2026-05-06T07:08:01.968Z] Range: bytes=0-1023 -> Serving 1024 bytes for Violent Crimes_spotdown.org.mp3
[2026-05-06T07:08:01.971Z] Range: bytes=6293181-6293309 -> Serving 128 bytes for Violent Crimes_spotdown.org.mp3
[2026-05-06T07:08:01.973Z] Range: bytes=0-1023 -> Serving 1024 bytes for We Find Love_spotdown.org.mp3
[2026-05-06T07:08:01.976Z] Range: bytes=7929094-7929222 -> Serving 128 bytes for We Find Love_spotdown.org.mp3
[2026-05-06T07:08:01.991Z] Range: bytes=0-1023 -> Serving 1024 bytes for White (feat. Frank Ocean)_spotdown.org.mp3
[2026-05-06T07:08:02.004Z] Range: bytes=3620061-3620189 -> Serving 128 bytes for White (feat. Frank Ocean)_spotdown.org.mp3
[2026-05-06T07:08:02.013Z] Range: bytes=0-1023 -> Serving 1024 bytes for White Ferrari_spotdown.org.mp3
[2026-05-06T07:08:02.017Z] Range: bytes=7398616-7398744 -> Serving 128 bytes for White Ferrari_spotdown.org.mp3
[2026-05-06T07:08:02.019Z] Range: bytes=0-22527 -> Serving 22528 bytes for Thinkin Bout You_spotdown.org.mp3
[2026-05-06T07:08:02.030Z] Range: bytes=0-91135 -> Serving 91136 bytes for Violent Crimes_spotdown.org.mp3
[2026-05-06T07:08:02.035Z] Range: bytes=0-16383 -> Serving 16384 bytes for We Find Love_spotdown.org.mp3
[2026-05-06T07:08:02.042Z] Range: bytes=0-29695 -> Serving 29696 bytes for White (feat. Frank Ocean)_spotdown.org.mp3
[2026-05-06T07:08:02.147Z] Range: bytes=0-20479 -> Serving 20480 bytes for White Ferrari_spotdown.org.mp3
[2026-05-06T07:08:02.178Z] Range: bytes=0-1023 -> Serving 1024 bytes for Wildfire (feat. Frank Ocean)_spotdown.org.mp3
[2026-05-06T07:08:02.181Z] Range: bytes=2743259-2743387 -> Serving 128 bytes for Wildfire (feat. Frank Ocean)_spotdown.org.mp3
[2026-05-06T07:08:02.191Z] Range: bytes=0-1023 -> Serving 1024 bytes for Yebba’s Heartbreak_spotdown.org.mp3
[2026-05-06T07:08:02.197Z] Range: bytes=3515846-3515974 -> Serving 128 bytes for Yebba’s Heartbreak_spotdown.org.mp3
[2026-05-06T07:08:02.213Z] Range: bytes=0-94207 -> Serving 94208 bytes for Wildfire (feat. Frank Ocean)_spotdown.org.mp3
[2026-05-06T07:08:02.222Z] Range: bytes=0-64511 -> Serving 64512 bytes for Yebba’s Heartbreak_spotdown.org.mp3
[2026-05-06T07:08:09.548Z] Range: bytes=0- -> Serving 6439208 bytes for Blessed_spotdown.org.mp3
[2026-05-06T07:08:20.208Z] Range: bytes=0- -> Serving 6986070 bytes for Hold Me Down_spotdown.org.mp3
[2026-05-06T07:08:24.684Z] Range: bytes=0- -> Serving 4579734 bytes for Loose_spotdown.org.mp3
[2026-05-06T07:08:27.746Z] Range: bytes=0- -> Serving 7929222 bytes for We Find Love_spotdown.org.mp3
[2026-05-06T07:08:29.074Z] Range: bytes=0- -> Serving 9757747 bytes for All I Want Is You (feat. J. Cole)_spotdown.org.mp3
[2026-05-06T07:08:30.316Z] Range: bytes=0- -> Serving 2830222 bytes for Girl With The Tattoo Enter.lewd_spotdown.org.mp3
[2026-05-06T07:08:32.315Z] Range: bytes=0- -> Serving 5996457 bytes for Sure Thing_spotdown.org.mp3
[2026-05-06T07:08:38.180Z] Range: bytes=753664- -> Serving 2076558 bytes for Girl With The Tattoo Enter.lewd_spotdown.org.mp3
[2026-05-06T08:12:37.269Z] Range: bytes=688128- -> Serving 2142094 bytes for Girl With The Tattoo Enter.lewd_spotdown.org.mp3
[2026-05-06T08:12:39.336Z] File system change detected: change Girl With The Tattoo Enter.lewd_spotdown.org.mp3. Notifying clients.
[2026-05-06T08:21:42.919Z] Range: bytes=0- -> Serving 5996457 bytes for Sure Thing_spotdown.org.mp3
[2026-05-06T08:21:45.102Z] File system change detected: change Sure Thing_spotdown.org.mp3. Notifying clients.
[2026-05-06T10:23:26.329Z] Range: bytes=0- -> Serving 6575871 bytes for Bound 2_spotdown.org.mp3
[2026-05-06T10:23:26.838Z] Range: bytes=0- -> Serving 4043230 bytes for C U Girl_spotdown.org.mp3
[2026-05-06T10:23:26.905Z] Range: bytes=0- -> Serving 5592314 bytes for CYANIDE_spotdown.org.mp3
[2026-05-06T10:23:27.620Z] Range: bytes=0- -> Serving 4883770 bytes for Dark Red_spotdown.org.mp3
[2026-05-06T10:23:28.118Z] Range: bytes=0- -> Serving 6287957 bytes for Don't_spotdown.org.mp3
[2026-05-06T10:23:28.153Z] Range: bytes=0- -> Serving 8383654 bytes for Ghost Town_spotdown.org.mp3
[2026-05-06T10:23:28.178Z] Range: bytes=0- -> Serving 6293309 bytes for Violent Crimes_spotdown.org.mp3
[2026-05-06T10:23:28.214Z] Range: bytes=0- -> Serving 6086153 bytes for Evergreen (You Didn’t Deserve Me At All)_spotdown.org.mp3
[2026-05-06T10:23:28.244Z] Range: bytes=0- -> Serving 6969282 bytes for Give You the World_spotdown.org.mp3
[2026-05-06T10:23:28.278Z] Range: bytes=0- -> Serving 8547264 bytes for Sunshine (feat. Fousheé)_spotdown.org.mp3
[2026-05-06T10:23:28.310Z] Range: bytes=0- -> Serving 4523087 bytes for Static_spotdown.org.mp3
[2026-05-06T10:23:28.336Z] Range: bytes=0- -> Serving 5319374 bytes for Godspeed_spotdown.org.mp3
[2026-05-06T10:23:28.370Z] Range: bytes=0- -> Serving 7533813 bytes for Ivy_spotdown.org.mp3
[2026-05-06T10:23:28.399Z] Range: bytes=0- -> Serving 8998579 bytes for Nights_spotdown.org.mp3
[2026-05-06T10:23:28.429Z] Range: bytes=0- -> Serving 5568328 bytes for Pink + White_spotdown.org.mp3
[2026-05-06T10:23:28.448Z] Range: bytes=0- -> Serving 7398744 bytes for White Ferrari_spotdown.org.mp3
[2026-05-06T10:23:28.475Z] Range: bytes=0- -> Serving 4449856 bytes for Infrunami_spotdown.org.mp3
[2026-05-06T10:23:28.508Z] Range: bytes=0- -> Serving 7619918 bytes for Japanese Denim_spotdown.org.mp3
[2026-05-06T10:23:28.540Z] Range: bytes=0- -> Serving 6958202 bytes for Lost_spotdown.org.mp3
[2026-05-06T10:23:28.572Z] Range: bytes=0- -> Serving 7174130 bytes for Pink Matter_spotdown.org.mp3
[2026-05-06T10:23:28.599Z] Range: bytes=0- -> Serving 5862007 bytes for Thinkin Bout You_spotdown.org.mp3
[2026-05-06T10:23:28.630Z] Range: bytes=0- -> Serving 3860273 bytes for Love Is Only a Feeling_spotdown.org.mp3
[2026-05-06T10:23:28.656Z] Range: bytes=0- -> Serving 5507779 bytes for Moon River_spotdown.org.mp3
[2026-05-06T10:23:28.688Z] Range: bytes=0- -> Serving 5989903 bytes for LOVE. FEAT. ZACARI._spotdown.org.mp3
[2026-05-06T10:23:28.724Z] Range: bytes=0- -> Serving 11391889 bytes for Me and Your Mama_spotdown.org.mp3
[2026-05-06T10:23:28.747Z] Range: bytes=0- -> Serving 9828818 bytes for Redbone_spotdown.org.mp3
[2026-05-06T10:23:28.781Z] Range: bytes=0- -> Serving 7446466 bytes for N Side_spotdown.org.mp3
[2026-05-06T10:23:28.805Z] Range: bytes=0- -> Serving 6494177 bytes for One Night Only_spotdown.org.mp3
[2026-05-06T10:23:28.839Z] Range: bytes=0- -> Serving 9331015 bytes for Passionfruit_spotdown.org.mp3
[2026-05-06T10:23:28.873Z] Range: bytes=0- -> Serving 6129313 bytes for Teenage Fever_spotdown.org.mp3
[2026-05-06T10:23:29.033Z] Range: bytes=0- -> Serving 7372180 bytes for She_spotdown.org.mp3
[2026-05-06T10:23:29.255Z] Range: bytes=0- -> Serving 5685315 bytes for SLOW DANCING IN THE DARK_spotdown.org.mp3
[2026-05-06T10:23:29.505Z] Range: bytes=0- -> Serving 6867553 bytes for Slide (feat. Frank Ocean & Migos)_spotdown.org.mp3
[2026-05-06T10:23:29.772Z] Range: bytes=0- -> Serving 5859102 bytes for Superpowers_spotdown.org.mp3
[2026-05-06T10:23:30.269Z] Range: bytes=0- -> Serving 3620189 bytes for White (feat. Frank Ocean)_spotdown.org.mp3
[2026-05-06T10:23:30.305Z] Range: bytes=0- -> Serving 2743387 bytes for Wildfire (feat. Frank Ocean)_spotdown.org.mp3
[2026-05-06T10:23:30.339Z] Range: bytes=0- -> Serving 3515974 bytes for Yebba’s Heartbreak_spotdown.org.mp3
[2026-05-06T10:23:32.401Z] File system change detected: change Yebba’s Heartbreak_spotdown.org.mp3. Notifying clients.
[2026-05-06T10:23:34.256Z] Range: bytes=0- -> Serving 2743387 bytes for Wildfire (feat. Frank Ocean)_spotdown.org.mp3
[2026-05-06T10:23:34.293Z] Range: bytes=0- -> Serving 3620189 bytes for White (feat. Frank Ocean)_spotdown.org.mp3
[2026-05-06T10:23:34.329Z] Range: bytes=0- -> Serving 5859102 bytes for Superpowers_spotdown.org.mp3
[2026-05-06T10:23:34.360Z] Range: bytes=0- -> Serving 6867553 bytes for Slide (feat. Frank Ocean & Migos)_spotdown.org.mp3
[2026-05-06T10:23:34.411Z] Range: bytes=0- -> Serving 7372180 bytes for She_spotdown.org.mp3
[2026-05-06T10:23:34.445Z] Range: bytes=0- -> Serving 6129313 bytes for Teenage Fever_spotdown.org.mp3
[2026-05-06T10:23:34.472Z] Range: bytes=0- -> Serving 9331015 bytes for Passionfruit_spotdown.org.mp3
[2026-05-06T10:23:34.502Z] Range: bytes=0- -> Serving 6494177 bytes for One Night Only_spotdown.org.mp3
[2026-05-06T10:23:34.527Z] Range: bytes=0- -> Serving 7446466 bytes for N Side_spotdown.org.mp3
[2026-05-06T10:23:34.558Z] Range: bytes=0- -> Serving 9828818 bytes for Redbone_spotdown.org.mp3
[2026-05-06T10:23:34.591Z] Range: bytes=0- -> Serving 11391889 bytes for Me and Your Mama_spotdown.org.mp3
[2026-05-06T10:23:34.619Z] Range: bytes=0- -> Serving 5989903 bytes for LOVE. FEAT. ZACARI._spotdown.org.mp3
[2026-05-06T10:23:34.642Z] Range: bytes=0- -> Serving 5507779 bytes for Moon River_spotdown.org.mp3
[2026-05-06T10:23:34.678Z] Range: bytes=0- -> Serving 3860273 bytes for Love Is Only a Feeling_spotdown.org.mp3
[2026-05-06T10:23:34.709Z] Range: bytes=0- -> Serving 5862007 bytes for Thinkin Bout You_spotdown.org.mp3
[2026-05-06T10:23:34.741Z] Range: bytes=0- -> Serving 7174130 bytes for Pink Matter_spotdown.org.mp3
[2026-05-06T10:23:35.410Z] Range: bytes=0- -> Serving 6958202 bytes for Lost_spotdown.org.mp3
[2026-05-06T10:23:35.906Z] Range: bytes=0- -> Serving 7619918 bytes for Japanese Denim_spotdown.org.mp3
[2026-05-06T10:23:35.941Z] Range: bytes=0- -> Serving 4449856 bytes for Infrunami_spotdown.org.mp3
[2026-05-06T10:23:35.966Z] Range: bytes=0- -> Serving 7398744 bytes for White Ferrari_spotdown.org.mp3
[2026-05-06T10:23:35.994Z] Range: bytes=0- -> Serving 5568328 bytes for Pink + White_spotdown.org.mp3
[2026-05-06T10:23:36.027Z] Range: bytes=0- -> Serving 8998579 bytes for Nights_spotdown.org.mp3
[2026-05-06T10:23:36.092Z] Range: bytes=0- -> Serving 5319374 bytes for Godspeed_spotdown.org.mp3
[2026-05-06T10:23:36.119Z] Range: bytes=0- -> Serving 4523087 bytes for Static_spotdown.org.mp3
[2026-05-06T10:23:36.156Z] Range: bytes=0- -> Serving 8547264 bytes for Sunshine (feat. Fousheé)_spotdown.org.mp3
[2026-05-06T10:23:36.411Z] Range: bytes=0- -> Serving 6969282 bytes for Give You the World_spotdown.org.mp3
[2026-05-06T10:23:37.059Z] Range: bytes=0- -> Serving 6086153 bytes for Evergreen (You Didn’t Deserve Me At All)_spotdown.org.mp3
[2026-05-06T10:23:37.540Z] Range: bytes=0- -> Serving 6293309 bytes for Violent Crimes_spotdown.org.mp3
[2026-05-06T10:23:38.209Z] Range: bytes=0- -> Serving 8383654 bytes for Ghost Town_spotdown.org.mp3
[2026-05-06T10:23:38.586Z] Range: bytes=0- -> Serving 6287957 bytes for Don't_spotdown.org.mp3
[2026-05-06T10:23:39.036Z] Range: bytes=0- -> Serving 4883770 bytes for Dark Red_spotdown.org.mp3
[2026-05-06T10:23:39.350Z] Range: bytes=0- -> Serving 5592314 bytes for CYANIDE_spotdown.org.mp3
[2026-05-06T10:23:39.651Z] Range: bytes=0- -> Serving 6685334 bytes for Chanel_spotdown.org.mp3
[2026-05-06T10:23:39.969Z] Range: bytes=0- -> Serving 4043230 bytes for C U Girl_spotdown.org.mp3
[2026-05-06T10:23:40.588Z] Range: bytes=0- -> Serving 6575871 bytes for Bound 2_spotdown.org.mp3
[2026-05-06T10:23:41.366Z] Range: bytes=0- -> Serving 5996457 bytes for Sure Thing_spotdown.org.mp3
[2026-05-06T10:23:42.235Z] Range: bytes=0- -> Serving 2830222 bytes for Girl With The Tattoo Enter.lewd_spotdown.org.mp3
[2026-05-06T10:23:42.919Z] Range: bytes=0- -> Serving 9757747 bytes for All I Want Is You (feat. J. Cole)_spotdown.org.mp3
[2026-05-06T10:23:43.401Z] Range: bytes=0- -> Serving 7929222 bytes for We Find Love_spotdown.org.mp3
[2026-05-06T10:23:45.555Z] File system change detected: change We Find Love_spotdown.org.mp3. Notifying clients.
[2026-05-06T10:23:49.068Z] Range: bytes=0- -> Serving 4579734 bytes for Loose_spotdown.org.mp3
[2026-05-06T10:23:51.167Z] File system change detected: change Loose_spotdown.org.mp3. Notifying clients.
[2026-05-06T10:23:52.106Z] Range: bytes=0- -> Serving 6986070 bytes for Hold Me Down_spotdown.org.mp3
[2026-05-06T10:23:52.509Z] Range: bytes=0- -> Serving 6439208 bytes for Blessed_spotdown.org.mp3
[2026-05-06T10:23:53.156Z] Range: bytes=0- -> Serving 7593614 bytes for 3005_spotdown.org.mp3
[2026-05-06T10:23:53.656Z] Range: bytes=0- -> Serving 3117090 bytes for Belong to the City_spotdown.org.mp3
[2026-05-06T10:23:55.704Z] File system change detected: change Belong to the City_spotdown.org.mp3. Notifying clients.
[2026-05-06T10:23:57.056Z] Range: bytes=0- -> Serving 7593614 bytes for 3005_spotdown.org.mp3
[2026-05-06T10:23:57.424Z] Range: bytes=0- -> Serving 6439208 bytes for Blessed_spotdown.org.mp3
[2026-05-06T10:23:58.016Z] Range: bytes=0- -> Serving 6986070 bytes for Hold Me Down_spotdown.org.mp3
[2026-05-06T10:23:58.514Z] Range: bytes=0- -> Serving 4579734 bytes for Loose_spotdown.org.mp3
[2026-05-06T10:23:58.548Z] Range: bytes=0- -> Serving 7929222 bytes for We Find Love_spotdown.org.mp3
[2026-05-06T10:23:58.576Z] Range: bytes=0- -> Serving 9757747 bytes for All I Want Is You (feat. J. Cole)_spotdown.org.mp3
[2026-05-06T10:23:58.632Z] Range: bytes=0- -> Serving 2830222 bytes for Girl With The Tattoo Enter.lewd_spotdown.org.mp3
[2026-05-06T10:23:59.499Z] Range: bytes=0- -> Serving 5996457 bytes for Sure Thing_spotdown.org.mp3
[2026-05-06T10:24:00.666Z] Range: bytes=0- -> Serving 6575871 bytes for Bound 2_spotdown.org.mp3
[2026-05-06T10:24:01.514Z] Range: bytes=0- -> Serving 4043230 bytes for C U Girl_spotdown.org.mp3
[2026-05-06T10:24:02.116Z] Range: bytes=0- -> Serving 6685334 bytes for Chanel_spotdown.org.mp3
[2026-05-06T10:24:10.566Z] Range: bytes=0- -> Serving 5592314 bytes for CYANIDE_spotdown.org.mp3
[2026-05-06T10:24:11.599Z] Range: bytes=0- -> Serving 4883770 bytes for Dark Red_spotdown.org.mp3
[2026-05-06T10:24:14.152Z] Range: bytes=0- -> Serving 6287957 bytes for Don't_spotdown.org.mp3
[2026-05-06T10:24:14.992Z] Range: bytes=0- -> Serving 8383654 bytes for Ghost Town_spotdown.org.mp3
[2026-05-06T10:24:32.536Z] Range: bytes=0- -> Serving 6293309 bytes for Violent Crimes_spotdown.org.mp3
[2026-05-06T10:24:38.551Z] Range: bytes=0- -> Serving 6086153 bytes for Evergreen (You Didn’t Deserve Me At All)_spotdown.org.mp3
[2026-05-06T10:24:39.136Z] Range: bytes=0- -> Serving 6969282 bytes for Give You the World_spotdown.org.mp3
[2026-05-06T10:24:40.084Z] Range: bytes=0- -> Serving 8547264 bytes for Sunshine (feat. Fousheé)_spotdown.org.mp3
[2026-05-06T10:24:41.264Z] Range: bytes=0- -> Serving 4523087 bytes for Static_spotdown.org.mp3
[2026-05-06T10:24:41.894Z] Range: bytes=0- -> Serving 5319374 bytes for Godspeed_spotdown.org.mp3
[2026-05-06T10:24:42.296Z] Range: bytes=0- -> Serving 7533813 bytes for Ivy_spotdown.org.mp3
[2026-05-06T10:24:42.776Z] Range: bytes=0- -> Serving 8998579 bytes for Nights_spotdown.org.mp3
[2026-05-06T10:24:42.815Z] Range: bytes=0- -> Serving 5568328 bytes for Pink + White_spotdown.org.mp3
[2026-05-06T10:24:42.879Z] Range: bytes=0- -> Serving 4449856 bytes for Infrunami_spotdown.org.mp3
[2026-05-06T10:24:42.939Z] Range: bytes=0- -> Serving 6958202 bytes for Lost_spotdown.org.mp3
[2026-05-06T10:24:43.003Z] Range: bytes=0- -> Serving 5862007 bytes for Thinkin Bout You_spotdown.org.mp3
[2026-05-06T10:24:43.062Z] Range: bytes=0- -> Serving 5507779 bytes for Moon River_spotdown.org.mp3
[2026-05-06T10:24:43.115Z] Range: bytes=0- -> Serving 11391889 bytes for Me and Your Mama_spotdown.org.mp3
[2026-05-06T10:24:43.175Z] Range: bytes=0- -> Serving 7446466 bytes for N Side_spotdown.org.mp3
[2026-05-06T10:24:43.246Z] Range: bytes=0- -> Serving 9331015 bytes for Passionfruit_spotdown.org.mp3
[2026-05-06T10:24:43.303Z] Range: bytes=0- -> Serving 7372180 bytes for She_spotdown.org.mp3
[2026-05-06T10:24:43.337Z] Range: bytes=0- -> Serving 5685315 bytes for SLOW DANCING IN THE DARK_spotdown.org.mp3
[2026-05-06T10:24:43.395Z] Range: bytes=0- -> Serving 5859102 bytes for Superpowers_spotdown.org.mp3
[2026-05-06T10:24:44.483Z] File system change detected: change Ivy_spotdown.org.mp3. Notifying clients.
[2026-05-06T10:24:54.288Z] Range: bytes=0- -> Serving 3620189 bytes for White (feat. Frank Ocean)_spotdown.org.mp3
[2026-05-06T10:24:54.791Z] Range: bytes=0- -> Serving 2743387 bytes for Wildfire (feat. Frank Ocean)_spotdown.org.mp3
[2026-05-06T10:24:54.824Z] Range: bytes=0- -> Serving 3515974 bytes for Yebba’s Heartbreak_spotdown.org.mp3
[2026-05-06T10:24:56.375Z] File system change detected: change White (feat. Frank Ocean)_spotdown.org.mp3. Notifying clients.
[2026-05-06T10:25:48.221Z] Range: bytes=0- -> Serving 5685315 bytes for SLOW DANCING IN THE DARK_spotdown.org.mp3
[2026-05-06T13:33:48.068Z] Range: bytes=262144- -> Serving 5423171 bytes for SLOW DANCING IN THE DARK_spotdown.org.mp3
[2026-05-06T13:33:51.482Z] Range: bytes=98304- -> Serving 5587011 bytes for SLOW DANCING IN THE DARK_spotdown.org.mp3
[2026-05-06T13:33:52.229Z] Range: bytes=0- -> Serving 7372180 bytes for She_spotdown.org.mp3
[2026-05-06T13:33:54.375Z] File system change detected: change She_spotdown.org.mp3. Notifying clients.
[2026-05-06T14:20:10.179Z] File system change detected: change Yebba’s Heartbreak_spotdown.org.mp3. Notifying clients.
[2026-05-06T16:41:31.182Z] File system change detected: change 3005_spotdown.org.mp3. Notifying clients.
[2026-05-06T16:41:41.684Z] File system change detected: change Sure Thing_spotdown.org.mp3. Notifying clients.
[2026-05-07T08:20:37.814Z] Range: bytes=4128768- -> Serving 3243412 bytes for She_spotdown.org.mp3
[2026-05-07T08:20:37.837Z] Range: bytes=3637248- -> Serving 3734932 bytes for She_spotdown.org.mp3
[2026-05-07T08:20:37.909Z] Range: bytes=3276800- -> Serving 4095380 bytes for She_spotdown.org.mp3
[2026-05-07T08:20:38.007Z] Range: bytes=2916352- -> Serving 4455828 bytes for She_spotdown.org.mp3
[2026-05-07T08:20:38.057Z] Range: bytes=2654208- -> Serving 4717972 bytes for She_spotdown.org.mp3
[2026-05-07T08:20:38.070Z] Range: bytes=2326528- -> Serving 5045652 bytes for She_spotdown.org.mp3
[2026-05-07T08:20:38.080Z] Range: bytes=1802240- -> Serving 5569940 bytes for She_spotdown.org.mp3
[2026-05-07T08:20:38.101Z] Range: bytes=1474560- -> Serving 5897620 bytes for She_spotdown.org.mp3
[2026-05-07T08:20:38.113Z] Range: bytes=1114112- -> Serving 6258068 bytes for She_spotdown.org.mp3
[2026-05-07T08:20:38.132Z] Range: bytes=851968- -> Serving 6520212 bytes for She_spotdown.org.mp3
[2026-05-07T08:20:38.153Z] Range: bytes=622592- -> Serving 6749588 bytes for She_spotdown.org.mp3
[2026-05-07T08:20:38.163Z] Range: bytes=360448- -> Serving 7011732 bytes for She_spotdown.org.mp3
[2026-05-07T08:20:38.181Z] Range: bytes=196608- -> Serving 7175572 bytes for She_spotdown.org.mp3
[2026-05-07T08:20:38.198Z] Range: bytes=131072- -> Serving 7241108 bytes for She_spotdown.org.mp3
[2026-05-07T08:20:39.928Z] File system change detected: change She_spotdown.org.mp3. Notifying clients.
[2026-05-07T08:20:44.436Z] Range: bytes=327680- -> Serving 7044500 bytes for She_spotdown.org.mp3
[2026-05-07T08:23:17.898Z] Range: bytes=4685824- -> Serving 2686356 bytes for She_spotdown.org.mp3
[2026-05-07T09:23:21.276Z] File system change detected: change Ghost Town_spotdown.org.mp3. Notifying clients.
[2026-05-08T05:57:43.192Z] File system change detected: change C U Girl_spotdown.org.mp3. Notifying clients.
